solid CATIA STL
  facet normal  3.307778e-016 -6.122962e-017 -9.999999e-001
    outer loop
      vertex  1.320455e+000  5.424591e-001  0.000000e+000
      vertex  1.320455e+000  5.375409e-001  3.011403e-019
      vertex  1.320000e+000  5.400000e-001  1.392216e-032
    endloop
  endfacet
  facet normal -4.079711e-016 -6.123122e-017 -1.000000e+000
    outer loop
      vertex  1.440000e+000  5.400000e-001  1.392216e-032
      vertex  1.439700e+000  5.380041e-001  2.444241e-019
      vertex  1.439700e+000  5.419959e-001  0.000000e+000
    endloop
  endfacet
  facet normal -1.354237e-016 -6.123122e-017 -1.000000e+000
    outer loop
      vertex  1.439700e+000  5.419959e-001  0.000000e+000
      vertex  1.439700e+000  5.380041e-001  2.444241e-019
      vertex  1.438814e+000  5.360423e-001  4.846666e-019
    endloop
  endfacet
  facet normal -1.354329e-016 -6.122985e-017 -9.999999e-001
    outer loop
      vertex  1.439700e+000  5.419959e-001  0.000000e+000
      vertex  1.438814e+000  5.360423e-001  4.846666e-019
      vertex  1.438814e+000  5.439578e-001  0.000000e+000
    endloop
  endfacet
  facet normal -7.972020e-017 -6.122985e-017 -1.000000e+000
    outer loop
      vertex  1.438814e+000  5.439578e-001  0.000000e+000
      vertex  1.438814e+000  5.360423e-001  4.846666e-019
      vertex  1.437283e+000  5.340497e-001  7.286700e-019
    endloop
  endfacet
  facet normal -7.971834e-017 -6.123013e-017 -1.000000e+000
    outer loop
      vertex  1.438814e+000  5.439578e-001  0.000000e+000
      vertex  1.437283e+000  5.340497e-001  7.286700e-019
      vertex  1.437283e+000  5.459503e-001  0.000000e+000
    endloop
  endfacet
  facet normal -5.547844e-017 -6.123013e-017 -1.000000e+000
    outer loop
      vertex  1.437283e+000  5.459503e-001  0.000000e+000
      vertex  1.437283e+000  5.340497e-001  7.286700e-019
      vertex  1.435194e+000  5.321566e-001  9.605074e-019
    endloop
  endfacet
  facet normal -5.547654e-017 -6.123042e-017 -1.000000e+000
    outer loop
      vertex  1.437283e+000  5.459503e-001  0.000000e+000
      vertex  1.435194e+000  5.321566e-001  9.605074e-019
      vertex  1.435194e+000  5.478434e-001  0.000000e+000
    endloop
  endfacet
  facet normal -4.142278e-017 -6.123042e-017 -1.000000e+000
    outer loop
      vertex  1.435194e+000  5.478434e-001  0.000000e+000
      vertex  1.435194e+000  5.321566e-001  9.605074e-019
      vertex  1.432287e+000  5.301904e-001  1.201297e-018
    endloop
  endfacet
  facet normal -4.142250e-017 -6.123047e-017 -1.000000e+000
    outer loop
      vertex  1.435194e+000  5.478434e-001  0.000000e+000
      vertex  1.432287e+000  5.301904e-001  1.201297e-018
      vertex  1.432287e+000  5.498096e-001  0.000000e+000
    endloop
  endfacet
  facet normal -3.212694e-017 -6.123047e-017 -9.999999e-001
    outer loop
      vertex  1.432287e+000  5.498096e-001  0.000000e+000
      vertex  1.432287e+000  5.301904e-001  1.201297e-018
      vertex  1.428858e+000  5.283912e-001  1.421628e-018
    endloop
  endfacet
  facet normal -3.212687e-017 -6.123048e-017 -1.000000e+000
    outer loop
      vertex  1.432287e+000  5.498096e-001  0.000000e+000
      vertex  1.428858e+000  5.283912e-001  1.421628e-018
      vertex  1.428858e+000  5.516089e-001  0.000000e+000
    endloop
  endfacet
  facet normal -2.320427e-017 -6.123048e-017 -1.000000e+000
    outer loop
      vertex  1.428858e+000  5.516089e-001  0.000000e+000
      vertex  1.428858e+000  5.283912e-001  1.421628e-018
      vertex  1.420777e+000  5.253286e-001  1.796675e-018
    endloop
  endfacet
  facet normal -2.320484e-017 -6.123030e-017 -9.999999e-001
    outer loop
      vertex  1.428858e+000  5.516089e-001  0.000000e+000
      vertex  1.420777e+000  5.253286e-001  1.796675e-018
      vertex  1.420777e+000  5.546715e-001  0.000000e+000
    endloop
  endfacet
  facet normal -1.524290e-017 -6.123030e-017 -1.000000e+000
    outer loop
      vertex  1.420777e+000  5.546715e-001  0.000000e+000
      vertex  1.420777e+000  5.253286e-001  1.796675e-018
      vertex  1.410627e+000  5.228019e-001  2.106092e-018
    endloop
  endfacet
  facet normal -1.524295e-017 -6.123029e-017 -1.000000e+000
    outer loop
      vertex  1.420777e+000  5.546715e-001  0.000000e+000
      vertex  1.410627e+000  5.228019e-001  2.106092e-018
      vertex  1.410627e+000  5.571982e-001  0.000000e+000
    endloop
  endfacet
  facet normal -9.468269e-018 -6.123029e-017 -1.000000e+000
    outer loop
      vertex  1.410627e+000  5.571982e-001  0.000000e+000
      vertex  1.410627e+000  5.228019e-001  2.106092e-018
      vertex  1.399613e+000  5.210987e-001  2.314672e-018
    endloop
  endfacet
  facet normal -9.468326e-018 -6.123028e-017 -1.000000e+000
    outer loop
      vertex  1.410627e+000  5.571982e-001  0.000000e+000
      vertex  1.399613e+000  5.210987e-001  2.314672e-018
      vertex  1.399613e+000  5.589014e-001  0.000000e+000
    endloop
  endfacet
  facet normal -4.873538e-018 -6.123027e-017 -1.000000e+000
    outer loop
      vertex  1.399613e+000  5.589014e-001  0.000000e+000
      vertex  1.399613e+000  5.210987e-001  2.314672e-018
      vertex  1.388121e+000  5.201841e-001  2.426673e-018
    endloop
  endfacet
  facet normal -4.873142e-018 -6.123039e-017 -1.000000e+000
    outer loop
      vertex  1.399613e+000  5.589014e-001  0.000000e+000
      vertex  1.388121e+000  5.201841e-001  2.426673e-018
      vertex  1.388121e+000  5.598159e-001  0.000000e+000
    endloop
  endfacet
  facet normal -8.434729e-021 -6.123040e-017 -1.000000e+000
    outer loop
      vertex  1.388121e+000  5.598159e-001  0.000000e+000
      vertex  1.388121e+000  5.201841e-001  2.426673e-018
      vertex  1.371928e+000  5.201818e-001  2.426948e-018
    endloop
  endfacet
  facet normal -8.539153e-021 -6.123034e-017 -9.999999e-001
    outer loop
      vertex  1.388121e+000  5.598159e-001  0.000000e+000
      vertex  1.371928e+000  5.201818e-001  2.426948e-018
      vertex  1.371928e+000  5.598182e-001  0.000000e+000
    endloop
  endfacet
  facet normal  4.204328e-018 -6.123035e-017 -1.000000e+000
    outer loop
      vertex  1.371928e+000  5.598182e-001  0.000000e+000
      vertex  1.371928e+000  5.201818e-001  2.426948e-018
      vertex  1.363919e+000  5.207317e-001  2.359600e-018
    endloop
  endfacet
  facet normal  4.203953e-018 -6.123026e-017 -1.000000e+000
    outer loop
      vertex  1.371928e+000  5.598182e-001  0.000000e+000
      vertex  1.363919e+000  5.207317e-001  2.359600e-018
      vertex  1.363919e+000  5.592683e-001  0.000000e+000
    endloop
  endfacet
  facet normal  7.233553e-018 -6.123027e-017 -1.000000e+000
    outer loop
      vertex  1.363919e+000  5.592683e-001  0.000000e+000
      vertex  1.363919e+000  5.207317e-001  2.359600e-018
      vertex  1.356091e+000  5.216565e-001  2.246364e-018
    endloop
  endfacet
  facet normal  7.233615e-018 -6.123028e-017 -1.000000e+000
    outer loop
      vertex  1.363919e+000  5.592683e-001  0.000000e+000
      vertex  1.356091e+000  5.216565e-001  2.246364e-018
      vertex  1.356091e+000  5.583436e-001  0.000000e+000
    endloop
  endfacet
  facet normal  1.059437e-017 -6.123028e-017 -1.000000e+000
    outer loop
      vertex  1.356091e+000  5.583436e-001  0.000000e+000
      vertex  1.356091e+000  5.216565e-001  2.246364e-018
      vertex  1.348755e+000  5.229259e-001  2.090913e-018
    endloop
  endfacet
  facet normal  1.059458e-017 -6.123032e-017 -9.999999e-001
    outer loop
      vertex  1.356091e+000  5.583436e-001  0.000000e+000
      vertex  1.348755e+000  5.229259e-001  2.090913e-018
      vertex  1.348755e+000  5.570742e-001  0.000000e+000
    endloop
  endfacet
  facet normal  1.453306e-017 -6.123033e-017 -1.000000e+000
    outer loop
      vertex  1.348755e+000  5.570742e-001  0.000000e+000
      vertex  1.348755e+000  5.229259e-001  2.090913e-018
      vertex  1.341817e+000  5.245726e-001  1.889253e-018
    endloop
  endfacet
  facet normal  1.453299e-017 -6.123031e-017 -1.000000e+000
    outer loop
      vertex  1.348755e+000  5.570742e-001  0.000000e+000
      vertex  1.341817e+000  5.245726e-001  1.889253e-018
      vertex  1.341817e+000  5.554274e-001  0.000000e+000
    endloop
  endfacet
  facet normal  1.883321e-017 -6.123031e-017 -1.000000e+000
    outer loop
      vertex  1.341817e+000  5.554274e-001  0.000000e+000
      vertex  1.341817e+000  5.245726e-001  1.889253e-018
      vertex  1.336930e+000  5.260759e-001  1.705161e-018
    endloop
  endfacet
  facet normal  1.883390e-017 -6.123042e-017 -1.000000e+000
    outer loop
      vertex  1.341817e+000  5.554274e-001  0.000000e+000
      vertex  1.336930e+000  5.260759e-001  1.705161e-018
      vertex  1.336930e+000  5.539241e-001  0.000000e+000
    endloop
  endfacet
  facet normal  2.360331e-017 -6.123042e-017 -1.000000e+000
    outer loop
      vertex  1.336930e+000  5.539241e-001  0.000000e+000
      vertex  1.336930e+000  5.260759e-001  1.705161e-018
      vertex  1.332449e+000  5.278031e-001  1.493639e-018
    endloop
  endfacet
  facet normal  2.360253e-017 -6.123029e-017 -1.000000e+000
    outer loop
      vertex  1.336930e+000  5.539241e-001  0.000000e+000
      vertex  1.332449e+000  5.278031e-001  1.493639e-018
      vertex  1.332449e+000  5.521969e-001  0.000000e+000
    endloop
  endfacet
  facet normal  3.286054e-017 -6.123028e-017 -9.999999e-001
    outer loop
      vertex  1.332449e+000  5.521969e-001  0.000000e+000
      vertex  1.332449e+000  5.278031e-001  1.493639e-018
      vertex  1.326124e+000  5.311977e-001  1.077942e-018
    endloop
  endfacet
  facet normal  3.286031e-017 -6.123022e-017 -1.000000e+000
    outer loop
      vertex  1.332449e+000  5.521969e-001  0.000000e+000
      vertex  1.326124e+000  5.311977e-001  1.077942e-018
      vertex  1.326124e+000  5.488024e-001  0.000000e+000
    endloop
  endfacet
  facet normal  4.778408e-017 -6.123023e-017 -1.000000e+000
    outer loop
      vertex  1.326124e+000  5.488024e-001  0.000000e+000
      vertex  1.326124e+000  5.311977e-001  1.077942e-018
      vertex  1.323672e+000  5.331110e-001  8.436284e-019
    endloop
  endfacet
  facet normal  4.778464e-017 -6.123030e-017 -1.000000e+000
    outer loop
      vertex  1.326124e+000  5.488024e-001  0.000000e+000
      vertex  1.323672e+000  5.331110e-001  8.436284e-019
      vertex  1.323672e+000  5.468890e-001  0.000000e+000
    endloop
  endfacet
  facet normal  6.634354e-017 -6.123030e-017 -1.000000e+000
    outer loop
      vertex  1.323672e+000  5.468890e-001  0.000000e+000
      vertex  1.323672e+000  5.331110e-001  8.436284e-019
      vertex  1.321795e+000  5.351444e-001  5.946160e-019
    endloop
  endfacet
  facet normal  6.634183e-017 -6.123003e-017 -1.000000e+000
    outer loop
      vertex  1.323672e+000  5.468890e-001  0.000000e+000
      vertex  1.321795e+000  5.351444e-001  5.946160e-019
      vertex  1.321795e+000  5.448556e-001  0.000000e+000
    endloop
  endfacet
  facet normal  1.095194e-016 -6.123003e-017 -9.999999e-001
    outer loop
      vertex  1.321795e+000  5.448556e-001  0.000000e+000
      vertex  1.321795e+000  5.351444e-001  5.946160e-019
      vertex  1.320455e+000  5.375409e-001  3.011403e-019
    endloop
  endfacet
  facet normal  1.095171e-016 -6.122961e-017 -9.999999e-001
    outer loop
      vertex  1.321795e+000  5.448556e-001  0.000000e+000
      vertex  1.320455e+000  5.375409e-001  3.011403e-019
      vertex  1.320455e+000  5.424591e-001  0.000000e+000
    endloop
  endfacet
  facet normal -9.510098e-001  3.091415e-001 -3.459498e-003
    outer loop
      vertex -5.285291e-001 -7.771584e-002  0.000000e+000
      vertex -5.273164e-001 -7.342567e-002  5.000000e-002
      vertex -5.257576e-001 -6.918976e-002  0.000000e+000
    endloop
  endfacet
  facet normal -9.268354e-001  3.754567e-001  2.912282e-003
    outer loop
      vertex -5.273164e-001 -7.342567e-002  5.000000e-002
      vertex -5.241234e-001 -6.554374e-002  5.000000e-002
      vertex -5.257576e-001 -6.918976e-002  0.000000e+000
    endloop
  endfacet
  facet normal -8.954418e-001  4.451673e-001 -3.197042e-003
    outer loop
      vertex -5.216012e-001 -6.082946e-002  0.000000e+000
      vertex -5.257576e-001 -6.918976e-002  0.000000e+000
      vertex -5.241234e-001 -6.554374e-002  5.000000e-002
    endloop
  endfacet
  facet normal -8.697106e-001  4.935547e-001  2.663197e-003
    outer loop
      vertex -5.241234e-001 -6.554374e-002  5.000000e-002
      vertex -5.197122e-001 -5.777051e-002  5.000000e-002
      vertex -5.216012e-001 -6.082946e-002  0.000000e+000
    endloop
  endfacet
  facet normal -8.284624e-001  5.600370e-001 -2.962502e-003
    outer loop
      vertex -5.159234e-001 -5.243021e-002  0.000000e+000
      vertex -5.216012e-001 -6.082946e-002  0.000000e+000
      vertex -5.197122e-001 -5.777051e-002  5.000000e-002
    endloop
  endfacet
  facet normal -8.067775e-001  5.908522e-001  1.971951e-003
    outer loop
      vertex -5.197122e-001 -5.777051e-002  5.000000e-002
      vertex -5.143108e-001 -5.039523e-002  5.000000e-002
      vertex -5.159234e-001 -5.243021e-002  0.000000e+000
    endloop
  endfacet
  facet normal -4.171874e-001  9.088181e-001 -2.082439e-003
    outer loop
      vertex -4.618283e-001 -1.152487e-002  0.000000e+000
      vertex -4.522204e-001 -6.999853e-003  5.000000e-002
      vertex -4.472045e-001 -4.811903e-003  0.000000e+000
    endloop
  endfacet
  facet normal -3.762344e-001  9.265203e-001  2.800519e-003
    outer loop
      vertex -4.472045e-001 -4.811903e-003  0.000000e+000
      vertex -4.522204e-001 -6.999853e-003  5.000000e-002
      vertex -4.324916e-001  1.011478e-003  5.000000e-002
    endloop
  endfacet
  facet normal -1.723640e-001  9.850321e-001  1.578880e-003
    outer loop
      vertex -3.630820e-001  1.977820e-002  0.000000e+000
      vertex -3.674023e-001  1.894207e-002  5.000000e-002
      vertex -3.440636e-001  2.302596e-002  5.000000e-002
    endloop
  endfacet
  facet normal -1.606634e-001  9.870047e-001 -2.999749e-003
    outer loop
      vertex -3.630820e-001  1.977820e-002  0.000000e+000
      vertex -3.440636e-001  2.302596e-002  5.000000e-002
      vertex -3.354836e-001  2.427063e-002  0.000000e+000
    endloop
  endfacet
  facet normal -1.275925e-001  9.918228e-001  2.795141e-003
    outer loop
      vertex -3.354836e-001  2.427063e-002  0.000000e+000
      vertex -3.440636e-001  2.302596e-002  5.000000e-002
      vertex -3.167258e-001  2.654281e-002  5.000000e-002
    endloop
  endfacet
  facet normal -1.124479e-001  9.936531e-001 -2.969626e-003
    outer loop
      vertex -3.354836e-001  2.427063e-002  0.000000e+000
      vertex -3.167258e-001  2.654281e-002  5.000000e-002
      vertex -3.072916e-001  2.746100e-002  0.000000e+000
    endloop
  endfacet
  facet normal -8.198115e-002  9.966298e-001  2.833587e-003
    outer loop
      vertex -3.072916e-001  2.746100e-002  0.000000e+000
      vertex -3.167258e-001  2.654281e-002  5.000000e-002
      vertex -2.886946e-001  2.884861e-002  5.000000e-002
    endloop
  endfacet
  facet normal -6.657152e-002  9.977773e-001 -2.929721e-003
    outer loop
      vertex -3.072916e-001  2.746100e-002  0.000000e+000
      vertex -2.886946e-001  2.884861e-002  5.000000e-002
      vertex -2.787317e-001  2.936652e-002  0.000000e+000
    endloop
  endfacet
  facet normal -9.999148e-001 -1.305532e-002  -0.000000e+000
    outer loop
      vertex -5.297568e-001 -9.500001e-002  0.000000e+000
      vertex -5.297568e-001 -9.500001e-002  5.000000e-002
      vertex -5.298699e-001 -8.634242e-002  0.000000e+000
    endloop
  endfacet
  facet normal -9.986777e-001 -5.098708e-002 -6.570739e-003
    outer loop
      vertex -5.298699e-001 -8.634242e-002  0.000000e+000
      vertex -5.297568e-001 -9.500001e-002  5.000000e-002
      vertex -5.299994e-001 -9.024914e-002  5.000000e-002
    endloop
  endfacet
  facet normal -9.991454e-001  4.132903e-002  6.410907e-004
    outer loop
      vertex -5.298699e-001 -8.634242e-002  0.000000e+000
      vertex -5.299994e-001 -9.024914e-002  5.000000e-002
      vertex -5.298029e-001 -8.549787e-002  5.000000e-002
    endloop
  endfacet
  facet normal -9.881346e-001  1.535847e-001 -1.269798e-003
    outer loop
      vertex -5.298699e-001 -8.634242e-002  0.000000e+000
      vertex -5.298029e-001 -8.549787e-002  5.000000e-002
      vertex -5.285291e-001 -7.771584e-002  0.000000e+000
    endloop
  endfacet
  facet normal -9.894087e-001  1.451331e-001 -2.617673e-003
    outer loop
      vertex -5.285291e-001 -7.771584e-002  0.000000e+000
      vertex -5.298029e-001 -8.549787e-002  5.000000e-002
      vertex -5.289155e-001 -7.944831e-002  5.000000e-002
    endloop
  endfacet
  facet normal -9.665097e-001  2.566262e-001  1.422442e-003
    outer loop
      vertex -5.285291e-001 -7.771584e-002  0.000000e+000
      vertex -5.289155e-001 -7.944831e-002  5.000000e-002
      vertex -5.273164e-001 -7.342567e-002  5.000000e-002
    endloop
  endfacet
  facet normal -7.568688e-001  6.535632e-001 -2.189962e-003
    outer loop
      vertex -5.159234e-001 -5.243021e-002  0.000000e+000
      vertex -5.143108e-001 -5.039523e-002  5.000000e-002
      vertex -5.089260e-001 -4.432682e-002  0.000000e+000
    endloop
  endfacet
  facet normal -7.428669e-001  6.694379e-001  1.244668e-003
    outer loop
      vertex -5.089260e-001 -4.432682e-002  0.000000e+000
      vertex -5.143108e-001 -5.039523e-002  5.000000e-002
      vertex -5.078126e-001 -4.318429e-002  5.000000e-002
    endloop
  endfacet
  facet normal -6.866353e-001  7.270008e-001 -1.322815e-003
    outer loop
      vertex -5.089260e-001 -4.432682e-002  0.000000e+000
      vertex -5.078126e-001 -4.318429e-002  5.000000e-002
      vertex -5.007078e-001 -3.656489e-002  0.000000e+000
    endloop
  endfacet
  facet normal -6.897792e-001  7.240164e-001 -2.164645e-003
    outer loop
      vertex -5.007078e-001 -3.656489e-002  0.000000e+000
      vertex -5.078126e-001 -4.318429e-002  5.000000e-002
      vertex -5.027700e-001 -3.838008e-002  5.000000e-002
    endloop
  endfacet
  facet normal -6.204063e-001  7.842752e-001  2.884190e-003
    outer loop
      vertex -5.007078e-001 -3.656489e-002  0.000000e+000
      vertex -5.027700e-001 -3.838008e-002  5.000000e-002
      vertex -4.913735e-001 -2.918094e-002  0.000000e+000
    endloop
  endfacet
  facet normal -6.479803e-001  7.616194e-001 -7.569035e-003
    outer loop
      vertex -4.913735e-001 -2.918094e-002  0.000000e+000
      vertex -5.027700e-001 -3.838008e-002  5.000000e-002
      vertex -4.972402e-001 -3.367535e-002  5.000000e-002
    endloop
  endfacet
  facet normal -5.690071e-001  8.223016e-001  7.151772e-003
    outer loop
      vertex -4.913735e-001 -2.918094e-002  0.000000e+000
      vertex -4.972402e-001 -3.367535e-002  5.000000e-002
      vertex -4.845834e-001 -2.448242e-002  0.000000e+000
    endloop
  endfacet
  facet normal -5.881909e-001  8.087222e-001 -2.009909e-004
    outer loop
      vertex -4.845834e-001 -2.448242e-002  0.000000e+000
      vertex -4.972402e-001 -3.367535e-002  5.000000e-002
      vertex -4.847627e-001 -2.460040e-002  5.000000e-002
    endloop
  endfacet
  facet normal -5.305987e-001  8.476232e-001  9.730951e-005
    outer loop
      vertex -4.845834e-001 -2.448242e-002  0.000000e+000
      vertex -4.847627e-001 -2.460040e-002  5.000000e-002
      vertex -4.773760e-001 -1.997071e-002  0.000000e+000
    endloop
  endfacet
  facet normal -5.310307e-001  8.473525e-001  8.436233e-006
    outer loop
      vertex -4.773760e-001 -1.997071e-002  0.000000e+000
      vertex -4.847627e-001 -2.460040e-002  5.000000e-002
      vertex -4.773580e-001 -1.995992e-002  5.000000e-002
    endloop
  endfacet
  facet normal -4.773386e-001  8.787194e-001 -1.766519e-005
    outer loop
      vertex -4.773760e-001 -1.997071e-002  0.000000e+000
      vertex -4.773580e-001 -1.995992e-002  5.000000e-002
      vertex -4.618283e-001 -1.152487e-002  0.000000e+000
    endloop
  endfacet
  facet normal -4.936678e-001  8.696253e-001 -6.623604e-003
    outer loop
      vertex -4.618283e-001 -1.152487e-002  0.000000e+000
      vertex -4.773580e-001 -1.995992e-002  5.000000e-002
      vertex -4.694543e-001 -1.547317e-002  5.000000e-002
    endloop
  endfacet
  facet normal -4.412169e-001  8.973935e-001  3.568947e-003
    outer loop
      vertex -4.618283e-001 -1.152487e-002  0.000000e+000
      vertex -4.694543e-001 -1.547317e-002  5.000000e-002
      vertex -4.522204e-001 -6.999853e-003  5.000000e-002
    endloop
  endfacet
  facet normal -3.164049e-001  9.486218e-001  2.165151e-003
    outer loop
      vertex -4.110434e-001  8.165331e-003  5.000000e-002
      vertex -4.154302e-001  6.816277e-003  0.000000e+000
      vertex -4.324916e-001  1.011478e-003  5.000000e-002
    endloop
  endfacet
  facet normal -3.209933e-001  9.470814e-001  4.206187e-004
    outer loop
      vertex -4.324916e-001  1.011478e-003  5.000000e-002
      vertex -4.154302e-001  6.816277e-003  0.000000e+000
      vertex -4.316995e-001  1.302165e-003  0.000000e+000
    endloop
  endfacet
  facet normal -3.668367e-001  9.302852e-001 -4.033219e-004
    outer loop
      vertex -4.324916e-001  1.011478e-003  5.000000e-002
      vertex -4.316995e-001  1.302165e-003  0.000000e+000
      vertex -4.472045e-001 -4.811903e-003  0.000000e+000
    endloop
  endfacet
  facet normal -2.165994e-001  9.762577e-001 -2.390121e-003
    outer loop
      vertex -3.674023e-001  1.894207e-002  5.000000e-002
      vertex -3.630820e-001  1.977820e-002  0.000000e+000
      vertex -3.897895e-001  1.397510e-002  5.000000e-002
    endloop
  endfacet
  facet normal -2.123687e-001  9.771897e-001 -2.213503e-005
    outer loop
      vertex -3.897895e-001  1.397510e-002  5.000000e-002
      vertex -3.630820e-001  1.977820e-002  0.000000e+000
      vertex -3.898287e-001  1.396544e-002  0.000000e+000
    endloop
  endfacet
  facet normal -2.636761e-001  9.646113e-001  2.056739e-005
    outer loop
      vertex -3.897895e-001  1.397510e-002  5.000000e-002
      vertex -3.898287e-001  1.396544e-002  0.000000e+000
      vertex -4.110434e-001  8.165331e-003  5.000000e-002
    endloop
  endfacet
  facet normal -2.541558e-001  9.671534e-001  4.354885e-003
    outer loop
      vertex -4.110434e-001  8.165331e-003  5.000000e-002
      vertex -3.898287e-001  1.396544e-002  0.000000e+000
      vertex -4.027924e-001  1.055874e-002  0.000000e+000
    endloop
  endfacet
  facet normal -2.839433e-001  9.588405e-001 -9.585950e-004
    outer loop
      vertex -4.110434e-001  8.165331e-003  5.000000e-002
      vertex -4.027924e-001  1.055874e-002  0.000000e+000
      vertex -4.154302e-001  6.816277e-003  0.000000e+000
    endloop
  endfacet
  facet normal -7.855474e-003  9.999692e-001  0.000000e+000
    outer loop
      vertex -2.500000e-001  3.000000e-002  5.000000e-002
      vertex -2.500000e-001  3.000000e-002  0.000000e+000
      vertex -2.602614e-001  2.991939e-002  5.000000e-002
    endloop
  endfacet
  facet normal -2.204281e-002  9.997528e-001 -2.911974e-003
    outer loop
      vertex -2.602614e-001  2.991939e-002  5.000000e-002
      vertex -2.500000e-001  3.000000e-002  0.000000e+000
      vertex -2.787317e-001  2.936652e-002  0.000000e+000
    endloop
  endfacet
  facet normal -3.763279e-002  9.992875e-001  2.852210e-003
    outer loop
      vertex -2.602614e-001  2.991939e-002  5.000000e-002
      vertex -2.787317e-001  2.936652e-002  0.000000e+000
      vertex -2.886946e-001  2.884861e-002  5.000000e-002
    endloop
  endfacet
  facet normal -3.438104e-001 -9.390391e-001  -0.000000e+000
    outer loop
      vertex -5.176687e-001 -1.082757e-001  0.000000e+000
      vertex -5.176687e-001 -1.082757e-001  5.000000e-002
      vertex -5.221680e-001 -1.066283e-001  0.000000e+000
    endloop
  endfacet
  facet normal -3.438104e-001 -9.390391e-001  0.000000e+000
    outer loop
      vertex -5.221680e-001 -1.066283e-001  0.000000e+000
      vertex -5.176687e-001 -1.082757e-001  5.000000e-002
      vertex -5.221680e-001 -1.066283e-001  5.000000e-002
    endloop
  endfacet
  facet normal -6.223802e-001 -7.827151e-001  -0.000000e+000
    outer loop
      vertex -5.221680e-001 -1.066283e-001  0.000000e+000
      vertex -5.221680e-001 -1.066283e-001  5.000000e-002
      vertex -5.259184e-001 -1.036462e-001  0.000000e+000
    endloop
  endfacet
  facet normal -6.223802e-001 -7.827151e-001  0.000000e+000
    outer loop
      vertex -5.259184e-001 -1.036462e-001  0.000000e+000
      vertex -5.221680e-001 -1.066283e-001  5.000000e-002
      vertex -5.259184e-001 -1.036462e-001  5.000000e-002
    endloop
  endfacet
  facet normal -8.374442e-001 -5.465228e-001  -0.000000e+000
    outer loop
      vertex -5.259184e-001 -1.036462e-001  0.000000e+000
      vertex -5.259184e-001 -1.036462e-001  5.000000e-002
      vertex -5.285371e-001 -9.963363e-002  0.000000e+000
    endloop
  endfacet
  facet normal -8.374442e-001 -5.465228e-001  0.000000e+000
    outer loop
      vertex -5.285371e-001 -9.963363e-002  0.000000e+000
      vertex -5.259184e-001 -1.036462e-001  5.000000e-002
      vertex -5.285371e-001 -9.963363e-002  5.000000e-002
    endloop
  endfacet
  facet normal -9.670533e-001 -2.545740e-001  -0.000000e+000
    outer loop
      vertex -5.285371e-001 -9.963363e-002  0.000000e+000
      vertex -5.285371e-001 -9.963363e-002  5.000000e-002
      vertex -5.297568e-001 -9.500001e-002  0.000000e+000
    endloop
  endfacet
  facet normal -9.670533e-001 -2.545740e-001  0.000000e+000
    outer loop
      vertex -5.297568e-001 -9.500001e-002  0.000000e+000
      vertex -5.285371e-001 -9.963363e-002  5.000000e-002
      vertex -5.297568e-001 -9.500001e-002  5.000000e-002
    endloop
  endfacet
  facet normal -1.587999e-002 -9.998739e-001  -0.000000e+000
    outer loop
      vertex -2.903663e-001 -1.300000e-001  0.000000e+000
      vertex -2.903663e-001 -1.300000e-001  5.000000e-002
      vertex -3.284739e-001 -1.293948e-001  0.000000e+000
    endloop
  endfacet
  facet normal -1.587999e-002 -9.998739e-001  0.000000e+000
    outer loop
      vertex -3.284739e-001 -1.293948e-001  0.000000e+000
      vertex -2.903663e-001 -1.300000e-001  5.000000e-002
      vertex -3.284739e-001 -1.293948e-001  5.000000e-002
    endloop
  endfacet
  facet normal -4.762456e-002 -9.988653e-001  -0.000000e+000
    outer loop
      vertex -3.284739e-001 -1.293948e-001  0.000000e+000
      vertex -3.284739e-001 -1.293948e-001  5.000000e-002
      vertex -3.665431e-001 -1.275797e-001  0.000000e+000
    endloop
  endfacet
  facet normal -4.762456e-002 -9.988653e-001  0.000000e+000
    outer loop
      vertex -3.665431e-001 -1.275797e-001  0.000000e+000
      vertex -3.284739e-001 -1.293948e-001  5.000000e-002
      vertex -3.665431e-001 -1.275797e-001  5.000000e-002
    endloop
  endfacet
  facet normal -7.932089e-002 -9.968491e-001  -0.000000e+000
    outer loop
      vertex -3.665431e-001 -1.275797e-001  0.000000e+000
      vertex -3.665431e-001 -1.275797e-001  5.000000e-002
      vertex -4.045354e-001 -1.245566e-001  0.000000e+000
    endloop
  endfacet
  facet normal -7.932089e-002 -9.968491e-001  0.000000e+000
    outer loop
      vertex -4.045354e-001 -1.245566e-001  0.000000e+000
      vertex -3.665431e-001 -1.275797e-001  5.000000e-002
      vertex -4.045354e-001 -1.245566e-001  5.000000e-002
    endloop
  endfacet
  facet normal -1.109369e-001 -9.938274e-001  -0.000000e+000
    outer loop
      vertex -4.045354e-001 -1.245566e-001  0.000000e+000
      vertex -4.045354e-001 -1.245566e-001  5.000000e-002
      vertex -4.424125e-001 -1.203285e-001  0.000000e+000
    endloop
  endfacet
  facet normal -1.109369e-001 -9.938274e-001  0.000000e+000
    outer loop
      vertex -4.424125e-001 -1.203285e-001  0.000000e+000
      vertex -4.045354e-001 -1.245566e-001  5.000000e-002
      vertex -4.424125e-001 -1.203285e-001  5.000000e-002
    endloop
  endfacet
  facet normal -1.424415e-001 -9.898032e-001  -0.000000e+000
    outer loop
      vertex -4.424125e-001 -1.203285e-001  0.000000e+000
      vertex -4.424125e-001 -1.203285e-001  5.000000e-002
      vertex -4.801363e-001 -1.148997e-001  0.000000e+000
    endloop
  endfacet
  facet normal -1.424415e-001 -9.898032e-001  0.000000e+000
    outer loop
      vertex -4.801363e-001 -1.148997e-001  0.000000e+000
      vertex -4.424125e-001 -1.203285e-001  5.000000e-002
      vertex -4.801363e-001 -1.148997e-001  5.000000e-002
    endloop
  endfacet
  facet normal -1.738021e-001 -9.847805e-001  -0.000000e+000
    outer loop
      vertex -4.801363e-001 -1.148997e-001  0.000000e+000
      vertex -4.801363e-001 -1.148997e-001  5.000000e-002
      vertex -5.176687e-001 -1.082757e-001  0.000000e+000
    endloop
  endfacet
  facet normal -1.738021e-001 -9.847805e-001  0.000000e+000
    outer loop
      vertex -5.176687e-001 -1.082757e-001  0.000000e+000
      vertex -4.801363e-001 -1.148997e-001  5.000000e-002
      vertex -5.176687e-001 -1.082757e-001  5.000000e-002
    endloop
  endfacet
  facet normal  0.000000e+000 -9.999999e-001  0.000000e+000
    outer loop
      vertex  2.360000e-001 -1.300000e-001  5.000000e-002
      vertex -2.903663e-001 -1.300000e-001  5.000000e-002
      vertex  2.360000e-001 -1.300000e-001  0.000000e+000
    endloop
  endfacet
  facet normal  0.000000e+000 -9.999999e-001  0.000000e+000
    outer loop
      vertex  2.360000e-001 -1.300000e-001  0.000000e+000
      vertex -2.903663e-001 -1.300000e-001  5.000000e-002
      vertex -2.903663e-001 -1.300000e-001  0.000000e+000
    endloop
  endfacet
  facet normal  1.000000e+000  -0.000000e+000  0.000000e+000
    outer loop
      vertex  2.660000e-001  7.105428e-018  5.000000e-002
      vertex  2.660000e-001 -1.000000e-001  5.000000e-002
      vertex  2.660000e-001  7.105428e-018  0.000000e+000
    endloop
  endfacet
  facet normal  1.000000e+000  0.000000e+000  0.000000e+000
    outer loop
      vertex  2.660000e-001  7.105428e-018  0.000000e+000
      vertex  2.660000e-001 -1.000000e-001  5.000000e-002
      vertex  2.660000e-001 -1.000000e-001  0.000000e+000
    endloop
  endfacet
  facet normal  0.000000e+000  1.000000e+000  0.000000e+000
    outer loop
      vertex -2.500000e-001  3.000000e-002  5.000000e-002
      vertex  2.360000e-001  3.000000e-002  5.000000e-002
      vertex -2.500000e-001  3.000000e-002  0.000000e+000
    endloop
  endfacet
  facet normal  0.000000e+000  1.000000e+000  0.000000e+000
    outer loop
      vertex -2.500000e-001  3.000000e-002  0.000000e+000
      vertex  2.360000e-001  3.000000e-002  5.000000e-002
      vertex  2.360000e-001  3.000000e-002  0.000000e+000
    endloop
  endfacet
  facet normal  1.119645e-001  9.937122e-001  0.000000e+000
    outer loop
      vertex  2.360000e-001  3.000000e-002  0.000000e+000
      vertex  2.360000e-001  3.000000e-002  5.000000e-002
      vertex  2.426756e-001  2.924784e-002  0.000000e+000
    endloop
  endfacet
  facet normal  1.119645e-001  9.937122e-001  -0.000000e+000
    outer loop
      vertex  2.426756e-001  2.924784e-002  0.000000e+000
      vertex  2.360000e-001  3.000000e-002  5.000000e-002
      vertex  2.426756e-001  2.924784e-002  5.000000e-002
    endloop
  endfacet
  facet normal  3.302792e-001  9.438833e-001  0.000000e+000
    outer loop
      vertex  2.426756e-001  2.924784e-002  0.000000e+000
      vertex  2.426756e-001  2.924784e-002  5.000000e-002
      vertex  2.490165e-001  2.702907e-002  0.000000e+000
    endloop
  endfacet
  facet normal  3.302792e-001  9.438833e-001  -0.000000e+000
    outer loop
      vertex  2.490165e-001  2.702907e-002  0.000000e+000
      vertex  2.426756e-001  2.924784e-002  5.000000e-002
      vertex  2.490165e-001  2.702907e-002  5.000000e-002
    endloop
  endfacet
  facet normal  5.320317e-001  8.467244e-001  0.000000e+000
    outer loop
      vertex  2.490165e-001  2.702907e-002  0.000000e+000
      vertex  2.490165e-001  2.702907e-002  5.000000e-002
      vertex  2.547047e-001  2.345495e-002  0.000000e+000
    endloop
  endfacet
  facet normal  5.320317e-001  8.467244e-001  -0.000000e+000
    outer loop
      vertex  2.547047e-001  2.345495e-002  0.000000e+000
      vertex  2.490165e-001  2.702907e-002  5.000000e-002
      vertex  2.547047e-001  2.345495e-002  5.000000e-002
    endloop
  endfacet
  facet normal  7.071061e-001  7.071075e-001  0.000000e+000
    outer loop
      vertex  2.547047e-001  2.345495e-002  0.000000e+000
      vertex  2.547047e-001  2.345495e-002  5.000000e-002
      vertex  2.594550e-001  1.870470e-002  0.000000e+000
    endloop
  endfacet
  facet normal  7.071061e-001  7.071075e-001  -0.000000e+000
    outer loop
      vertex  2.594550e-001  1.870470e-002  0.000000e+000
      vertex  2.547047e-001  2.345495e-002  5.000000e-002
      vertex  2.594550e-001  1.870470e-002  5.000000e-002
    endloop
  endfacet
  facet normal  8.467259e-001  5.320293e-001  0.000000e+000
    outer loop
      vertex  2.594550e-001  1.870470e-002  0.000000e+000
      vertex  2.594550e-001  1.870470e-002  5.000000e-002
      vertex  2.630291e-001  1.301651e-002  0.000000e+000
    endloop
  endfacet
  facet normal  8.467259e-001  5.320293e-001  -0.000000e+000
    outer loop
      vertex  2.630291e-001  1.301651e-002  0.000000e+000
      vertex  2.594550e-001  1.870470e-002  5.000000e-002
      vertex  2.630291e-001  1.301651e-002  5.000000e-002
    endloop
  endfacet
  facet normal  9.438829e-001  3.302803e-001  0.000000e+000
    outer loop
      vertex  2.630291e-001  1.301651e-002  0.000000e+000
      vertex  2.630291e-001  1.301651e-002  5.000000e-002
      vertex  2.652479e-001  6.675628e-003  0.000000e+000
    endloop
  endfacet
  facet normal  9.438829e-001  3.302803e-001  -0.000000e+000
    outer loop
      vertex  2.652479e-001  6.675628e-003  0.000000e+000
      vertex  2.630291e-001  1.301651e-002  5.000000e-002
      vertex  2.652479e-001  6.675628e-003  5.000000e-002
    endloop
  endfacet
  facet normal  9.937121e-001  1.119651e-001  0.000000e+000
    outer loop
      vertex  2.652479e-001  6.675628e-003  0.000000e+000
      vertex  2.652479e-001  6.675628e-003  5.000000e-002
      vertex  2.660000e-001  7.105428e-018  0.000000e+000
    endloop
  endfacet
  facet normal  9.937121e-001  1.119651e-001  -0.000000e+000
    outer loop
      vertex  2.660000e-001  7.105428e-018  0.000000e+000
      vertex  2.652479e-001  6.675628e-003  5.000000e-002
      vertex  2.660000e-001  7.105428e-018  5.000000e-002
    endloop
  endfacet
  facet normal  9.937121e-001 -1.119651e-001  0.000000e+000
    outer loop
      vertex  2.660000e-001 -1.000000e-001  0.000000e+000
      vertex  2.660000e-001 -1.000000e-001  5.000000e-002
      vertex  2.652479e-001 -1.066756e-001  0.000000e+000
    endloop
  endfacet
  facet normal  9.937121e-001 -1.119651e-001  0.000000e+000
    outer loop
      vertex  2.652479e-001 -1.066756e-001  0.000000e+000
      vertex  2.660000e-001 -1.000000e-001  5.000000e-002
      vertex  2.652479e-001 -1.066756e-001  5.000000e-002
    endloop
  endfacet
  facet normal  9.438829e-001 -3.302804e-001  0.000000e+000
    outer loop
      vertex  2.652479e-001 -1.066756e-001  0.000000e+000
      vertex  2.652479e-001 -1.066756e-001  5.000000e-002
      vertex  2.630291e-001 -1.130165e-001  0.000000e+000
    endloop
  endfacet
  facet normal  9.438829e-001 -3.302804e-001  0.000000e+000
    outer loop
      vertex  2.630291e-001 -1.130165e-001  0.000000e+000
      vertex  2.652479e-001 -1.066756e-001  5.000000e-002
      vertex  2.630291e-001 -1.130165e-001  5.000000e-002
    endloop
  endfacet
  facet normal  8.467261e-001 -5.320291e-001  0.000000e+000
    outer loop
      vertex  2.630291e-001 -1.130165e-001  0.000000e+000
      vertex  2.630291e-001 -1.130165e-001  5.000000e-002
      vertex  2.594550e-001 -1.187047e-001  0.000000e+000
    endloop
  endfacet
  facet normal  8.467261e-001 -5.320291e-001  0.000000e+000
    outer loop
      vertex  2.594550e-001 -1.187047e-001  0.000000e+000
      vertex  2.630291e-001 -1.130165e-001  5.000000e-002
      vertex  2.594550e-001 -1.187047e-001  5.000000e-002
    endloop
  endfacet
  facet normal  7.071056e-001 -7.071079e-001  0.000000e+000
    outer loop
      vertex  2.594550e-001 -1.187047e-001  0.000000e+000
      vertex  2.594550e-001 -1.187047e-001  5.000000e-002
      vertex  2.547047e-001 -1.234549e-001  0.000000e+000
    endloop
  endfacet
  facet normal  7.071056e-001 -7.071079e-001  0.000000e+000
    outer loop
      vertex  2.547047e-001 -1.234549e-001  0.000000e+000
      vertex  2.594550e-001 -1.187047e-001  5.000000e-002
      vertex  2.547047e-001 -1.234549e-001  5.000000e-002
    endloop
  endfacet
  facet normal  5.320324e-001 -8.467240e-001  0.000000e+000
    outer loop
      vertex  2.547047e-001 -1.234549e-001  0.000000e+000
      vertex  2.547047e-001 -1.234549e-001  5.000000e-002
      vertex  2.490165e-001 -1.270291e-001  0.000000e+000
    endloop
  endfacet
  facet normal  5.320324e-001 -8.467240e-001  0.000000e+000
    outer loop
      vertex  2.490165e-001 -1.270291e-001  0.000000e+000
      vertex  2.547047e-001 -1.234549e-001  5.000000e-002
      vertex  2.490165e-001 -1.270291e-001  5.000000e-002
    endloop
  endfacet
  facet normal  3.302784e-001 -9.438836e-001  0.000000e+000
    outer loop
      vertex  2.490165e-001 -1.270291e-001  0.000000e+000
      vertex  2.490165e-001 -1.270291e-001  5.000000e-002
      vertex  2.426756e-001 -1.292478e-001  0.000000e+000
    endloop
  endfacet
  facet normal  3.302784e-001 -9.438836e-001  0.000000e+000
    outer loop
      vertex  2.426756e-001 -1.292478e-001  0.000000e+000
      vertex  2.490165e-001 -1.270291e-001  5.000000e-002
      vertex  2.426756e-001 -1.292478e-001  5.000000e-002
    endloop
  endfacet
  facet normal  1.119651e-001 -9.937121e-001  0.000000e+000
    outer loop
      vertex  2.426756e-001 -1.292478e-001  0.000000e+000
      vertex  2.426756e-001 -1.292478e-001  5.000000e-002
      vertex  2.360000e-001 -1.300000e-001  0.000000e+000
    endloop
  endfacet
  facet normal  1.119651e-001 -9.937121e-001  0.000000e+000
    outer loop
      vertex  2.360000e-001 -1.300000e-001  0.000000e+000
      vertex  2.426756e-001 -1.292478e-001  5.000000e-002
      vertex  2.360000e-001 -1.300000e-001  5.000000e-002
    endloop
  endfacet
  facet normal  0.000000e+000  0.000000e+000 -1.000000e+000
    outer loop
      vertex -2.903663e-001 -1.300000e-001  0.000000e+000
      vertex -3.284739e-001 -1.293948e-001  0.000000e+000
      vertex -3.354836e-001  2.427063e-002  0.000000e+000
    endloop
  endfacet
  facet normal  0.000000e+000  0.000000e+000 -1.000000e+000
    outer loop
      vertex -2.903663e-001 -1.300000e-001  0.000000e+000
      vertex -3.354836e-001  2.427063e-002  0.000000e+000
      vertex -3.072916e-001  2.746100e-002  0.000000e+000
    endloop
  endfacet
  facet normal  0.000000e+000  0.000000e+000 -1.000000e+000
    outer loop
      vertex -2.903663e-001 -1.300000e-001  0.000000e+000
      vertex -3.072916e-001  2.746100e-002  0.000000e+000
      vertex -2.787317e-001  2.936652e-002  0.000000e+000
    endloop
  endfacet
  facet normal  0.000000e+000  -0.000000e+000 -1.000000e+000
    outer loop
      vertex -2.903663e-001 -1.300000e-001  0.000000e+000
      vertex -2.787317e-001  2.936652e-002  0.000000e+000
      vertex -2.500000e-001  3.000000e-002  0.000000e+000
    endloop
  endfacet
  facet normal  0.000000e+000  -0.000000e+000 -1.000000e+000
    outer loop
      vertex -2.903663e-001 -1.300000e-001  0.000000e+000
      vertex -2.500000e-001  3.000000e-002  0.000000e+000
      vertex  2.360000e-001  3.000000e-002  0.000000e+000
    endloop
  endfacet
  facet normal  0.000000e+000  -0.000000e+000 -1.000000e+000
    outer loop
      vertex -2.903663e-001 -1.300000e-001  0.000000e+000
      vertex  2.360000e-001  3.000000e-002  0.000000e+000
      vertex  2.360000e-001 -1.300000e-001  0.000000e+000
    endloop
  endfacet
  facet normal  0.000000e+000  0.000000e+000 -1.000000e+000
    outer loop
      vertex -4.801363e-001 -1.148997e-001  0.000000e+000
      vertex -5.176687e-001 -1.082757e-001  0.000000e+000
      vertex -5.159234e-001 -5.243021e-002  0.000000e+000
    endloop
  endfacet
  facet normal  0.000000e+000  0.000000e+000 -1.000000e+000
    outer loop
      vertex -4.801363e-001 -1.148997e-001  0.000000e+000
      vertex -5.159234e-001 -5.243021e-002  0.000000e+000
      vertex -5.089260e-001 -4.432682e-002  0.000000e+000
    endloop
  endfacet
  facet normal  0.000000e+000  0.000000e+000 -1.000000e+000
    outer loop
      vertex -4.801363e-001 -1.148997e-001  0.000000e+000
      vertex -5.089260e-001 -4.432682e-002  0.000000e+000
      vertex -5.007078e-001 -3.656489e-002  0.000000e+000
    endloop
  endfacet
  facet normal  0.000000e+000  0.000000e+000 -1.000000e+000
    outer loop
      vertex -4.801363e-001 -1.148997e-001  0.000000e+000
      vertex -5.007078e-001 -3.656489e-002  0.000000e+000
      vertex -4.913735e-001 -2.918094e-002  0.000000e+000
    endloop
  endfacet
  facet normal  0.000000e+000  0.000000e+000 -1.000000e+000
    outer loop
      vertex -4.801363e-001 -1.148997e-001  0.000000e+000
      vertex -4.913735e-001 -2.918094e-002  0.000000e+000
      vertex -4.845834e-001 -2.448242e-002  0.000000e+000
    endloop
  endfacet
  facet normal  0.000000e+000  0.000000e+000 -1.000000e+000
    outer loop
      vertex -4.801363e-001 -1.148997e-001  0.000000e+000
      vertex -4.845834e-001 -2.448242e-002  0.000000e+000
      vertex -4.773760e-001 -1.997071e-002  0.000000e+000
    endloop
  endfacet
  facet normal  0.000000e+000  0.000000e+000 -1.000000e+000
    outer loop
      vertex -4.424125e-001 -1.203285e-001  0.000000e+000
      vertex -4.801363e-001 -1.148997e-001  0.000000e+000
      vertex -4.773760e-001 -1.997071e-002  0.000000e+000
    endloop
  endfacet
  facet normal  0.000000e+000  0.000000e+000 -1.000000e+000
    outer loop
      vertex -4.424125e-001 -1.203285e-001  0.000000e+000
      vertex -4.773760e-001 -1.997071e-002  0.000000e+000
      vertex -4.618283e-001 -1.152487e-002  0.000000e+000
    endloop
  endfacet
  facet normal  0.000000e+000  0.000000e+000 -1.000000e+000
    outer loop
      vertex -4.424125e-001 -1.203285e-001  0.000000e+000
      vertex -4.618283e-001 -1.152487e-002  0.000000e+000
      vertex -4.472045e-001 -4.811903e-003  0.000000e+000
    endloop
  endfacet
  facet normal  0.000000e+000  0.000000e+000 -1.000000e+000
    outer loop
      vertex -5.257576e-001 -6.918976e-002  0.000000e+000
      vertex -5.285371e-001 -9.963363e-002  0.000000e+000
      vertex -5.285291e-001 -7.771584e-002  0.000000e+000
    endloop
  endfacet
  facet normal  0.000000e+000  0.000000e+000 -1.000000e+000
    outer loop
      vertex -5.285291e-001 -7.771584e-002  0.000000e+000
      vertex -5.285371e-001 -9.963363e-002  0.000000e+000
      vertex -5.297568e-001 -9.500001e-002  0.000000e+000
    endloop
  endfacet
  facet normal  0.000000e+000  0.000000e+000 -1.000000e+000
    outer loop
      vertex -5.285291e-001 -7.771584e-002  0.000000e+000
      vertex -5.297568e-001 -9.500001e-002  0.000000e+000
      vertex -5.298699e-001 -8.634242e-002  0.000000e+000
    endloop
  endfacet
  facet normal  0.000000e+000  0.000000e+000 -1.000000e+000
    outer loop
      vertex -5.285371e-001 -9.963363e-002  0.000000e+000
      vertex -5.257576e-001 -6.918976e-002  0.000000e+000
      vertex -5.259184e-001 -1.036462e-001  0.000000e+000
    endloop
  endfacet
  facet normal  0.000000e+000  0.000000e+000 -1.000000e+000
    outer loop
      vertex -5.259184e-001 -1.036462e-001  0.000000e+000
      vertex -5.257576e-001 -6.918976e-002  0.000000e+000
      vertex -5.216012e-001 -6.082946e-002  0.000000e+000
    endloop
  endfacet
  facet normal  0.000000e+000  0.000000e+000 -1.000000e+000
    outer loop
      vertex -5.259184e-001 -1.036462e-001  0.000000e+000
      vertex -5.216012e-001 -6.082946e-002  0.000000e+000
      vertex -5.221680e-001 -1.066283e-001  0.000000e+000
    endloop
  endfacet
  facet normal  0.000000e+000  0.000000e+000 -9.999999e-001
    outer loop
      vertex -5.221680e-001 -1.066283e-001  0.000000e+000
      vertex -5.216012e-001 -6.082946e-002  0.000000e+000
      vertex -5.159234e-001 -5.243021e-002  0.000000e+000
    endloop
  endfacet
  facet normal  0.000000e+000  0.000000e+000 -9.999999e-001
    outer loop
      vertex -5.221680e-001 -1.066283e-001  0.000000e+000
      vertex -5.159234e-001 -5.243021e-002  0.000000e+000
      vertex -5.176687e-001 -1.082757e-001  0.000000e+000
    endloop
  endfacet
  facet normal  0.000000e+000  0.000000e+000 -9.999999e-001
    outer loop
      vertex -4.472045e-001 -4.811903e-003  0.000000e+000
      vertex -4.316995e-001  1.302165e-003  0.000000e+000
      vertex -4.424125e-001 -1.203285e-001  0.000000e+000
    endloop
  endfacet
  facet normal  0.000000e+000  0.000000e+000 -1.000000e+000
    outer loop
      vertex -4.424125e-001 -1.203285e-001  0.000000e+000
      vertex -4.316995e-001  1.302165e-003  0.000000e+000
      vertex -4.045354e-001 -1.245566e-001  0.000000e+000
    endloop
  endfacet
  facet normal  0.000000e+000  -0.000000e+000 -1.000000e+000
    outer loop
      vertex -4.316995e-001  1.302165e-003  0.000000e+000
      vertex -4.154302e-001  6.816277e-003  0.000000e+000
      vertex -4.045354e-001 -1.245566e-001  0.000000e+000
    endloop
  endfacet
  facet normal  0.000000e+000  0.000000e+000 -1.000000e+000
    outer loop
      vertex -4.045354e-001 -1.245566e-001  0.000000e+000
      vertex -4.154302e-001  6.816277e-003  0.000000e+000
      vertex -4.027924e-001  1.055874e-002  0.000000e+000
    endloop
  endfacet
  facet normal  0.000000e+000  0.000000e+000 -1.000000e+000
    outer loop
      vertex -3.630820e-001  1.977820e-002  0.000000e+000
      vertex -3.665431e-001 -1.275797e-001  0.000000e+000
      vertex -3.898287e-001  1.396544e-002  0.000000e+000
    endloop
  endfacet
  facet normal  0.000000e+000  -0.000000e+000 -1.000000e+000
    outer loop
      vertex -3.898287e-001  1.396544e-002  0.000000e+000
      vertex -3.665431e-001 -1.275797e-001  0.000000e+000
      vertex -4.045354e-001 -1.245566e-001  0.000000e+000
    endloop
  endfacet
  facet normal  0.000000e+000  0.000000e+000 -1.000000e+000
    outer loop
      vertex -3.898287e-001  1.396544e-002  0.000000e+000
      vertex -4.045354e-001 -1.245566e-001  0.000000e+000
      vertex -4.027924e-001  1.055874e-002  0.000000e+000
    endloop
  endfacet
  facet normal  0.000000e+000  0.000000e+000 -9.999999e-001
    outer loop
      vertex -3.284739e-001 -1.293948e-001  0.000000e+000
      vertex -3.665431e-001 -1.275797e-001  0.000000e+000
      vertex -3.354836e-001  2.427063e-002  0.000000e+000
    endloop
  endfacet
  facet normal  0.000000e+000  0.000000e+000 -1.000000e+000
    outer loop
      vertex -3.354836e-001  2.427063e-002  0.000000e+000
      vertex -3.665431e-001 -1.275797e-001  0.000000e+000
      vertex -3.630820e-001  1.977820e-002  0.000000e+000
    endloop
  endfacet
  facet normal  0.000000e+000  0.000000e+000 -1.000000e+000
    outer loop
      vertex  2.547047e-001  2.345495e-002  0.000000e+000
      vertex  2.490165e-001 -1.270291e-001  0.000000e+000
      vertex  2.490165e-001  2.702907e-002  0.000000e+000
    endloop
  endfacet
  facet normal  0.000000e+000  -0.000000e+000 -1.000000e+000
    outer loop
      vertex  2.490165e-001  2.702907e-002  0.000000e+000
      vertex  2.490165e-001 -1.270291e-001  0.000000e+000
      vertex  2.426756e-001 -1.292478e-001  0.000000e+000
    endloop
  endfacet
  facet normal  0.000000e+000  0.000000e+000 -1.000000e+000
    outer loop
      vertex  2.490165e-001  2.702907e-002  0.000000e+000
      vertex  2.426756e-001 -1.292478e-001  0.000000e+000
      vertex  2.426756e-001  2.924784e-002  0.000000e+000
    endloop
  endfacet
  facet normal  0.000000e+000  -0.000000e+000 -1.000000e+000
    outer loop
      vertex  2.426756e-001  2.924784e-002  0.000000e+000
      vertex  2.426756e-001 -1.292478e-001  0.000000e+000
      vertex  2.360000e-001 -1.300000e-001  0.000000e+000
    endloop
  endfacet
  facet normal  0.000000e+000  0.000000e+000 -1.000000e+000
    outer loop
      vertex  2.426756e-001  2.924784e-002  0.000000e+000
      vertex  2.360000e-001 -1.300000e-001  0.000000e+000
      vertex  2.360000e-001  3.000000e-002  0.000000e+000
    endloop
  endfacet
  facet normal  0.000000e+000  -0.000000e+000 -1.000000e+000
    outer loop
      vertex  2.490165e-001 -1.270291e-001  0.000000e+000
      vertex  2.547047e-001  2.345495e-002  0.000000e+000
      vertex  2.547047e-001 -1.234549e-001  0.000000e+000
    endloop
  endfacet
  facet normal  0.000000e+000  0.000000e+000 -1.000000e+000
    outer loop
      vertex  2.547047e-001 -1.234549e-001  0.000000e+000
      vertex  2.547047e-001  2.345495e-002  0.000000e+000
      vertex  2.594550e-001  1.870470e-002  0.000000e+000
    endloop
  endfacet
  facet normal  0.000000e+000  -0.000000e+000 -1.000000e+000
    outer loop
      vertex  2.547047e-001 -1.234549e-001  0.000000e+000
      vertex  2.594550e-001  1.870470e-002  0.000000e+000
      vertex  2.594550e-001 -1.187047e-001  0.000000e+000
    endloop
  endfacet
  facet normal  0.000000e+000  0.000000e+000 -1.000000e+000
    outer loop
      vertex  2.594550e-001 -1.187047e-001  0.000000e+000
      vertex  2.594550e-001  1.870470e-002  0.000000e+000
      vertex  2.630291e-001  1.301651e-002  0.000000e+000
    endloop
  endfacet
  facet normal  0.000000e+000  -0.000000e+000 -1.000000e+000
    outer loop
      vertex  2.594550e-001 -1.187047e-001  0.000000e+000
      vertex  2.630291e-001  1.301651e-002  0.000000e+000
      vertex  2.630291e-001 -1.130165e-001  0.000000e+000
    endloop
  endfacet
  facet normal  0.000000e+000  0.000000e+000 -1.000000e+000
    outer loop
      vertex  2.630291e-001 -1.130165e-001  0.000000e+000
      vertex  2.630291e-001  1.301651e-002  0.000000e+000
      vertex  2.652479e-001  6.675628e-003  0.000000e+000
    endloop
  endfacet
  facet normal  0.000000e+000  -0.000000e+000 -1.000000e+000
    outer loop
      vertex  2.630291e-001 -1.130165e-001  0.000000e+000
      vertex  2.652479e-001  6.675628e-003  0.000000e+000
      vertex  2.652479e-001 -1.066756e-001  0.000000e+000
    endloop
  endfacet
  facet normal  0.000000e+000  0.000000e+000 -1.000000e+000
    outer loop
      vertex  2.652479e-001 -1.066756e-001  0.000000e+000
      vertex  2.652479e-001  6.675628e-003  0.000000e+000
      vertex  2.660000e-001  7.105428e-018  0.000000e+000
    endloop
  endfacet
  facet normal  0.000000e+000  -0.000000e+000 -1.000000e+000
    outer loop
      vertex  2.652479e-001 -1.066756e-001  0.000000e+000
      vertex  2.660000e-001  7.105428e-018  0.000000e+000
      vertex  2.660000e-001 -1.000000e-001  0.000000e+000
    endloop
  endfacet
  facet normal -4.363317e-002 -9.856318e-001  1.631753e-001
    outer loop
      vertex  1.380000e+000  5.206815e-001  5.176381e-003
      vertex  1.364471e+000  5.213398e-001  5.000000e-003
      vertex  1.371928e+000  5.201818e-001  2.426948e-018
    endloop
  endfacet
  facet normal  1.388173e-004 -9.953947e-001  9.586086e-002
    outer loop
      vertex  1.371928e+000  5.201818e-001  2.426948e-018
      vertex  1.388121e+000  5.201841e-001  2.426673e-018
      vertex  1.380000e+000  5.206815e-001  5.176381e-003
    endloop
  endfacet
  facet normal  4.363311e-002 -9.856340e-001  1.631621e-001
    outer loop
      vertex  1.380000e+000  5.206815e-001  5.176381e-003
      vertex  1.388121e+000  5.201841e-001  2.426673e-018
      vertex  1.395529e+000  5.213398e-001  5.000000e-003
    endloop
  endfacet
  facet normal  7.883564e-002 -9.905596e-001  1.121457e-001
    outer loop
      vertex  1.388121e+000  5.201841e-001  2.426673e-018
      vertex  1.399613e+000  5.210987e-001  2.314672e-018
      vertex  1.395529e+000  5.213398e-001  5.000000e-003
    endloop
  endfacet
  facet normal  1.360856e-001 -9.779693e-001  1.582932e-001
    outer loop
      vertex  1.410000e+000  5.232697e-001  4.482877e-003
      vertex  1.395529e+000  5.213398e-001  5.000000e-003
      vertex  1.399613e+000  5.210987e-001  2.314672e-018
    endloop
  endfacet
  facet normal  1.516476e-001 -9.806828e-001  1.235480e-001
    outer loop
      vertex  1.399613e+000  5.210987e-001  2.314672e-018
      vertex  1.410627e+000  5.228019e-001  2.106092e-018
      vertex  1.410000e+000  5.232697e-001  4.482877e-003
    endloop
  endfacet
  facet normal  4.363311e-002  9.856340e-001  1.631621e-001
    outer loop
      vertex  1.380000e+000  5.593185e-001  5.176381e-003
      vertex  1.395529e+000  5.586603e-001  5.000000e-003
      vertex  1.388121e+000  5.598159e-001  0.000000e+000
    endloop
  endfacet
  facet normal  7.883564e-002  9.905596e-001  1.121457e-001
    outer loop
      vertex  1.388121e+000  5.598159e-001  0.000000e+000
      vertex  1.395529e+000  5.586603e-001  5.000000e-003
      vertex  1.399613e+000  5.589014e-001  0.000000e+000
    endloop
  endfacet
  facet normal  1.360856e-001  9.779693e-001  1.582932e-001
    outer loop
      vertex  1.399613e+000  5.589014e-001  0.000000e+000
      vertex  1.395529e+000  5.586603e-001  5.000000e-003
      vertex  1.410000e+000  5.567304e-001  4.482877e-003
    endloop
  endfacet
  facet normal -4.863710e-001 -4.059303e-001  7.737337e-001
    outer loop
      vertex  1.337412e+000  5.329560e-001  1.220058e-002
      vertex  1.335188e+000  5.309618e-001  9.756259e-003
      vertex  1.335811e+000  5.311909e-001  1.026827e-002
    endloop
  endfacet
  facet normal -3.577939e-001 -5.226521e-001  7.738336e-001
    outer loop
      vertex  1.335811e+000  5.311909e-001  1.026827e-002
      vertex  1.337456e+000  5.313278e-001  1.112101e-002
      vertex  1.337412e+000  5.329560e-001  1.220058e-002
    endloop
  endfacet
  facet normal -4.384056e-002 -5.076916e-001  8.604227e-001
    outer loop
      vertex  1.364471e+000  5.303408e-001  1.673033e-002
      vertex  1.378422e+000  5.285038e-001  1.635729e-002
      vertex  1.380000e+000  5.300000e-001  1.732051e-002
    endloop
  endfacet
  facet normal  3.550341e-002 -5.671555e-001  8.228452e-001
    outer loop
      vertex  1.380000e+000  5.300000e-001  1.732051e-002
      vertex  1.378422e+000  5.285038e-001  1.635729e-002
      vertex  1.393712e+000  5.282071e-001  1.549304e-002
    endloop
  endfacet
  facet normal  4.381695e-002 -5.288129e-001  8.476065e-001
    outer loop
      vertex  1.380000e+000  5.300000e-001  1.732051e-002
      vertex  1.393712e+000  5.282071e-001  1.549304e-002
      vertex  1.395529e+000  5.303408e-001  1.673033e-002
    endloop
  endfacet
  facet normal  1.267458e-001 -5.761473e-001  8.074588e-001
    outer loop
      vertex  1.395529e+000  5.303408e-001  1.673033e-002
      vertex  1.393712e+000  5.282071e-001  1.549304e-002
      vertex  1.408044e+000  5.286700e-001  1.357378e-002
    endloop
  endfacet
  facet normal -3.675390e-001 -7.724981e-001  5.178435e-001
    outer loop
      vertex  1.337412e+000  5.277995e-001  7.044009e-003
      vertex  1.337263e+000  5.289646e-001  8.676190e-003
      vertex  1.335583e+000  5.298898e-001  8.864421e-003
    endloop
  endfacet
  facet normal -1.352721e-001 -9.223826e-001  3.618175e-001
    outer loop
      vertex  1.350000e+000  5.250000e-001  8.660255e-003
      vertex  1.364471e+000  5.232697e-001  9.659259e-003
      vertex  1.356552e+000  5.245971e-001  1.008261e-002
    endloop
  endfacet
  facet normal -9.858965e-002 -7.837266e-001  6.132314e-001
    outer loop
      vertex  1.356552e+000  5.245971e-001  1.008261e-002
      vertex  1.364471e+000  5.232697e-001  9.659259e-003
      vertex  1.369951e+000  5.236780e-001  1.106213e-002
    endloop
  endfacet
  facet normal -4.371532e-002 -9.004100e-001  4.328403e-001
    outer loop
      vertex  1.369951e+000  5.236780e-001  1.106213e-002
      vertex  1.364471e+000  5.232697e-001  9.659259e-003
      vertex  1.380000e+000  5.226795e-001  1.000000e-002
    endloop
  endfacet
  facet normal -2.043428e-002 -8.176678e-001  5.753276e-001
    outer loop
      vertex  1.369951e+000  5.236780e-001  1.106213e-002
      vertex  1.380000e+000  5.226795e-001  1.000000e-002
      vertex  1.382807e+000  5.237710e-001  1.165086e-002
    endloop
  endfacet
  facet normal  4.383998e-002 -8.660518e-001  4.980283e-001
    outer loop
      vertex  1.382807e+000  5.237710e-001  1.165086e-002
      vertex  1.380000e+000  5.226795e-001  1.000000e-002
      vertex  1.395529e+000  5.232697e-001  9.659259e-003
    endloop
  endfacet
  facet normal  5.916589e-002 -8.109844e-001  5.820684e-001
    outer loop
      vertex  1.382807e+000  5.237710e-001  1.165086e-002
      vertex  1.395529e+000  5.232697e-001  9.659259e-003
      vertex  1.397692e+000  5.249258e-001  1.174686e-002
    endloop
  endfacet
  facet normal  1.366937e-001 -8.401340e-001  5.248712e-001
    outer loop
      vertex  1.397692e+000  5.249258e-001  1.174686e-002
      vertex  1.395529e+000  5.232697e-001  9.659259e-003
      vertex  1.410000e+000  5.250000e-001  8.660255e-003
    endloop
  endfacet
  facet normal -9.674435e-001 -1.790815e-001 -1.788371e-001
    outer loop
      vertex  1.320000e+000  5.400000e-001  1.392216e-032
      vertex  1.320455e+000  5.375409e-001  3.011403e-019
      vertex  1.320228e+000  5.383163e-001  4.511513e-004
    endloop
  endfacet
  facet normal -9.913891e-001 -1.209814e-001  5.011081e-002
    outer loop
      vertex  1.320000e+000  5.400000e-001  1.392216e-032
      vertex  1.320228e+000  5.383163e-001  4.511513e-004
      vertex  1.320228e+000  5.384904e-001  8.715575e-004
    endloop
  endfacet
  facet normal -9.913890e-001 -1.038857e-001  7.972150e-002
    outer loop
      vertex  1.320000e+000  5.400000e-001  1.392216e-032
      vertex  1.320228e+000  5.384904e-001  8.715575e-004
      vertex  1.320228e+000  5.387675e-001  1.232568e-003
    endloop
  endfacet
  facet normal -9.913892e-001 -7.972334e-002  1.038834e-001
    outer loop
      vertex  1.320000e+000  5.400000e-001  1.392216e-032
      vertex  1.320228e+000  5.387675e-001  1.232568e-003
      vertex  1.320228e+000  5.391284e-001  1.509582e-003
    endloop
  endfacet
  facet normal -9.913892e-001 -5.011123e-002  1.209804e-001
    outer loop
      vertex  1.320000e+000  5.400000e-001  1.392216e-032
      vertex  1.320228e+000  5.391284e-001  1.509582e-003
      vertex  1.320228e+000  5.395489e-001  1.683720e-003
    endloop
  endfacet
  facet normal -9.913892e-001 -1.709146e-002  1.298285e-001
    outer loop
      vertex  1.320000e+000  5.400000e-001  1.392216e-032
      vertex  1.320228e+000  5.395489e-001  1.683720e-003
      vertex  1.320228e+000  5.400000e-001  1.743115e-003
    endloop
  endfacet
  facet normal -9.913892e-001  1.709146e-002  1.298285e-001
    outer loop
      vertex  1.320000e+000  5.400000e-001  1.392216e-032
      vertex  1.320228e+000  5.400000e-001  1.743115e-003
      vertex  1.320228e+000  5.404512e-001  1.683720e-003
    endloop
  endfacet
  facet normal -9.913892e-001  5.011123e-002  1.209804e-001
    outer loop
      vertex  1.320000e+000  5.400000e-001  1.392216e-032
      vertex  1.320228e+000  5.404512e-001  1.683720e-003
      vertex  1.320228e+000  5.408716e-001  1.509582e-003
    endloop
  endfacet
  facet normal -9.913892e-001  7.972334e-002  1.038834e-001
    outer loop
      vertex  1.320000e+000  5.400000e-001  1.392216e-032
      vertex  1.320228e+000  5.408716e-001  1.509582e-003
      vertex  1.320228e+000  5.412326e-001  1.232568e-003
    endloop
  endfacet
  facet normal -9.913890e-001  1.038857e-001  7.972150e-002
    outer loop
      vertex  1.320000e+000  5.400000e-001  1.392216e-032
      vertex  1.320228e+000  5.412326e-001  1.232568e-003
      vertex  1.320228e+000  5.415096e-001  8.715575e-004
    endloop
  endfacet
  facet normal -9.913891e-001  1.209814e-001  5.011081e-002
    outer loop
      vertex  1.320000e+000  5.400000e-001  1.392216e-032
      vertex  1.320228e+000  5.415096e-001  8.715575e-004
      vertex  1.320228e+000  5.416837e-001  4.511513e-004
    endloop
  endfacet
  facet normal -9.674435e-001  1.790815e-001 -1.788371e-001
    outer loop
      vertex  1.320000e+000  5.400000e-001  1.392216e-032
      vertex  1.320228e+000  5.416837e-001  4.511513e-004
      vertex  1.320455e+000  5.424591e-001  0.000000e+000
    endloop
  endfacet
  facet normal  9.875085e-001  1.482123e-001 -5.347969e-002
    outer loop
      vertex  1.440000e+000  5.400000e-001  1.392216e-032
      vertex  1.439700e+000  5.419959e-001  0.000000e+000
      vertex  1.439772e+000  5.416837e-001  4.511513e-004
    endloop
  endfacet
  facet normal  9.913891e-001  1.209814e-001  5.011081e-002
    outer loop
      vertex  1.440000e+000  5.400000e-001  1.392216e-032
      vertex  1.439772e+000  5.416837e-001  4.511513e-004
      vertex  1.439772e+000  5.415096e-001  8.715575e-004
    endloop
  endfacet
  facet normal  9.913890e-001  1.038857e-001  7.972150e-002
    outer loop
      vertex  1.440000e+000  5.400000e-001  1.392216e-032
      vertex  1.439772e+000  5.415096e-001  8.715575e-004
      vertex  1.439772e+000  5.412326e-001  1.232568e-003
    endloop
  endfacet
  facet normal  9.913892e-001  7.972334e-002  1.038834e-001
    outer loop
      vertex  1.440000e+000  5.400000e-001  1.392216e-032
      vertex  1.439772e+000  5.412326e-001  1.232568e-003
      vertex  1.439772e+000  5.408716e-001  1.509582e-003
    endloop
  endfacet
  facet normal  9.913892e-001  5.011123e-002  1.209804e-001
    outer loop
      vertex  1.440000e+000  5.400000e-001  1.392216e-032
      vertex  1.439772e+000  5.408716e-001  1.509582e-003
      vertex  1.439772e+000  5.404512e-001  1.683720e-003
    endloop
  endfacet
  facet normal  9.913892e-001  1.709146e-002  1.298285e-001
    outer loop
      vertex  1.440000e+000  5.400000e-001  1.392216e-032
      vertex  1.439772e+000  5.404512e-001  1.683720e-003
      vertex  1.439772e+000  5.400000e-001  1.743115e-003
    endloop
  endfacet
  facet normal  9.913892e-001 -1.709146e-002  1.298285e-001
    outer loop
      vertex  1.440000e+000  5.400000e-001  1.392216e-032
      vertex  1.439772e+000  5.400000e-001  1.743115e-003
      vertex  1.439772e+000  5.395489e-001  1.683720e-003
    endloop
  endfacet
  facet normal  9.913892e-001 -5.011123e-002  1.209804e-001
    outer loop
      vertex  1.440000e+000  5.400000e-001  1.392216e-032
      vertex  1.439772e+000  5.395489e-001  1.683720e-003
      vertex  1.439772e+000  5.391284e-001  1.509582e-003
    endloop
  endfacet
  facet normal  9.913892e-001 -7.972334e-002  1.038834e-001
    outer loop
      vertex  1.440000e+000  5.400000e-001  1.392216e-032
      vertex  1.439772e+000  5.391284e-001  1.509582e-003
      vertex  1.439772e+000  5.387675e-001  1.232568e-003
    endloop
  endfacet
  facet normal  9.913890e-001 -1.038857e-001  7.972150e-002
    outer loop
      vertex  1.440000e+000  5.400000e-001  1.392216e-032
      vertex  1.439772e+000  5.387675e-001  1.232568e-003
      vertex  1.439772e+000  5.384904e-001  8.715575e-004
    endloop
  endfacet
  facet normal  9.913891e-001 -1.209814e-001  5.011081e-002
    outer loop
      vertex  1.440000e+000  5.400000e-001  1.392216e-032
      vertex  1.439772e+000  5.384904e-001  8.715575e-004
      vertex  1.439772e+000  5.383163e-001  4.511513e-004
    endloop
  endfacet
  facet normal  9.875085e-001 -1.482123e-001 -5.347969e-002
    outer loop
      vertex  1.440000e+000  5.400000e-001  1.392216e-032
      vertex  1.439772e+000  5.383163e-001  4.511513e-004
      vertex  1.439700e+000  5.380041e-001  2.444241e-019
    endloop
  endfacet
  facet normal -3.531923e-001 -5.695232e-001  7.422254e-001
    outer loop
      vertex  1.332329e+000  5.339276e-001  1.051780e-002
      vertex  1.332329e+000  5.314122e-001  8.587745e-003
      vertex  1.335144e+000  5.302975e-001  9.071887e-003
    endloop
  endfacet
  facet normal -5.736007e-001 -6.456109e-001  5.041516e-001
    outer loop
      vertex  1.332329e+000  5.339276e-001  1.051780e-002
      vertex  1.335144e+000  5.302975e-001  9.071887e-003
      vertex  1.335000e+000  5.306459e-001  9.354143e-003
    endloop
  endfacet
  facet normal -4.623319e-001 -6.058608e-001  6.474426e-001
    outer loop
      vertex  1.332329e+000  5.339276e-001  1.051780e-002
      vertex  1.335000e+000  5.306459e-001  9.354143e-003
      vertex  1.335040e+000  5.308042e-001  9.530892e-003
    endloop
  endfacet
  facet normal -4.252490e-001 -5.868239e-001  6.890580e-001
    outer loop
      vertex  1.332329e+000  5.339276e-001  1.051780e-002
      vertex  1.335040e+000  5.308042e-001  9.530892e-003
      vertex  1.335188e+000  5.309618e-001  9.756259e-003
    endloop
  endfacet
  facet normal -3.557965e-001 -5.389893e-001  7.634786e-001
    outer loop
      vertex  1.332329e+000  5.339276e-001  1.051780e-002
      vertex  1.335188e+000  5.309618e-001  9.756259e-003
      vertex  1.337412e+000  5.329560e-001  1.220058e-002
    endloop
  endfacet
  facet normal  2.806784e-001 -5.635512e-001  7.769361e-001
    outer loop
      vertex  1.422588e+000  5.329560e-001  1.220058e-002
      vertex  1.416617e+000  5.320781e-001  1.372112e-002
      vertex  1.416592e+000  5.294193e-001  1.180150e-002
    endloop
  endfacet
  facet normal  2.752571e-001 -5.552484e-001  7.848139e-001
    outer loop
      vertex  1.422588e+000  5.329560e-001  1.220058e-002
      vertex  1.416592e+000  5.294193e-001  1.180150e-002
      vertex  1.420281e+000  5.298931e-001  1.084277e-002
    endloop
  endfacet
  facet normal  3.051255e-001 -5.685170e-001  7.639940e-001
    outer loop
      vertex  1.422588e+000  5.329560e-001  1.220058e-002
      vertex  1.420281e+000  5.298931e-001  1.084277e-002
      vertex  1.422274e+000  5.302438e-001  1.030786e-002
    endloop
  endfacet
  facet normal  3.372396e-001 -5.647274e-001  7.532280e-001
    outer loop
      vertex  1.422588e+000  5.329560e-001  1.220058e-002
      vertex  1.422274e+000  5.302438e-001  1.030786e-002
      vertex  1.423466e+000  5.303811e-001  9.877059e-003
    endloop
  endfacet
  facet normal  3.380501e-001 -5.643669e-001  7.531348e-001
    outer loop
      vertex  1.422588e+000  5.329560e-001  1.220058e-002
      vertex  1.423466e+000  5.303811e-001  9.877059e-003
      vertex  1.424497e+000  5.306232e-001  9.595622e-003
    endloop
  endfacet
  facet normal  3.447167e-001 -5.595503e-001  7.537068e-001
    outer loop
      vertex  1.422588e+000  5.329560e-001  1.220058e-002
      vertex  1.424497e+000  5.306232e-001  9.595622e-003
      vertex  1.424725e+000  5.306823e-001  9.535193e-003
    endloop
  endfacet
  facet normal  3.749213e-001 -5.350804e-001  7.570488e-001
    outer loop
      vertex  1.422588e+000  5.329560e-001  1.220058e-002
      vertex  1.424725e+000  5.306823e-001  9.535193e-003
      vertex  1.424860e+000  5.306963e-001  9.478271e-003
    endloop
  endfacet
  facet normal  5.374568e-001 -3.716130e-001  7.569968e-001
    outer loop
      vertex  1.422588e+000  5.329560e-001  1.220058e-002
      vertex  1.424860e+000  5.306963e-001  9.478271e-003
      vertex  1.425000e+000  5.306459e-001  9.354143e-003
    endloop
  endfacet
  facet normal  3.717231e-001 -5.412464e-001  7.542376e-001
    outer loop
      vertex  1.422588e+000  5.329560e-001  1.220058e-002
      vertex  1.425000e+000  5.306459e-001  9.354143e-003
      vertex  1.427671e+000  5.314122e-001  8.587745e-003
    endloop
  endfacet
  facet normal  3.544204e-001 -5.692403e-001  7.418569e-001
    outer loop
      vertex  1.422588e+000  5.329560e-001  1.220058e-002
      vertex  1.427671e+000  5.314122e-001  8.587745e-003
      vertex  1.427671e+000  5.339276e-001  1.051780e-002
    endloop
  endfacet
  facet normal  3.544142e-001 -7.418553e-001  5.692462e-001
    outer loop
      vertex  1.422588e+000  5.277995e-001  7.044009e-003
      vertex  1.427671e+000  5.294822e-001  6.072453e-003
      vertex  1.427671e+000  5.314122e-001  8.587745e-003
    endloop
  endfacet
  facet normal  3.717203e-001 -7.542388e-001  5.412468e-001
    outer loop
      vertex  1.422588e+000  5.277995e-001  7.044009e-003
      vertex  1.427671e+000  5.314122e-001  8.587745e-003
      vertex  1.425000e+000  5.306459e-001  9.354143e-003
    endloop
  endfacet
  facet normal  6.515033e-001 -7.272716e-001  2.159154e-001
    outer loop
      vertex  1.422588e+000  5.277995e-001  7.044009e-003
      vertex  1.425000e+000  5.306459e-001  9.354143e-003
      vertex  1.424914e+000  5.305555e-001  9.309185e-003
    endloop
  endfacet
  facet normal  3.939250e-001 -7.587749e-001  5.187329e-001
    outer loop
      vertex  1.422588e+000  5.277995e-001  7.044009e-003
      vertex  1.424914e+000  5.305555e-001  9.309185e-003
      vertex  1.424756e+000  5.304756e-001  9.312372e-003
    endloop
  endfacet
  facet normal  3.454623e-001 -7.537172e-001  5.590762e-001
    outer loop
      vertex  1.422588e+000  5.277995e-001  7.044009e-003
      vertex  1.424756e+000  5.304756e-001  9.312372e-003
      vertex  1.424470e+000  5.303984e-001  9.385246e-003
    endloop
  endfacet
  facet normal  3.372256e-001 -7.530577e-001  5.649629e-001
    outer loop
      vertex  1.422588e+000  5.277995e-001  7.044009e-003
      vertex  1.424470e+000  5.303984e-001  9.385246e-003
      vertex  1.423520e+000  5.301452e-001  9.614434e-003
    endloop
  endfacet
  facet normal  3.409218e-001 -7.526653e-001  5.632648e-001
    outer loop
      vertex  1.422588e+000  5.277995e-001  7.044009e-003
      vertex  1.423520e+000  5.301452e-001  9.614434e-003
      vertex  1.422425e+000  5.297323e-001  9.725802e-003
    endloop
  endfacet
  facet normal  3.067724e-001 -7.631634e-001  5.687464e-001
    outer loop
      vertex  1.422588e+000  5.277995e-001  7.044009e-003
      vertex  1.422425e+000  5.297323e-001  9.725802e-003
      vertex  1.420641e+000  5.292684e-001  1.006540e-002
    endloop
  endfacet
  facet normal  2.801206e-001 -7.799082e-001  5.597104e-001
    outer loop
      vertex  1.422588e+000  5.277995e-001  7.044009e-003
      vertex  1.420641e+000  5.292684e-001  1.006540e-002
      vertex  1.417066e+000  5.283162e-001  1.052799e-002
    endloop
  endfacet
  facet normal  2.807821e-001 -7.790120e-001  5.606261e-001
    outer loop
      vertex  1.422588e+000  5.277995e-001  7.044009e-003
      vertex  1.417066e+000  5.283162e-001  1.052799e-002
      vertex  1.416617e+000  5.262789e-001  7.921893e-003
    endloop
  endfacet
  facet normal -9.295682e-001 -3.460298e-001  1.271470e-001
    outer loop
      vertex  1.320228e+000  5.383163e-001  4.511513e-004
      vertex  1.320455e+000  5.375409e-001  3.011403e-019
      vertex  1.320912e+000  5.366454e-001  8.988691e-004
    endloop
  endfacet
  facet normal -8.720366e-001 -4.875445e-001 -4.304368e-002
    outer loop
      vertex  1.320912e+000  5.366454e-001  8.988691e-004
      vertex  1.320455e+000  5.375409e-001  3.011403e-019
      vertex  1.321795e+000  5.351444e-001  5.946160e-019
    endloop
  endfacet
  facet normal -8.316563e-001 -5.469550e-001  9.585484e-002
    outer loop
      vertex  1.320912e+000  5.366454e-001  8.988691e-004
      vertex  1.321795e+000  5.351444e-001  5.946160e-019
      vertex  1.322044e+000  5.350000e-001  1.339746e-003
    endloop
  endfacet
  facet normal -7.211638e-001 -6.901745e-001  5.984958e-002
    outer loop
      vertex  1.322044e+000  5.350000e-001  1.339746e-003
      vertex  1.321795e+000  5.351444e-001  5.946160e-019
      vertex  1.323618e+000  5.333927e-001  1.770427e-003
    endloop
  endfacet
  facet normal -7.321630e-001 -6.757481e-001  8.545163e-002
    outer loop
      vertex  1.323618e+000  5.333927e-001  1.770427e-003
      vertex  1.321795e+000  5.351444e-001  5.946160e-019
      vertex  1.323672e+000  5.331110e-001  8.436284e-019
    endloop
  endfacet
  facet normal -5.785130e-001 -8.080668e-001  1.111333e-001
    outer loop
      vertex  1.323618e+000  5.333927e-001  1.770427e-003
      vertex  1.323672e+000  5.331110e-001  8.436284e-019
      vertex  1.328039e+000  5.303408e-001  2.588191e-003
    endloop
  endfacet
  facet normal -6.039496e-001 -7.738893e-001  1.906308e-001
    outer loop
      vertex  1.328039e+000  5.303408e-001  2.588191e-003
      vertex  1.323672e+000  5.331110e-001  8.436284e-019
      vertex  1.326124e+000  5.311977e-001  1.077942e-018
    endloop
  endfacet
  facet normal -4.374148e-001 -8.988829e-001  2.603553e-002
    outer loop
      vertex  1.328039e+000  5.303408e-001  2.588191e-003
      vertex  1.326124e+000  5.311977e-001  1.077942e-018
      vertex  1.332329e+000  5.282689e-001  3.143333e-003
    endloop
  endfacet
  facet normal -4.699059e-001 -8.755985e-001  1.118740e-001
    outer loop
      vertex  1.332329e+000  5.282689e-001  3.143333e-003
      vertex  1.326124e+000  5.311977e-001  1.077942e-018
      vertex  1.332449e+000  5.278031e-001  1.493639e-018
    endloop
  endfacet
  facet normal -3.544973e-001 -9.268177e-001  1.238566e-001
    outer loop
      vertex  1.332329e+000  5.282689e-001  3.143333e-003
      vertex  1.332449e+000  5.278031e-001  1.493639e-018
      vertex  1.337412e+000  5.263920e-001  3.646247e-003
    endloop
  endfacet
  facet normal -3.567424e-001 -9.254704e-001  1.274339e-001
    outer loop
      vertex  1.337412e+000  5.263920e-001  3.646247e-003
      vertex  1.332449e+000  5.278031e-001  1.493639e-018
      vertex  1.336930e+000  5.260759e-001  1.705161e-018
    endloop
  endfacet
  facet normal -2.796465e-001 -9.526258e-001  1.195908e-001
    outer loop
      vertex  1.337412e+000  5.263920e-001  3.646247e-003
      vertex  1.336930e+000  5.260759e-001  1.705161e-018
      vertex  1.343383e+000  5.246961e-001  4.100674e-003
    endloop
  endfacet
  facet normal -2.911131e-001 -9.464307e-001  1.397220e-001
    outer loop
      vertex  1.343383e+000  5.246961e-001  4.100674e-003
      vertex  1.336930e+000  5.260759e-001  1.705161e-018
      vertex  1.341817e+000  5.245726e-001  1.889253e-018
    endloop
  endfacet
  facet normal -2.155847e-001 -9.700890e-001  1.115816e-001
    outer loop
      vertex  1.343383e+000  5.246961e-001  4.100674e-003
      vertex  1.341817e+000  5.245726e-001  1.889253e-018
      vertex  1.350000e+000  5.232697e-001  4.482877e-003
    endloop
  endfacet
  facet normal -2.287422e-001 -9.637353e-001  1.374460e-001
    outer loop
      vertex  1.350000e+000  5.232697e-001  4.482877e-003
      vertex  1.341817e+000  5.245726e-001  1.889253e-018
      vertex  1.348755e+000  5.229259e-001  2.090913e-018
    endloop
  endfacet
  facet normal -1.692211e-001 -9.779971e-001  1.220079e-001
    outer loop
      vertex  1.350000e+000  5.232697e-001  4.482877e-003
      vertex  1.348755e+000  5.229259e-001  2.090913e-018
      vertex  1.356091e+000  5.216565e-001  2.246364e-018
    endloop
  endfacet
  facet normal -1.361935e-001 -9.766099e-001  1.663865e-001
    outer loop
      vertex  1.350000e+000  5.232697e-001  4.482877e-003
      vertex  1.356091e+000  5.216565e-001  2.246364e-018
      vertex  1.364471e+000  5.213398e-001  5.000000e-003
    endloop
  endfacet
  facet normal -1.162870e-001 -9.843332e-001  1.325359e-001
    outer loop
      vertex  1.364471e+000  5.213398e-001  5.000000e-003
      vertex  1.356091e+000  5.216565e-001  2.246364e-018
      vertex  1.363919e+000  5.207317e-001  2.359600e-018
    endloop
  endfacet
  facet normal -6.793499e-002 -9.894682e-001  1.278187e-001
    outer loop
      vertex  1.364471e+000  5.213398e-001  5.000000e-003
      vertex  1.363919e+000  5.207317e-001  2.359600e-018
      vertex  1.371928e+000  5.201818e-001  2.426948e-018
    endloop
  endfacet
  facet normal  2.161603e-001 -9.675028e-001  1.311986e-001
    outer loop
      vertex  1.410000e+000  5.232697e-001  4.482877e-003
      vertex  1.410627e+000  5.228019e-001  2.106092e-018
      vertex  1.416617e+000  5.246961e-001  4.100674e-003
    endloop
  endfacet
  facet normal  2.404795e-001 -9.659959e-001  9.498236e-002
    outer loop
      vertex  1.416617e+000  5.246961e-001  4.100674e-003
      vertex  1.410627e+000  5.228019e-001  2.106092e-018
      vertex  1.420777e+000  5.253286e-001  1.796675e-018
    endloop
  endfacet
  facet normal  2.802807e-001 -9.499710e-001  1.378324e-001
    outer loop
      vertex  1.416617e+000  5.246961e-001  4.100674e-003
      vertex  1.420777e+000  5.253286e-001  1.796675e-018
      vertex  1.422588e+000  5.263920e-001  3.646247e-003
    endloop
  endfacet
  facet normal  3.531480e-001 -9.306300e-001  9.599196e-002
    outer loop
      vertex  1.422588e+000  5.263920e-001  3.646247e-003
      vertex  1.420777e+000  5.253286e-001  1.796675e-018
      vertex  1.427671e+000  5.282689e-001  3.143333e-003
    endloop
  endfacet
  facet normal  3.527099e-001 -9.306906e-001  9.700967e-002
    outer loop
      vertex  1.427671e+000  5.282689e-001  3.143333e-003
      vertex  1.420777e+000  5.253286e-001  1.796675e-018
      vertex  1.428858e+000  5.283912e-001  1.421628e-018
    endloop
  endfacet
  facet normal  4.448977e-001 -8.855631e-001  1.335812e-001
    outer loop
      vertex  1.427671e+000  5.282689e-001  3.143333e-003
      vertex  1.428858e+000  5.283912e-001  1.421628e-018
      vertex  1.431962e+000  5.303408e-001  2.588191e-003
    endloop
  endfacet
  facet normal  4.618365e-001 -8.802123e-001  1.092392e-001
    outer loop
      vertex  1.431962e+000  5.303408e-001  2.588191e-003
      vertex  1.428858e+000  5.283912e-001  1.421628e-018
      vertex  1.432287e+000  5.301904e-001  1.201297e-018
    endloop
  endfacet
  facet normal  5.790072e-001 -8.064887e-001  1.196940e-001
    outer loop
      vertex  1.431962e+000  5.303408e-001  2.588191e-003
      vertex  1.432287e+000  5.301904e-001  1.201297e-018
      vertex  1.436382e+000  5.333927e-001  1.770427e-003
    endloop
  endfacet
  facet normal  5.492018e-001 -8.118265e-001  1.982801e-001
    outer loop
      vertex  1.436382e+000  5.333927e-001  1.770427e-003
      vertex  1.432287e+000  5.301904e-001  1.201297e-018
      vertex  1.435194e+000  5.321566e-001  9.605074e-019
    endloop
  endfacet
  facet normal  7.154776e-001 -6.985937e-001  7.648677e-003
    outer loop
      vertex  1.436382e+000  5.333927e-001  1.770427e-003
      vertex  1.435194e+000  5.321566e-001  9.605074e-019
      vertex  1.437956e+000  5.350000e-001  1.339746e-003
    endloop
  endfacet
  facet normal  6.597974e-001 -7.282298e-001  1.853343e-001
    outer loop
      vertex  1.437956e+000  5.350000e-001  1.339746e-003
      vertex  1.435194e+000  5.321566e-001  9.605074e-019
      vertex  1.437283e+000  5.340497e-001  7.286700e-019
    endloop
  endfacet
  facet normal  8.224251e-001 -5.687962e-001 -9.379849e-003
    outer loop
      vertex  1.437956e+000  5.350000e-001  1.339746e-003
      vertex  1.437283e+000  5.340497e-001  7.286700e-019
      vertex  1.439089e+000  5.366454e-001  8.988691e-004
    endloop
  endfacet
  facet normal  7.823476e-001 -6.009063e-001  1.638409e-001
    outer loop
      vertex  1.439089e+000  5.366454e-001  8.988691e-004
      vertex  1.437283e+000  5.340497e-001  7.286700e-019
      vertex  1.438814e+000  5.360423e-001  4.846666e-019
    endloop
  endfacet
  facet normal  9.229892e-001 -3.840314e-001 -2.471582e-002
    outer loop
      vertex  1.439089e+000  5.366454e-001  8.988691e-004
      vertex  1.438814e+000  5.360423e-001  4.846666e-019
      vertex  1.439772e+000  5.383163e-001  4.511513e-004
    endloop
  endfacet
  facet normal  9.022663e-001 -4.079188e-001  1.397057e-001
    outer loop
      vertex  1.439772e+000  5.383163e-001  4.511513e-004
      vertex  1.438814e+000  5.360423e-001  4.846666e-019
      vertex  1.439700e+000  5.380041e-001  2.444241e-019
    endloop
  endfacet
  facet normal -8.105071e-001  4.531442e-001  3.711313e-001
    outer loop
      vertex  1.320455e+000  5.424591e-001  0.000000e+000
      vertex  1.320228e+000  5.416837e-001  4.511513e-004
      vertex  1.321795e+000  5.448556e-001  0.000000e+000
    endloop
  endfacet
  facet normal -8.913211e-001  4.139855e-001 -1.848320e-001
    outer loop
      vertex  1.321795e+000  5.448556e-001  0.000000e+000
      vertex  1.320228e+000  5.416837e-001  4.511513e-004
      vertex  1.320912e+000  5.433546e-001  8.988691e-004
    endloop
  endfacet
  facet normal -8.316563e-001  5.469550e-001  9.585484e-002
    outer loop
      vertex  1.321795e+000  5.448556e-001  0.000000e+000
      vertex  1.320912e+000  5.433546e-001  8.988691e-004
      vertex  1.322044e+000  5.450000e-001  1.339746e-003
    endloop
  endfacet
  facet normal -7.333651e-001  6.768576e-001  6.355624e-002
    outer loop
      vertex  1.321795e+000  5.448556e-001  0.000000e+000
      vertex  1.322044e+000  5.450000e-001  1.339746e-003
      vertex  1.323672e+000  5.468890e-001  0.000000e+000
    endloop
  endfacet
  facet normal -7.233325e-001  6.849736e-001  8.718549e-002
    outer loop
      vertex  1.323672e+000  5.468890e-001  0.000000e+000
      vertex  1.322044e+000  5.450000e-001  1.339746e-003
      vertex  1.323618e+000  5.466073e-001  1.770427e-003
    endloop
  endfacet
  facet normal -6.117471e-001  7.838808e-001  1.062839e-001
    outer loop
      vertex  1.323672e+000  5.468890e-001  0.000000e+000
      vertex  1.323618e+000  5.466073e-001  1.770427e-003
      vertex  1.326124e+000  5.488024e-001  0.000000e+000
    endloop
  endfacet
  facet normal -5.809209e-001  7.968554e-001  1.659892e-001
    outer loop
      vertex  1.326124e+000  5.488024e-001  0.000000e+000
      vertex  1.323618e+000  5.466073e-001  1.770427e-003
      vertex  1.328039e+000  5.496593e-001  2.588191e-003
    endloop
  endfacet
  facet normal -4.720770e-001  8.796440e-001  5.805036e-002
    outer loop
      vertex  1.326124e+000  5.488024e-001  0.000000e+000
      vertex  1.328039e+000  5.496593e-001  2.588191e-003
      vertex  1.332449e+000  5.521969e-001  0.000000e+000
    endloop
  endfacet
  facet normal -4.439633e-001  8.886610e-001  1.147971e-001
    outer loop
      vertex  1.332449e+000  5.521969e-001  0.000000e+000
      vertex  1.328039e+000  5.496593e-001  2.588191e-003
      vertex  1.332329e+000  5.517311e-001  3.143333e-003
    endloop
  endfacet
  facet normal -3.569154e-001  9.259192e-001  1.236314e-001
    outer loop
      vertex  1.332449e+000  5.521969e-001  0.000000e+000
      vertex  1.332329e+000  5.517311e-001  3.143333e-003
      vertex  1.336930e+000  5.539241e-001  0.000000e+000
    endloop
  endfacet
  facet normal -3.546419e-001  9.263057e-001  1.272285e-001
    outer loop
      vertex  1.336930e+000  5.539241e-001  0.000000e+000
      vertex  1.332329e+000  5.517311e-001  3.143333e-003
      vertex  1.337412e+000  5.536080e-001  3.646247e-003
    endloop
  endfacet
  facet normal -2.918414e-001  9.487985e-001  1.208720e-001
    outer loop
      vertex  1.336930e+000  5.539241e-001  0.000000e+000
      vertex  1.337412e+000  5.536080e-001  3.646247e-003
      vertex  1.341817e+000  5.554274e-001  0.000000e+000
    endloop
  endfacet
  facet normal -2.802105e-001  9.503025e-001  1.356737e-001
    outer loop
      vertex  1.341817e+000  5.554274e-001  0.000000e+000
      vertex  1.337412e+000  5.536080e-001  3.646247e-003
      vertex  1.343383e+000  5.553039e-001  4.100674e-003
    endloop
  endfacet
  facet normal -2.293552e-001  9.663181e-001  1.167285e-001
    outer loop
      vertex  1.341817e+000  5.554274e-001  0.000000e+000
      vertex  1.343383e+000  5.553039e-001  4.100674e-003
      vertex  1.348755e+000  5.570742e-001  0.000000e+000
    endloop
  endfacet
  facet normal -2.162418e-001  9.670687e-001  1.342297e-001
    outer loop
      vertex  1.348755e+000  5.570742e-001  0.000000e+000
      vertex  1.343383e+000  5.553039e-001  4.100674e-003
      vertex  1.350000e+000  5.567304e-001  4.482877e-003
    endloop
  endfacet
  facet normal -1.692211e-001  9.779971e-001  1.220079e-001
    outer loop
      vertex  1.348755e+000  5.570742e-001  0.000000e+000
      vertex  1.350000e+000  5.567304e-001  4.482877e-003
      vertex  1.356091e+000  5.583436e-001  0.000000e+000
    endloop
  endfacet
  facet normal -1.150886e-001  9.741889e-001  1.941925e-001
    outer loop
      vertex  1.356091e+000  5.583436e-001  0.000000e+000
      vertex  1.350000e+000  5.567304e-001  4.482877e-003
      vertex  1.363919e+000  5.592683e-001  0.000000e+000
    endloop
  endfacet
  facet normal -1.357137e-001  9.815967e-001  1.343493e-001
    outer loop
      vertex  1.363919e+000  5.592683e-001  0.000000e+000
      vertex  1.350000e+000  5.567304e-001  4.482877e-003
      vertex  1.364471e+000  5.586603e-001  5.000000e-003
    endloop
  endfacet
  facet normal -6.793499e-002  9.894682e-001  1.278187e-001
    outer loop
      vertex  1.363919e+000  5.592683e-001  0.000000e+000
      vertex  1.364471e+000  5.586603e-001  5.000000e-003
      vertex  1.371928e+000  5.598182e-001  0.000000e+000
    endloop
  endfacet
  facet normal -4.363317e-002  9.856318e-001  1.631753e-001
    outer loop
      vertex  1.371928e+000  5.598182e-001  0.000000e+000
      vertex  1.364471e+000  5.586603e-001  5.000000e-003
      vertex  1.380000e+000  5.593185e-001  5.176381e-003
    endloop
  endfacet
  facet normal  1.388173e-004  9.953947e-001  9.586086e-002
    outer loop
      vertex  1.371928e+000  5.598182e-001  0.000000e+000
      vertex  1.380000e+000  5.593185e-001  5.176381e-003
      vertex  1.388121e+000  5.598159e-001  0.000000e+000
    endloop
  endfacet
  facet normal  2.139591e-001  9.745589e-001  6.675660e-002
    outer loop
      vertex  1.416617e+000  5.553039e-001  4.100674e-003
      vertex  1.420777e+000  5.546715e-001  0.000000e+000
      vertex  1.410000e+000  5.567304e-001  4.482877e-003
    endloop
  endfacet
  facet normal  2.393982e-001  9.616525e-001  1.338394e-001
    outer loop
      vertex  1.410000e+000  5.567304e-001  4.482877e-003
      vertex  1.420777e+000  5.546715e-001  0.000000e+000
      vertex  1.410627e+000  5.571982e-001  0.000000e+000
    endloop
  endfacet
  facet normal  1.516476e-001  9.806828e-001  1.235480e-001
    outer loop
      vertex  1.410000e+000  5.567304e-001  4.482877e-003
      vertex  1.410627e+000  5.571982e-001  0.000000e+000
      vertex  1.399613e+000  5.589014e-001  0.000000e+000
    endloop
  endfacet
  facet normal  9.300783e-001  3.540409e-001  9.802769e-002
    outer loop
      vertex  1.439772e+000  5.416837e-001  4.511513e-004
      vertex  1.439700e+000  5.419959e-001  0.000000e+000
      vertex  1.439089e+000  5.433546e-001  8.988691e-004
    endloop
  endfacet
  facet normal  9.111999e-001  4.119577e-001 -2.369825e-003
    outer loop
      vertex  1.439089e+000  5.433546e-001  8.988691e-004
      vertex  1.439700e+000  5.419959e-001  0.000000e+000
      vertex  1.438814e+000  5.439578e-001  0.000000e+000
    endloop
  endfacet
  facet normal  8.321642e-001  5.434946e-001  1.100749e-001
    outer loop
      vertex  1.439089e+000  5.433546e-001  8.988691e-004
      vertex  1.438814e+000  5.439578e-001  0.000000e+000
      vertex  1.437956e+000  5.450000e-001  1.339746e-003
    endloop
  endfacet
  facet normal  7.926072e-001  6.087865e-001  3.395154e-002
    outer loop
      vertex  1.437956e+000  5.450000e-001  1.339746e-003
      vertex  1.438814e+000  5.439578e-001  0.000000e+000
      vertex  1.437283e+000  5.459503e-001  0.000000e+000
    endloop
  endfacet
  facet normal  7.250759e-001  6.785948e-001  1.173626e-001
    outer loop
      vertex  1.437956e+000  5.450000e-001  1.339746e-003
      vertex  1.437283e+000  5.459503e-001  0.000000e+000
      vertex  1.436382e+000  5.466073e-001  1.770427e-003
    endloop
  endfacet
  facet normal  6.699338e-001  7.394175e-001  6.671198e-002
    outer loop
      vertex  1.436382e+000  5.466073e-001  1.770427e-003
      vertex  1.437283e+000  5.459503e-001  0.000000e+000
      vertex  1.435194e+000  5.478434e-001  0.000000e+000
    endloop
  endfacet
  facet normal  5.809336e-001  7.967479e-001  1.664598e-001
    outer loop
      vertex  1.436382e+000  5.466073e-001  1.770427e-003
      vertex  1.435194e+000  5.478434e-001  0.000000e+000
      vertex  1.431962e+000  5.496593e-001  2.588191e-003
    endloop
  endfacet
  facet normal  5.564266e-001  8.225061e-001  1.177843e-001
    outer loop
      vertex  1.431962e+000  5.496593e-001  2.588191e-003
      vertex  1.435194e+000  5.478434e-001  0.000000e+000
      vertex  1.432287e+000  5.498096e-001  0.000000e+000
    endloop
  endfacet
  facet normal  4.435571e-001  8.897762e-001  1.074956e-001
    outer loop
      vertex  1.431962e+000  5.496593e-001  2.588191e-003
      vertex  1.432287e+000  5.498096e-001  0.000000e+000
      vertex  1.427671e+000  5.517311e-001  3.143333e-003
    endloop
  endfacet
  facet normal  4.600643e-001  8.768347e-001  1.396485e-001
    outer loop
      vertex  1.427671e+000  5.517311e-001  3.143333e-003
      vertex  1.432287e+000  5.498096e-001  0.000000e+000
      vertex  1.428858e+000  5.516089e-001  0.000000e+000
    endloop
  endfacet
  facet normal  3.532126e-001  9.304792e-001  9.720777e-002
    outer loop
      vertex  1.427671e+000  5.517311e-001  3.143333e-003
      vertex  1.428858e+000  5.516089e-001  0.000000e+000
      vertex  1.422588e+000  5.536080e-001  3.646247e-003
    endloop
  endfacet
  facet normal  3.527365e-001  9.307609e-001  9.623458e-002
    outer loop
      vertex  1.422588e+000  5.536080e-001  3.646247e-003
      vertex  1.428858e+000  5.516089e-001  0.000000e+000
      vertex  1.420777e+000  5.546715e-001  0.000000e+000
    endloop
  endfacet
  facet normal  2.802807e-001  9.499710e-001  1.378324e-001
    outer loop
      vertex  1.422588e+000  5.536080e-001  3.646247e-003
      vertex  1.420777e+000  5.546715e-001  0.000000e+000
      vertex  1.416617e+000  5.553039e-001  4.100674e-003
    endloop
  endfacet
  facet normal -9.289970e-001  3.419174e-001  1.416231e-001
    outer loop
      vertex  1.320228e+000  5.416837e-001  4.511513e-004
      vertex  1.320228e+000  5.415096e-001  8.715575e-004
      vertex  1.320912e+000  5.433546e-001  8.988691e-004
    endloop
  endfacet
  facet normal -9.289978e-001  3.419178e-001  1.416161e-001
    outer loop
      vertex  1.320912e+000  5.433546e-001  8.988691e-004
      vertex  1.320228e+000  5.415096e-001  8.715575e-004
      vertex  1.320912e+000  5.430077e-001  1.736482e-003
    endloop
  endfacet
  facet normal -8.304520e-001  5.146901e-001  2.131752e-001
    outer loop
      vertex  1.320912e+000  5.433546e-001  8.988691e-004
      vertex  1.320912e+000  5.430077e-001  1.736482e-003
      vertex  1.322044e+000  5.450000e-001  1.339746e-003
    endloop
  endfacet
  facet normal -8.304440e-001  5.146912e-001  2.132037e-001
    outer loop
      vertex  1.322044e+000  5.450000e-001  1.339746e-003
      vertex  1.320912e+000  5.430077e-001  1.736482e-003
      vertex  1.322044e+000  5.444829e-001  2.588191e-003
    endloop
  endfacet
  facet normal -7.235302e-001  6.377422e-001  2.641759e-001
    outer loop
      vertex  1.322044e+000  5.450000e-001  1.339746e-003
      vertex  1.322044e+000  5.444829e-001  2.588191e-003
      vertex  1.323618e+000  5.466073e-001  1.770427e-003
    endloop
  endfacet
  facet normal -7.235382e-001  6.377409e-001  2.641572e-001
    outer loop
      vertex  1.323618e+000  5.466073e-001  1.770427e-003
      vertex  1.322044e+000  5.444829e-001  2.588191e-003
      vertex  1.323618e+000  5.459239e-001  3.420202e-003
    endloop
  endfacet
  facet normal -5.782273e-001  7.537724e-001  3.122184e-001
    outer loop
      vertex  1.323618e+000  5.466073e-001  1.770427e-003
      vertex  1.323618e+000  5.459239e-001  3.420202e-003
      vertex  1.328039e+000  5.496593e-001  2.588191e-003
    endloop
  endfacet
  facet normal -5.782299e-001  7.537737e-001  3.122103e-001
    outer loop
      vertex  1.328039e+000  5.496593e-001  2.588191e-003
      vertex  1.323618e+000  5.459239e-001  3.420202e-003
      vertex  1.328039e+000  5.486603e-001  5.000000e-003
    endloop
  endfacet
  facet normal -4.440789e-001  8.277897e-001  3.428674e-001
    outer loop
      vertex  1.328039e+000  5.496593e-001  2.588191e-003
      vertex  1.328039e+000  5.486603e-001  5.000000e-003
      vertex  1.332329e+000  5.517311e-001  3.143333e-003
    endloop
  endfacet
  facet normal -4.440751e-001  8.277888e-001  3.428745e-001
    outer loop
      vertex  1.332329e+000  5.517311e-001  3.143333e-003
      vertex  1.328039e+000  5.486603e-001  5.000000e-003
      vertex  1.332329e+000  5.505179e-001  6.072453e-003
    endloop
  endfacet
  facet normal -3.544188e-001  8.639101e-001  3.578362e-001
    outer loop
      vertex  1.332329e+000  5.517311e-001  3.143333e-003
      vertex  1.332329e+000  5.505179e-001  6.072453e-003
      vertex  1.337412e+000  5.536080e-001  3.646247e-003
    endloop
  endfacet
  facet normal -3.544134e-001  8.639085e-001  3.578453e-001
    outer loop
      vertex  1.337412e+000  5.536080e-001  3.646247e-003
      vertex  1.332329e+000  5.505179e-001  6.072453e-003
      vertex  1.337412e+000  5.522006e-001  7.044009e-003
    endloop
  endfacet
  facet normal -2.798555e-001  8.869623e-001  3.673946e-001
    outer loop
      vertex  1.337412e+000  5.536080e-001  3.646247e-003
      vertex  1.337412e+000  5.522006e-001  7.044009e-003
      vertex  1.343383e+000  5.553039e-001  4.100674e-003
    endloop
  endfacet
  facet normal -2.798619e-001  8.869646e-001  3.673841e-001
    outer loop
      vertex  1.343383e+000  5.553039e-001  4.100674e-003
      vertex  1.337412e+000  5.522006e-001  7.044009e-003
      vertex  1.343383e+000  5.537211e-001  7.921893e-003
    endloop
  endfacet
  facet normal -2.160563e-001  9.020614e-001  3.736373e-001
    outer loop
      vertex  1.343383e+000  5.553039e-001  4.100674e-003
      vertex  1.343383e+000  5.537211e-001  7.921893e-003
      vertex  1.350000e+000  5.567304e-001  4.482877e-003
    endloop
  endfacet
  facet normal -2.160487e-001  9.020583e-001  3.736492e-001
    outer loop
      vertex  1.350000e+000  5.567304e-001  4.482877e-003
      vertex  1.343383e+000  5.537211e-001  7.921893e-003
      vertex  1.350000e+000  5.550000e-001  8.660255e-003
    endloop
  endfacet
  facet normal -1.356256e-001  9.153415e-001  3.791513e-001
    outer loop
      vertex  1.350000e+000  5.567304e-001  4.482877e-003
      vertex  1.350000e+000  5.550000e-001  8.660255e-003
      vertex  1.364471e+000  5.586603e-001  5.000000e-003
    endloop
  endfacet
  facet normal -1.356267e-001  9.153426e-001  3.791481e-001
    outer loop
      vertex  1.364471e+000  5.586603e-001  5.000000e-003
      vertex  1.350000e+000  5.550000e-001  8.660255e-003
      vertex  1.364471e+000  5.567304e-001  9.659259e-003
    endloop
  endfacet
  facet normal -4.346761e-002  9.230061e-001  3.823224e-001
    outer loop
      vertex  1.364471e+000  5.586603e-001  5.000000e-003
      vertex  1.364471e+000  5.567304e-001  9.659259e-003
      vertex  1.380000e+000  5.593185e-001  5.176381e-003
    endloop
  endfacet
  facet normal -4.346560e-002  9.230038e-001  3.823280e-001
    outer loop
      vertex  1.380000e+000  5.593185e-001  5.176381e-003
      vertex  1.364471e+000  5.567304e-001  9.659259e-003
      vertex  1.380000e+000  5.573205e-001  1.000000e-002
    endloop
  endfacet
  facet normal  4.346758e-002  9.230037e-001  3.823280e-001
    outer loop
      vertex  1.380000e+000  5.593185e-001  5.176381e-003
      vertex  1.380000e+000  5.573205e-001  1.000000e-002
      vertex  1.395529e+000  5.586603e-001  5.000000e-003
    endloop
  endfacet
  facet normal  4.346557e-002  9.230062e-001  3.823224e-001
    outer loop
      vertex  1.395529e+000  5.586603e-001  5.000000e-003
      vertex  1.380000e+000  5.573205e-001  1.000000e-002
      vertex  1.395529e+000  5.567304e-001  9.659259e-003
    endloop
  endfacet
  facet normal  1.356256e-001  9.153428e-001  3.791482e-001
    outer loop
      vertex  1.395529e+000  5.586603e-001  5.000000e-003
      vertex  1.395529e+000  5.567304e-001  9.659259e-003
      vertex  1.410000e+000  5.567304e-001  4.482877e-003
    endloop
  endfacet
  facet normal  1.356268e-001  9.153413e-001  3.791513e-001
    outer loop
      vertex  1.410000e+000  5.567304e-001  4.482877e-003
      vertex  1.395529e+000  5.567304e-001  9.659259e-003
      vertex  1.410000e+000  5.550000e-001  8.660255e-003
    endloop
  endfacet
  facet normal  2.160560e-001  9.020569e-001  3.736486e-001
    outer loop
      vertex  1.410000e+000  5.567304e-001  4.482877e-003
      vertex  1.410000e+000  5.550000e-001  8.660255e-003
      vertex  1.416617e+000  5.553039e-001  4.100674e-003
    endloop
  endfacet
  facet normal  2.160484e-001  9.020631e-001  3.736379e-001
    outer loop
      vertex  1.416617e+000  5.553039e-001  4.100674e-003
      vertex  1.410000e+000  5.550000e-001  8.660255e-003
      vertex  1.416617e+000  5.537211e-001  7.921893e-003
    endloop
  endfacet
  facet normal  2.798559e-001  8.869662e-001  3.673848e-001
    outer loop
      vertex  1.416617e+000  5.553039e-001  4.100674e-003
      vertex  1.416617e+000  5.537211e-001  7.921893e-003
      vertex  1.422588e+000  5.536080e-001  3.646247e-003
    endloop
  endfacet
  facet normal  2.798623e-001  8.869604e-001  3.673939e-001
    outer loop
      vertex  1.422588e+000  5.536080e-001  3.646247e-003
      vertex  1.416617e+000  5.537211e-001  7.921893e-003
      vertex  1.422588e+000  5.522006e-001  7.044009e-003
    endloop
  endfacet
  facet normal  3.544184e-001  8.639067e-001  3.578446e-001
    outer loop
      vertex  1.422588e+000  5.536080e-001  3.646247e-003
      vertex  1.422588e+000  5.522006e-001  7.044009e-003
      vertex  1.427671e+000  5.517311e-001  3.143333e-003
    endloop
  endfacet
  facet normal  3.544130e-001  8.639122e-001  3.578370e-001
    outer loop
      vertex  1.427671e+000  5.517311e-001  3.143333e-003
      vertex  1.422588e+000  5.522006e-001  7.044009e-003
      vertex  1.427671e+000  5.505179e-001  6.072453e-003
    endloop
  endfacet
  facet normal  4.440785e-001  8.277873e-001  3.428739e-001
    outer loop
      vertex  1.427671e+000  5.517311e-001  3.143333e-003
      vertex  1.427671e+000  5.505179e-001  6.072453e-003
      vertex  1.431962e+000  5.496593e-001  2.588191e-003
    endloop
  endfacet
  facet normal  4.440748e-001  8.277916e-001  3.428682e-001
    outer loop
      vertex  1.431962e+000  5.496593e-001  2.588191e-003
      vertex  1.427671e+000  5.505179e-001  6.072453e-003
      vertex  1.431962e+000  5.486603e-001  5.000000e-003
    endloop
  endfacet
  facet normal  5.782278e-001  7.537752e-001  3.122109e-001
    outer loop
      vertex  1.431962e+000  5.496593e-001  2.588191e-003
      vertex  1.431962e+000  5.486603e-001  5.000000e-003
      vertex  1.436382e+000  5.466073e-001  1.770427e-003
    endloop
  endfacet
  facet normal  5.782304e-001  7.537704e-001  3.122176e-001
    outer loop
      vertex  1.436382e+000  5.466073e-001  1.770427e-003
      vertex  1.431962e+000  5.486603e-001  5.000000e-003
      vertex  1.436382e+000  5.459239e-001  3.420202e-003
    endloop
  endfacet
  facet normal  7.235313e-001  6.377475e-001  2.641599e-001
    outer loop
      vertex  1.436382e+000  5.466073e-001  1.770427e-003
      vertex  1.436382e+000  5.459239e-001  3.420202e-003
      vertex  1.437956e+000  5.450000e-001  1.339746e-003
    endloop
  endfacet
  facet normal  7.235393e-001  6.377335e-001  2.641723e-001
    outer loop
      vertex  1.437956e+000  5.450000e-001  1.339746e-003
      vertex  1.436382e+000  5.459239e-001  3.420202e-003
      vertex  1.437956e+000  5.444829e-001  2.588191e-003
    endloop
  endfacet
  facet normal  8.304504e-001  5.146824e-001  2.132000e-001
    outer loop
      vertex  1.437956e+000  5.450000e-001  1.339746e-003
      vertex  1.437956e+000  5.444829e-001  2.588191e-003
      vertex  1.439089e+000  5.433546e-001  8.988691e-004
    endloop
  endfacet
  facet normal  8.304424e-001  5.147033e-001  2.131807e-001
    outer loop
      vertex  1.439089e+000  5.433546e-001  8.988691e-004
      vertex  1.437956e+000  5.444829e-001  2.588191e-003
      vertex  1.439089e+000  5.430077e-001  1.736482e-003
    endloop
  endfacet
  facet normal  9.289973e-001  3.419192e-001  1.416167e-001
    outer loop
      vertex  1.439089e+000  5.433546e-001  8.988691e-004
      vertex  1.439089e+000  5.430077e-001  1.736482e-003
      vertex  1.439772e+000  5.416837e-001  4.511513e-004
    endloop
  endfacet
  facet normal  9.289982e-001  3.419146e-001  1.416219e-001
    outer loop
      vertex  1.439772e+000  5.416837e-001  4.511513e-004
      vertex  1.439089e+000  5.430077e-001  1.736482e-003
      vertex  1.439772e+000  5.415096e-001  8.715575e-004
    endloop
  endfacet
  facet normal -9.289975e-001  2.935991e-001  2.253070e-001
    outer loop
      vertex  1.320228e+000  5.415096e-001  8.715575e-004
      vertex  1.320228e+000  5.412326e-001  1.232568e-003
      vertex  1.320912e+000  5.430077e-001  1.736482e-003
    endloop
  endfacet
  facet normal -9.289987e-001  2.936022e-001  2.252980e-001
    outer loop
      vertex  1.320912e+000  5.430077e-001  1.736482e-003
      vertex  1.320228e+000  5.412326e-001  1.232568e-003
      vertex  1.320912e+000  5.424558e-001  2.455756e-003
    endloop
  endfacet
  facet normal -8.304435e-001  4.419728e-001  3.391513e-001
    outer loop
      vertex  1.320912e+000  5.430077e-001  1.736482e-003
      vertex  1.320912e+000  5.424558e-001  2.455756e-003
      vertex  1.322044e+000  5.444829e-001  2.588191e-003
    endloop
  endfacet
  facet normal -8.304521e-001  4.419796e-001  3.391213e-001
    outer loop
      vertex  1.322044e+000  5.444829e-001  2.588191e-003
      vertex  1.320912e+000  5.424558e-001  2.455756e-003
      vertex  1.322044e+000  5.436603e-001  3.660254e-003
    endloop
  endfacet
  facet normal -7.235394e-001  5.476514e-001  4.202009e-001
    outer loop
      vertex  1.322044e+000  5.444829e-001  2.588191e-003
      vertex  1.322044e+000  5.436603e-001  3.660254e-003
      vertex  1.323618e+000  5.459239e-001  3.420202e-003
    endloop
  endfacet
  facet normal -7.235339e-001  5.476488e-001  4.202136e-001
    outer loop
      vertex  1.323618e+000  5.459239e-001  3.420202e-003
      vertex  1.322044e+000  5.436603e-001  3.660254e-003
      vertex  1.323618e+000  5.448369e-001  4.836896e-003
    endloop
  endfacet
  facet normal -5.782307e-001  6.472827e-001  4.966632e-001
    outer loop
      vertex  1.323618e+000  5.459239e-001  3.420202e-003
      vertex  1.323618e+000  5.448369e-001  4.836896e-003
      vertex  1.328039e+000  5.486603e-001  5.000000e-003
    endloop
  endfacet
  facet normal -5.782232e-001  6.472729e-001  4.966847e-001
    outer loop
      vertex  1.328039e+000  5.486603e-001  5.000000e-003
      vertex  1.323618e+000  5.448369e-001  4.836896e-003
      vertex  1.328039e+000  5.470711e-001  7.071068e-003
    endloop
  endfacet
  facet normal -4.440747e-001  7.108286e-001  5.454541e-001
    outer loop
      vertex  1.328039e+000  5.486603e-001  5.000000e-003
      vertex  1.328039e+000  5.470711e-001  7.071068e-003
      vertex  1.332329e+000  5.505179e-001  6.072453e-003
    endloop
  endfacet
  facet normal -4.440815e-001  7.108335e-001  5.454424e-001
    outer loop
      vertex  1.332329e+000  5.505179e-001  6.072453e-003
      vertex  1.328039e+000  5.470711e-001  7.071068e-003
      vertex  1.332329e+000  5.485878e-001  8.587745e-003
    endloop
  endfacet
  facet normal -3.544142e-001  7.418553e-001  5.692462e-001
    outer loop
      vertex  1.332329e+000  5.505179e-001  6.072453e-003
      vertex  1.332329e+000  5.485878e-001  8.587745e-003
      vertex  1.337412e+000  5.522006e-001  7.044009e-003
    endloop
  endfacet
  facet normal -3.544167e-001  7.418571e-001  5.692424e-001
    outer loop
      vertex  1.337412e+000  5.522006e-001  7.044009e-003
      vertex  1.332329e+000  5.485878e-001  8.587745e-003
      vertex  1.337412e+000  5.499617e-001  9.961734e-003
    endloop
  endfacet
  facet normal -2.798618e-001  7.616534e-001  5.844326e-001
    outer loop
      vertex  1.337412e+000  5.522006e-001  7.044009e-003
      vertex  1.337412e+000  5.499617e-001  9.961734e-003
      vertex  1.343383e+000  5.537211e-001  7.921893e-003
    endloop
  endfacet
  facet normal -2.798584e-001  7.616508e-001  5.844377e-001
    outer loop
      vertex  1.343383e+000  5.537211e-001  7.921893e-003
      vertex  1.337412e+000  5.499617e-001  9.961734e-003
      vertex  1.343383e+000  5.512033e-001  1.120325e-002
    endloop
  endfacet
  facet normal -2.160487e-001  7.746152e-001  5.943856e-001
    outer loop
      vertex  1.343383e+000  5.537211e-001  7.921893e-003
      vertex  1.343383e+000  5.512033e-001  1.120325e-002
      vertex  1.350000e+000  5.550000e-001  8.660255e-003
    endloop
  endfacet
  facet normal -2.160486e-001  7.746150e-001  5.943857e-001
    outer loop
      vertex  1.350000e+000  5.550000e-001  8.660255e-003
      vertex  1.343383e+000  5.512033e-001  1.120325e-002
      vertex  1.350000e+000  5.522475e-001  1.224745e-002
    endloop
  endfacet
  facet normal -1.356265e-001  7.860215e-001  6.031382e-001
    outer loop
      vertex  1.350000e+000  5.550000e-001  8.660255e-003
      vertex  1.350000e+000  5.522475e-001  1.224745e-002
      vertex  1.364471e+000  5.567304e-001  9.659259e-003
    endloop
  endfacet
  facet normal -1.356274e-001  7.860231e-001  6.031359e-001
    outer loop
      vertex  1.364471e+000  5.567304e-001  9.659259e-003
      vertex  1.350000e+000  5.522475e-001  1.224745e-002
      vertex  1.364471e+000  5.536603e-001  1.366025e-002
    endloop
  endfacet
  facet normal -4.346585e-002  7.926039e-001  6.081855e-001
    outer loop
      vertex  1.364471e+000  5.567304e-001  9.659259e-003
      vertex  1.364471e+000  5.536603e-001  1.366025e-002
      vertex  1.380000e+000  5.573205e-001  1.000000e-002
    endloop
  endfacet
  facet normal -4.346702e-002  7.926061e-001  6.081827e-001
    outer loop
      vertex  1.380000e+000  5.573205e-001  1.000000e-002
      vertex  1.364471e+000  5.536603e-001  1.366025e-002
      vertex  1.380000e+000  5.541422e-001  1.414214e-002
    endloop
  endfacet
  facet normal  4.346587e-002  7.926062e-001  6.081827e-001
    outer loop
      vertex  1.380000e+000  5.573205e-001  1.000000e-002
      vertex  1.380000e+000  5.541422e-001  1.414214e-002
      vertex  1.395529e+000  5.567304e-001  9.659259e-003
    endloop
  endfacet
  facet normal  4.346704e-002  7.926039e-001  6.081855e-001
    outer loop
      vertex  1.395529e+000  5.567304e-001  9.659259e-003
      vertex  1.380000e+000  5.541422e-001  1.414214e-002
      vertex  1.395529e+000  5.536603e-001  1.366025e-002
    endloop
  endfacet
  facet normal  1.356265e-001  7.860232e-001  6.031359e-001
    outer loop
      vertex  1.395529e+000  5.567304e-001  9.659259e-003
      vertex  1.395529e+000  5.536603e-001  1.366025e-002
      vertex  1.410000e+000  5.550000e-001  8.660255e-003
    endloop
  endfacet
  facet normal  1.356274e-001  7.860214e-001  6.031381e-001
    outer loop
      vertex  1.410000e+000  5.550000e-001  8.660255e-003
      vertex  1.395529e+000  5.536603e-001  1.366025e-002
      vertex  1.410000e+000  5.522475e-001  1.224745e-002
    endloop
  endfacet
  facet normal  2.160487e-001  7.746150e-001  5.943857e-001
    outer loop
      vertex  1.410000e+000  5.550000e-001  8.660255e-003
      vertex  1.410000e+000  5.522475e-001  1.224745e-002
      vertex  1.416617e+000  5.537211e-001  7.921893e-003
    endloop
  endfacet
  facet normal  2.160486e-001  7.746152e-001  5.943856e-001
    outer loop
      vertex  1.416617e+000  5.537211e-001  7.921893e-003
      vertex  1.410000e+000  5.522475e-001  1.224745e-002
      vertex  1.416617e+000  5.512033e-001  1.120325e-002
    endloop
  endfacet
  facet normal  2.798616e-001  7.616500e-001  5.844371e-001
    outer loop
      vertex  1.416617e+000  5.537211e-001  7.921893e-003
      vertex  1.416617e+000  5.512033e-001  1.120325e-002
      vertex  1.422588e+000  5.522006e-001  7.044009e-003
    endloop
  endfacet
  facet normal  2.798582e-001  7.616543e-001  5.844332e-001
    outer loop
      vertex  1.422588e+000  5.522006e-001  7.044009e-003
      vertex  1.416617e+000  5.512033e-001  1.120325e-002
      vertex  1.422588e+000  5.499617e-001  9.961734e-003
    endloop
  endfacet
  facet normal  3.544144e-001  7.418577e-001  5.692429e-001
    outer loop
      vertex  1.422588e+000  5.522006e-001  7.044009e-003
      vertex  1.422588e+000  5.499617e-001  9.961734e-003
      vertex  1.427671e+000  5.505179e-001  6.072453e-003
    endloop
  endfacet
  facet normal  3.544168e-001  7.418545e-001  5.692456e-001
    outer loop
      vertex  1.427671e+000  5.505179e-001  6.072453e-003
      vertex  1.422588e+000  5.499617e-001  9.961734e-003
      vertex  1.427671e+000  5.485878e-001  8.587745e-003
    endloop
  endfacet
  facet normal  4.440754e-001  7.108359e-001  5.454442e-001
    outer loop
      vertex  1.427671e+000  5.505179e-001  6.072453e-003
      vertex  1.427671e+000  5.485878e-001  8.587745e-003
      vertex  1.431962e+000  5.486603e-001  5.000000e-003
    endloop
  endfacet
  facet normal  4.440821e-001  7.108257e-001  5.454520e-001
    outer loop
      vertex  1.431962e+000  5.486603e-001  5.000000e-003
      vertex  1.427671e+000  5.485878e-001  8.587745e-003
      vertex  1.431962e+000  5.470711e-001  7.071068e-003
    endloop
  endfacet
  facet normal  5.782294e-001  6.472695e-001  4.966820e-001
    outer loop
      vertex  1.431962e+000  5.486603e-001  5.000000e-003
      vertex  1.431962e+000  5.470711e-001  7.071068e-003
      vertex  1.436382e+000  5.459239e-001  3.420202e-003
    endloop
  endfacet
  facet normal  5.782217e-001  6.472878e-001  4.966671e-001
    outer loop
      vertex  1.436382e+000  5.459239e-001  3.420202e-003
      vertex  1.431962e+000  5.470711e-001  7.071068e-003
      vertex  1.436382e+000  5.448369e-001  4.836896e-003
    endloop
  endfacet
  facet normal  7.235386e-001  5.476449e-001  4.202106e-001
    outer loop
      vertex  1.436382e+000  5.459239e-001  3.420202e-003
      vertex  1.436382e+000  5.448369e-001  4.836896e-003
      vertex  1.437956e+000  5.444829e-001  2.588191e-003
    endloop
  endfacet
  facet normal  7.235331e-001  5.476565e-001  4.202048e-001
    outer loop
      vertex  1.437956e+000  5.444829e-001  2.588191e-003
      vertex  1.436382e+000  5.448369e-001  4.836896e-003
      vertex  1.437956e+000  5.436603e-001  3.660254e-003
    endloop
  endfacet
  facet normal  8.304452e-001  4.419878e-001  3.391276e-001
    outer loop
      vertex  1.437956e+000  5.444829e-001  2.588191e-003
      vertex  1.437956e+000  5.436603e-001  3.660254e-003
      vertex  1.439089e+000  5.430077e-001  1.736482e-003
    endloop
  endfacet
  facet normal  8.304539e-001  4.419606e-001  3.391419e-001
    outer loop
      vertex  1.439089e+000  5.430077e-001  1.736482e-003
      vertex  1.437956e+000  5.436603e-001  3.660254e-003
      vertex  1.439089e+000  5.424558e-001  2.455756e-003
    endloop
  endfacet
  facet normal  9.289979e-001  2.936038e-001  2.252992e-001
    outer loop
      vertex  1.439089e+000  5.430077e-001  1.736482e-003
      vertex  1.439089e+000  5.424558e-001  2.455756e-003
      vertex  1.439772e+000  5.415096e-001  8.715575e-004
    endloop
  endfacet
  facet normal  9.289991e-001  2.935959e-001  2.253045e-001
    outer loop
      vertex  1.439772e+000  5.415096e-001  8.715575e-004
      vertex  1.439089e+000  5.424558e-001  2.455756e-003
      vertex  1.439772e+000  5.412326e-001  1.232568e-003
    endloop
  endfacet
  facet normal -9.289992e-001  2.253107e-001  2.935907e-001
    outer loop
      vertex  1.320228e+000  5.412326e-001  1.232568e-003
      vertex  1.320228e+000  5.408716e-001  1.509582e-003
      vertex  1.320912e+000  5.424558e-001  2.455756e-003
    endloop
  endfacet
  facet normal -9.289972e-001  2.253017e-001  2.936042e-001
    outer loop
      vertex  1.320912e+000  5.424558e-001  2.455756e-003
      vertex  1.320228e+000  5.408716e-001  1.509582e-003
      vertex  1.320912e+000  5.417365e-001  3.007675e-003
    endloop
  endfacet
  facet normal -8.304532e-001  3.391446e-001  4.419598e-001
    outer loop
      vertex  1.320912e+000  5.424558e-001  2.455756e-003
      vertex  1.320912e+000  5.417365e-001  3.007675e-003
      vertex  1.322044e+000  5.436603e-001  3.660254e-003
    endloop
  endfacet
  facet normal -8.304476e-001  3.391353e-001  4.419776e-001
    outer loop
      vertex  1.322044e+000  5.436603e-001  3.660254e-003
      vertex  1.320912e+000  5.417365e-001  3.007675e-003
      vertex  1.322044e+000  5.425882e-001  4.482877e-003
    endloop
  endfacet
  facet normal -7.235343e-001  4.202163e-001  5.476462e-001
    outer loop
      vertex  1.322044e+000  5.436603e-001  3.660254e-003
      vertex  1.322044e+000  5.425882e-001  4.482877e-003
      vertex  1.323618e+000  5.448369e-001  4.836896e-003
    endloop
  endfacet
  facet normal -7.235379e-001  4.202199e-001  5.476387e-001
    outer loop
      vertex  1.323618e+000  5.448369e-001  4.836896e-003
      vertex  1.322044e+000  5.425882e-001  4.482877e-003
      vertex  1.323618e+000  5.434203e-001  5.923963e-003
    endloop
  endfacet
  facet normal -5.782235e-001  4.966767e-001  6.472787e-001
    outer loop
      vertex  1.323618e+000  5.448369e-001  4.836896e-003
      vertex  1.323618e+000  5.434203e-001  5.923963e-003
      vertex  1.328039e+000  5.470711e-001  7.071068e-003
    endloop
  endfacet
  facet normal -5.782244e-001  4.966784e-001  6.472766e-001
    outer loop
      vertex  1.328039e+000  5.470711e-001  7.071068e-003
      vertex  1.323618e+000  5.434203e-001  5.923963e-003
      vertex  1.328039e+000  5.450000e-001  8.660255e-003
    endloop
  endfacet
  facet normal -4.440803e-001  5.454462e-001  7.108313e-001
    outer loop
      vertex  1.328039e+000  5.470711e-001  7.071068e-003
      vertex  1.328039e+000  5.450000e-001  8.660255e-003
      vertex  1.332329e+000  5.485878e-001  8.587745e-003
    endloop
  endfacet
  facet normal -4.440749e-001  5.454401e-001  7.108394e-001
    outer loop
      vertex  1.332329e+000  5.485878e-001  8.587745e-003
      vertex  1.328039e+000  5.450000e-001  8.660255e-003
      vertex  1.332329e+000  5.460725e-001  1.051780e-002
    endloop
  endfacet
  facet normal -3.544173e-001  5.692410e-001  7.418578e-001
    outer loop
      vertex  1.332329e+000  5.485878e-001  8.587745e-003
      vertex  1.332329e+000  5.460725e-001  1.051780e-002
      vertex  1.337412e+000  5.499617e-001  9.961734e-003
    endloop
  endfacet
  facet normal -3.544202e-001  5.692443e-001  7.418540e-001
    outer loop
      vertex  1.337412e+000  5.499617e-001  9.961734e-003
      vertex  1.332329e+000  5.460725e-001  1.051780e-002
      vertex  1.337412e+000  5.470440e-001  1.220058e-002
    endloop
  endfacet
  facet normal -2.798583e-001  5.844359e-001  7.616521e-001
    outer loop
      vertex  1.337412e+000  5.499617e-001  9.961734e-003
      vertex  1.337412e+000  5.470440e-001  1.220058e-002
      vertex  1.343383e+000  5.512033e-001  1.120325e-002
    endloop
  endfacet
  facet normal -2.798571e-001  5.844345e-001  7.616537e-001
    outer loop
      vertex  1.343383e+000  5.512033e-001  1.120325e-002
      vertex  1.337412e+000  5.470440e-001  1.220058e-002
      vertex  1.343383e+000  5.479219e-001  1.372112e-002
    endloop
  endfacet
  facet normal -2.160488e-001  5.943822e-001  7.746178e-001
    outer loop
      vertex  1.343383e+000  5.512033e-001  1.120325e-002
      vertex  1.343383e+000  5.479219e-001  1.372112e-002
      vertex  1.350000e+000  5.522475e-001  1.224745e-002
    endloop
  endfacet
  facet normal -2.160532e-001  5.943873e-001  7.746127e-001
    outer loop
      vertex  1.350000e+000  5.522475e-001  1.224745e-002
      vertex  1.343383e+000  5.479219e-001  1.372112e-002
      vertex  1.350000e+000  5.486603e-001  1.500000e-002
    endloop
  endfacet
  facet normal -1.356270e-001  6.031403e-001  7.860198e-001
    outer loop
      vertex  1.350000e+000  5.522475e-001  1.224745e-002
      vertex  1.350000e+000  5.486603e-001  1.500000e-002
      vertex  1.364471e+000  5.536603e-001  1.366025e-002
    endloop
  endfacet
  facet normal -1.356238e-001  6.031327e-001  7.860262e-001
    outer loop
      vertex  1.364471e+000  5.536603e-001  1.366025e-002
      vertex  1.350000e+000  5.486603e-001  1.500000e-002
      vertex  1.364471e+000  5.496593e-001  1.673033e-002
    endloop
  endfacet
  facet normal -4.346711e-002  6.081820e-001  7.926066e-001
    outer loop
      vertex  1.364471e+000  5.536603e-001  1.366025e-002
      vertex  1.364471e+000  5.496593e-001  1.673033e-002
      vertex  1.380000e+000  5.541422e-001  1.414214e-002
    endloop
  endfacet
  facet normal -4.346828e-002  6.081847e-001  7.926045e-001
    outer loop
      vertex  1.380000e+000  5.541422e-001  1.414214e-002
      vertex  1.364471e+000  5.496593e-001  1.673033e-002
      vertex  1.380000e+000  5.500000e-001  1.732051e-002
    endloop
  endfacet
  facet normal  4.346713e-002  6.081847e-001  7.926045e-001
    outer loop
      vertex  1.380000e+000  5.541422e-001  1.414214e-002
      vertex  1.380000e+000  5.500000e-001  1.732051e-002
      vertex  1.395529e+000  5.536603e-001  1.366025e-002
    endloop
  endfacet
  facet normal  4.346830e-002  6.081820e-001  7.926066e-001
    outer loop
      vertex  1.395529e+000  5.536603e-001  1.366025e-002
      vertex  1.380000e+000  5.500000e-001  1.732051e-002
      vertex  1.395529e+000  5.496593e-001  1.673033e-002
    endloop
  endfacet
  facet normal  1.356269e-001  6.031324e-001  7.860259e-001
    outer loop
      vertex  1.395529e+000  5.536603e-001  1.366025e-002
      vertex  1.395529e+000  5.496593e-001  1.673033e-002
      vertex  1.410000e+000  5.522475e-001  1.224745e-002
    endloop
  endfacet
  facet normal  1.356236e-001  6.031406e-001  7.860202e-001
    outer loop
      vertex  1.410000e+000  5.522475e-001  1.224745e-002
      vertex  1.395529e+000  5.496593e-001  1.673033e-002
      vertex  1.410000e+000  5.486603e-001  1.500000e-002
    endloop
  endfacet
  facet normal  2.160490e-001  5.943878e-001  7.746134e-001
    outer loop
      vertex  1.410000e+000  5.522475e-001  1.224745e-002
      vertex  1.410000e+000  5.486603e-001  1.500000e-002
      vertex  1.416617e+000  5.512033e-001  1.120325e-002
    endloop
  endfacet
  facet normal  2.160534e-001  5.943816e-001  7.746170e-001
    outer loop
      vertex  1.416617e+000  5.512033e-001  1.120325e-002
      vertex  1.410000e+000  5.486603e-001  1.500000e-002
      vertex  1.416617e+000  5.479219e-001  1.372112e-002
    endloop
  endfacet
  facet normal  2.798582e-001  5.844343e-001  7.616534e-001
    outer loop
      vertex  1.416617e+000  5.512033e-001  1.120325e-002
      vertex  1.416617e+000  5.479219e-001  1.372112e-002
      vertex  1.422588e+000  5.499617e-001  9.961734e-003
    endloop
  endfacet
  facet normal  2.798570e-001  5.844362e-001  7.616524e-001
    outer loop
      vertex  1.422588e+000  5.499617e-001  9.961734e-003
      vertex  1.416617e+000  5.479219e-001  1.372112e-002
      vertex  1.422588e+000  5.470440e-001  1.220058e-002
    endloop
  endfacet
  facet normal  3.544175e-001  5.692449e-001  7.418547e-001
    outer loop
      vertex  1.422588e+000  5.499617e-001  9.961734e-003
      vertex  1.422588e+000  5.470440e-001  1.220058e-002
      vertex  1.427671e+000  5.485878e-001  8.587745e-003
    endloop
  endfacet
  facet normal  3.544204e-001  5.692403e-001  7.418569e-001
    outer loop
      vertex  1.427671e+000  5.485878e-001  8.587745e-003
      vertex  1.422588e+000  5.470440e-001  1.220058e-002
      vertex  1.427671e+000  5.460725e-001  1.051780e-002
    endloop
  endfacet
  facet normal  4.440797e-001  5.454386e-001  7.108375e-001
    outer loop
      vertex  1.427671e+000  5.485878e-001  8.587745e-003
      vertex  1.427671e+000  5.460725e-001  1.051780e-002
      vertex  1.431962e+000  5.470711e-001  7.071068e-003
    endloop
  endfacet
  facet normal  4.440744e-001  5.454479e-001  7.108335e-001
    outer loop
      vertex  1.431962e+000  5.470711e-001  7.071068e-003
      vertex  1.427671e+000  5.460725e-001  1.051780e-002
      vertex  1.431962e+000  5.450000e-001  8.660255e-003
    endloop
  endfacet
  facet normal  5.782236e-001  4.966787e-001  6.472771e-001
    outer loop
      vertex  1.431962e+000  5.470711e-001  7.071068e-003
      vertex  1.431962e+000  5.450000e-001  8.660255e-003
      vertex  1.436382e+000  5.448369e-001  4.836896e-003
    endloop
  endfacet
  facet normal  5.782245e-001  4.966763e-001  6.472782e-001
    outer loop
      vertex  1.436382e+000  5.448369e-001  4.836896e-003
      vertex  1.431962e+000  5.450000e-001  8.660255e-003
      vertex  1.436382e+000  5.434203e-001  5.923963e-003
    endloop
  endfacet
  facet normal  7.235349e-001  4.202219e-001  5.476413e-001
    outer loop
      vertex  1.436382e+000  5.448369e-001  4.836896e-003
      vertex  1.436382e+000  5.434203e-001  5.923963e-003
      vertex  1.437956e+000  5.436603e-001  3.660254e-003
    endloop
  endfacet
  facet normal  7.235383e-001  4.202137e-001  5.476428e-001
    outer loop
      vertex  1.437956e+000  5.436603e-001  3.660254e-003
      vertex  1.436382e+000  5.434203e-001  5.923963e-003
      vertex  1.437956e+000  5.425882e-001  4.482877e-003
    endloop
  endfacet
  facet normal  8.304520e-001  3.391312e-001  4.419722e-001
    outer loop
      vertex  1.437956e+000  5.436603e-001  3.660254e-003
      vertex  1.437956e+000  5.425882e-001  4.482877e-003
      vertex  1.439089e+000  5.424558e-001  2.455756e-003
    endloop
  endfacet
  facet normal  8.304464e-001  3.391507e-001  4.419678e-001
    outer loop
      vertex  1.439089e+000  5.424558e-001  2.455756e-003
      vertex  1.437956e+000  5.425882e-001  4.482877e-003
      vertex  1.439089e+000  5.417365e-001  3.007675e-003
    endloop
  endfacet
  facet normal  9.289985e-001  2.252996e-001  2.936015e-001
    outer loop
      vertex  1.439089e+000  5.424558e-001  2.455756e-003
      vertex  1.439089e+000  5.417365e-001  3.007675e-003
      vertex  1.439772e+000  5.412326e-001  1.232568e-003
    endloop
  endfacet
  facet normal  9.289964e-001  2.253149e-001  2.935963e-001
    outer loop
      vertex  1.439772e+000  5.412326e-001  1.232568e-003
      vertex  1.439089e+000  5.417365e-001  3.007675e-003
      vertex  1.439772e+000  5.408716e-001  1.509582e-003
    endloop
  endfacet
  facet normal -9.289973e-001  1.416246e-001  3.419156e-001
    outer loop
      vertex  1.320228e+000  5.408716e-001  1.509582e-003
      vertex  1.320228e+000  5.404512e-001  1.683720e-003
      vertex  1.320912e+000  5.417365e-001  3.007675e-003
    endloop
  endfacet
  facet normal -9.289969e-001  1.416215e-001  3.419184e-001
    outer loop
      vertex  1.320912e+000  5.417365e-001  3.007675e-003
      vertex  1.320228e+000  5.404512e-001  1.683720e-003
      vertex  1.320912e+000  5.408989e-001  3.354625e-003
    endloop
  endfacet
  facet normal -8.304476e-001  2.131843e-001  5.146933e-001
    outer loop
      vertex  1.320912e+000  5.417365e-001  3.007675e-003
      vertex  1.320912e+000  5.408989e-001  3.354625e-003
      vertex  1.322044e+000  5.425882e-001  4.482877e-003
    endloop
  endfacet
  facet normal -8.304487e-001  2.131868e-001  5.146906e-001
    outer loop
      vertex  1.322044e+000  5.425882e-001  4.482877e-003
      vertex  1.320912e+000  5.408989e-001  3.354625e-003
      vertex  1.322044e+000  5.413398e-001  5.000000e-003
    endloop
  endfacet
  facet normal -7.235366e-001  2.641557e-001  6.377432e-001
    outer loop
      vertex  1.322044e+000  5.425882e-001  4.482877e-003
      vertex  1.322044e+000  5.413398e-001  5.000000e-003
      vertex  1.323618e+000  5.434203e-001  5.923963e-003
    endloop
  endfacet
  facet normal -7.235390e-001  2.641593e-001  6.377392e-001
    outer loop
      vertex  1.323618e+000  5.434203e-001  5.923963e-003
      vertex  1.322044e+000  5.413398e-001  5.000000e-003
      vertex  1.323618e+000  5.417705e-001  6.607322e-003
    endloop
  endfacet
  facet normal -5.782253e-001  3.122218e-001  7.537726e-001
    outer loop
      vertex  1.323618e+000  5.434203e-001  5.923963e-003
      vertex  1.323618e+000  5.417705e-001  6.607322e-003
      vertex  1.328039e+000  5.450000e-001  8.660255e-003
    endloop
  endfacet
  facet normal -5.782257e-001  3.122229e-001  7.537717e-001
    outer loop
      vertex  1.328039e+000  5.450000e-001  8.660255e-003
      vertex  1.323618e+000  5.417705e-001  6.607322e-003
      vertex  1.328039e+000  5.425882e-001  9.659259e-003
    endloop
  endfacet
  facet normal -4.440748e-001  3.428808e-001  8.277864e-001
    outer loop
      vertex  1.328039e+000  5.450000e-001  8.660255e-003
      vertex  1.328039e+000  5.425882e-001  9.659259e-003
      vertex  1.332329e+000  5.460725e-001  1.051780e-002
    endloop
  endfacet
  facet normal -4.440736e-001  3.428789e-001  8.277878e-001
    outer loop
      vertex  1.332329e+000  5.460725e-001  1.051780e-002
      vertex  1.328039e+000  5.425882e-001  9.659259e-003
      vertex  1.332329e+000  5.431433e-001  1.173108e-002
    endloop
  endfacet
  facet normal -3.544201e-001  3.578402e-001  8.639078e-001
    outer loop
      vertex  1.332329e+000  5.460725e-001  1.051780e-002
      vertex  1.332329e+000  5.431433e-001  1.173108e-002
      vertex  1.337412e+000  5.470440e-001  1.220058e-002
    endloop
  endfacet
  facet normal -3.544210e-001  3.578416e-001  8.639070e-001
    outer loop
      vertex  1.337412e+000  5.470440e-001  1.220058e-002
      vertex  1.332329e+000  5.431433e-001  1.173108e-002
      vertex  1.337412e+000  5.436463e-001  1.360798e-002
    endloop
  endfacet
  facet normal -2.798575e-001  3.673916e-001  8.869630e-001
    outer loop
      vertex  1.337412e+000  5.470440e-001  1.220058e-002
      vertex  1.337412e+000  5.436463e-001  1.360798e-002
      vertex  1.343383e+000  5.479219e-001  1.372112e-002
    endloop
  endfacet
  facet normal -2.798573e-001  3.673913e-001  8.869631e-001
    outer loop
      vertex  1.343383e+000  5.479219e-001  1.372112e-002
      vertex  1.337412e+000  5.436463e-001  1.360798e-002
      vertex  1.343383e+000  5.441007e-001  1.530392e-002
    endloop
  endfacet
  facet normal -2.160520e-001  3.736444e-001  9.020595e-001
    outer loop
      vertex  1.343383e+000  5.479219e-001  1.372112e-002
      vertex  1.343383e+000  5.441007e-001  1.530392e-002
      vertex  1.350000e+000  5.486603e-001  1.500000e-002
    endloop
  endfacet
  facet normal -2.160497e-001  3.736413e-001  9.020614e-001
    outer loop
      vertex  1.350000e+000  5.486603e-001  1.500000e-002
      vertex  1.343383e+000  5.441007e-001  1.530392e-002
      vertex  1.350000e+000  5.444829e-001  1.673033e-002
    endloop
  endfacet
  facet normal -1.356243e-001  3.791434e-001  9.153450e-001
    outer loop
      vertex  1.350000e+000  5.486603e-001  1.500000e-002
      vertex  1.350000e+000  5.444829e-001  1.673033e-002
      vertex  1.364471e+000  5.496593e-001  1.673033e-002
    endloop
  endfacet
  facet normal -1.356261e-001  3.791487e-001  9.153425e-001
    outer loop
      vertex  1.364471e+000  5.496593e-001  1.673033e-002
      vertex  1.350000e+000  5.444829e-001  1.673033e-002
      vertex  1.364471e+000  5.450000e-001  1.866025e-002
    endloop
  endfacet
  facet normal -4.346803e-002  3.823229e-001  9.230058e-001
    outer loop
      vertex  1.364471e+000  5.496593e-001  1.673033e-002
      vertex  1.364471e+000  5.450000e-001  1.866025e-002
      vertex  1.380000e+000  5.500000e-001  1.732051e-002
    endloop
  endfacet
  facet normal -4.346777e-002  3.823222e-001  9.230062e-001
    outer loop
      vertex  1.380000e+000  5.500000e-001  1.732051e-002
      vertex  1.364471e+000  5.450000e-001  1.866025e-002
      vertex  1.380000e+000  5.451764e-001  1.931852e-002
    endloop
  endfacet
  facet normal  4.346803e-002  3.823222e-001  9.230062e-001
    outer loop
      vertex  1.380000e+000  5.500000e-001  1.732051e-002
      vertex  1.380000e+000  5.451764e-001  1.931852e-002
      vertex  1.395529e+000  5.496593e-001  1.673033e-002
    endloop
  endfacet
  facet normal  4.346776e-002  3.823229e-001  9.230058e-001
    outer loop
      vertex  1.395529e+000  5.496593e-001  1.673033e-002
      vertex  1.380000e+000  5.451764e-001  1.931852e-002
      vertex  1.395529e+000  5.450000e-001  1.866025e-002
    endloop
  endfacet
  facet normal  1.356244e-001  3.791488e-001  9.153427e-001
    outer loop
      vertex  1.395529e+000  5.496593e-001  1.673033e-002
      vertex  1.395529e+000  5.450000e-001  1.866025e-002
      vertex  1.410000e+000  5.486603e-001  1.500000e-002
    endloop
  endfacet
  facet normal  1.356262e-001  3.791433e-001  9.153446e-001
    outer loop
      vertex  1.410000e+000  5.486603e-001  1.500000e-002
      vertex  1.395529e+000  5.450000e-001  1.866025e-002
      vertex  1.410000e+000  5.444829e-001  1.673033e-002
    endloop
  endfacet
  facet normal  2.160519e-001  3.736411e-001  9.020610e-001
    outer loop
      vertex  1.410000e+000  5.486603e-001  1.500000e-002
      vertex  1.410000e+000  5.444829e-001  1.673033e-002
      vertex  1.416617e+000  5.479219e-001  1.372112e-002
    endloop
  endfacet
  facet normal  2.160496e-001  3.736446e-001  9.020600e-001
    outer loop
      vertex  1.416617e+000  5.479219e-001  1.372112e-002
      vertex  1.410000e+000  5.444829e-001  1.673033e-002
      vertex  1.416617e+000  5.441007e-001  1.530392e-002
    endloop
  endfacet
  facet normal  2.798575e-001  3.673913e-001  8.869630e-001
    outer loop
      vertex  1.416617e+000  5.479219e-001  1.372112e-002
      vertex  1.416617e+000  5.441007e-001  1.530392e-002
      vertex  1.422588e+000  5.470440e-001  1.220058e-002
    endloop
  endfacet
  facet normal  2.798573e-001  3.673917e-001  8.869630e-001
    outer loop
      vertex  1.422588e+000  5.470440e-001  1.220058e-002
      vertex  1.416617e+000  5.441007e-001  1.530392e-002
      vertex  1.422588e+000  5.436463e-001  1.360798e-002
    endloop
  endfacet
  facet normal  3.544202e-001  3.578417e-001  8.639073e-001
    outer loop
      vertex  1.422588e+000  5.470440e-001  1.220058e-002
      vertex  1.422588e+000  5.436463e-001  1.360798e-002
      vertex  1.427671e+000  5.460725e-001  1.051780e-002
    endloop
  endfacet
  facet normal  3.544211e-001  3.578401e-001  8.639075e-001
    outer loop
      vertex  1.427671e+000  5.460725e-001  1.051780e-002
      vertex  1.422588e+000  5.436463e-001  1.360798e-002
      vertex  1.427671e+000  5.431433e-001  1.173108e-002
    endloop
  endfacet
  facet normal  4.440747e-001  3.428787e-001  8.277874e-001
    outer loop
      vertex  1.427671e+000  5.460725e-001  1.051780e-002
      vertex  1.427671e+000  5.431433e-001  1.173108e-002
      vertex  1.431962e+000  5.450000e-001  8.660255e-003
    endloop
  endfacet
  facet normal  4.440734e-001  3.428811e-001  8.277870e-001
    outer loop
      vertex  1.431962e+000  5.450000e-001  8.660255e-003
      vertex  1.427671e+000  5.431433e-001  1.173108e-002
      vertex  1.431962e+000  5.425882e-001  9.659259e-003
    endloop
  endfacet
  facet normal  5.782254e-001  3.122230e-001  7.537719e-001
    outer loop
      vertex  1.431962e+000  5.450000e-001  8.660255e-003
      vertex  1.431962e+000  5.425882e-001  9.659259e-003
      vertex  1.436382e+000  5.434203e-001  5.923963e-003
    endloop
  endfacet
  facet normal  5.782258e-001  3.122217e-001  7.537722e-001
    outer loop
      vertex  1.436382e+000  5.434203e-001  5.923963e-003
      vertex  1.431962e+000  5.425882e-001  9.659259e-003
      vertex  1.436382e+000  5.417705e-001  6.607322e-003
    endloop
  endfacet
  facet normal  7.235370e-001  2.641601e-001  6.377411e-001
    outer loop
      vertex  1.436382e+000  5.434203e-001  5.923963e-003
      vertex  1.436382e+000  5.417705e-001  6.607322e-003
      vertex  1.437956e+000  5.425882e-001  4.482877e-003
    endloop
  endfacet
  facet normal  7.235393e-001  2.641546e-001  6.377407e-001
    outer loop
      vertex  1.437956e+000  5.425882e-001  4.482877e-003
      vertex  1.436382e+000  5.417705e-001  6.607322e-003
      vertex  1.437956e+000  5.413398e-001  5.000000e-003
    endloop
  endfacet
  facet normal  8.304477e-001  2.131873e-001  5.146918e-001
    outer loop
      vertex  1.437956e+000  5.425882e-001  4.482877e-003
      vertex  1.437956e+000  5.413398e-001  5.000000e-003
      vertex  1.439089e+000  5.417365e-001  3.007675e-003
    endloop
  endfacet
  facet normal  8.304488e-001  2.131837e-001  5.146917e-001
    outer loop
      vertex  1.439089e+000  5.417365e-001  3.007675e-003
      vertex  1.437956e+000  5.413398e-001  5.000000e-003
      vertex  1.439089e+000  5.408989e-001  3.354625e-003
    endloop
  endfacet
  facet normal  9.289973e-001  1.416212e-001  3.419176e-001
    outer loop
      vertex  1.439089e+000  5.417365e-001  3.007675e-003
      vertex  1.439089e+000  5.408989e-001  3.354625e-003
      vertex  1.439772e+000  5.408716e-001  1.509582e-003
    endloop
  endfacet
  facet normal  9.289966e-001  1.416253e-001  3.419172e-001
    outer loop
      vertex  1.439772e+000  5.408716e-001  1.509582e-003
      vertex  1.439089e+000  5.408989e-001  3.354625e-003
      vertex  1.439772e+000  5.404512e-001  1.683720e-003
    endloop
  endfacet
  facet normal -9.289970e-001  4.830391e-002  3.669214e-001
    outer loop
      vertex  1.320228e+000  5.404512e-001  1.683720e-003
      vertex  1.320228e+000  5.400000e-001  1.743115e-003
      vertex  1.320912e+000  5.408989e-001  3.354625e-003
    endloop
  endfacet
  facet normal -9.289973e-001  4.830620e-002  3.669202e-001
    outer loop
      vertex  1.320912e+000  5.408989e-001  3.354625e-003
      vertex  1.320228e+000  5.400000e-001  1.743115e-003
      vertex  1.320912e+000  5.400000e-001  3.472964e-003
    endloop
  endfacet
  facet normal -8.304492e-001  7.271577e-002  5.523285e-001
    outer loop
      vertex  1.320912e+000  5.408989e-001  3.354625e-003
      vertex  1.320912e+000  5.400000e-001  3.472964e-003
      vertex  1.322044e+000  5.413398e-001  5.000000e-003
    endloop
  endfacet
  facet normal -8.304494e-001  7.271674e-002  5.523278e-001
    outer loop
      vertex  1.322044e+000  5.413398e-001  5.000000e-003
      vertex  1.320912e+000  5.400000e-001  3.472964e-003
      vertex  1.322044e+000  5.400000e-001  5.176381e-003
    endloop
  endfacet
  facet normal -7.235367e-001  9.010210e-002  6.843802e-001
    outer loop
      vertex  1.322044e+000  5.413398e-001  5.000000e-003
      vertex  1.322044e+000  5.400000e-001  5.176381e-003
      vertex  1.323618e+000  5.417705e-001  6.607322e-003
    endloop
  endfacet
  facet normal -7.235354e-001  9.009965e-002  6.843818e-001
    outer loop
      vertex  1.323618e+000  5.417705e-001  6.607322e-003
      vertex  1.322044e+000  5.400000e-001  5.176381e-003
      vertex  1.323618e+000  5.400000e-001  6.840403e-003
    endloop
  endfacet
  facet normal -5.782261e-001  1.064922e-001  8.088967e-001
    outer loop
      vertex  1.323618e+000  5.417705e-001  6.607322e-003
      vertex  1.323618e+000  5.400000e-001  6.840403e-003
      vertex  1.328039e+000  5.425882e-001  9.659259e-003
    endloop
  endfacet
  facet normal -5.782264e-001  1.064931e-001  8.088964e-001
    outer loop
      vertex  1.328039e+000  5.425882e-001  9.659259e-003
      vertex  1.323618e+000  5.400000e-001  6.840403e-003
      vertex  1.328039e+000  5.400000e-001  1.000000e-002
    endloop
  endfacet
  facet normal -4.440746e-001  1.169500e-001  8.883244e-001
    outer loop
      vertex  1.328039e+000  5.425882e-001  9.659259e-003
      vertex  1.328039e+000  5.400000e-001  1.000000e-002
      vertex  1.332329e+000  5.431433e-001  1.173108e-002
    endloop
  endfacet
  facet normal -4.440752e-001  1.169510e-001  8.883241e-001
    outer loop
      vertex  1.332329e+000  5.431433e-001  1.173108e-002
      vertex  1.328039e+000  5.400000e-001  1.000000e-002
      vertex  1.332329e+000  5.400000e-001  1.214491e-002
    endloop
  endfacet
  facet normal -3.544204e-001  1.220542e-001  9.270862e-001
    outer loop
      vertex  1.332329e+000  5.431433e-001  1.173108e-002
      vertex  1.332329e+000  5.400000e-001  1.214491e-002
      vertex  1.337412e+000  5.436463e-001  1.360798e-002
    endloop
  endfacet
  facet normal -3.544200e-001  1.220535e-001  9.270866e-001
    outer loop
      vertex  1.337412e+000  5.436463e-001  1.360798e-002
      vertex  1.332329e+000  5.400000e-001  1.214491e-002
      vertex  1.337412e+000  5.400000e-001  1.408802e-002
    endloop
  endfacet
  facet normal -2.798580e-001  1.253108e-001  9.518281e-001
    outer loop
      vertex  1.337412e+000  5.436463e-001  1.360798e-002
      vertex  1.337412e+000  5.400000e-001  1.408802e-002
      vertex  1.343383e+000  5.441007e-001  1.530392e-002
    endloop
  endfacet
  facet normal -2.798583e-001  1.253113e-001  9.518279e-001
    outer loop
      vertex  1.343383e+000  5.441007e-001  1.530392e-002
      vertex  1.337412e+000  5.400000e-001  1.408802e-002
      vertex  1.343383e+000  5.400000e-001  1.584379e-002
    endloop
  endfacet
  facet normal -2.160497e-001  1.274442e-001  9.680293e-001
    outer loop
      vertex  1.343383e+000  5.441007e-001  1.530392e-002
      vertex  1.343383e+000  5.400000e-001  1.584379e-002
      vertex  1.350000e+000  5.444829e-001  1.673033e-002
    endloop
  endfacet
  facet normal -2.160498e-001  1.274445e-001  9.680291e-001
    outer loop
      vertex  1.350000e+000  5.444829e-001  1.673033e-002
      vertex  1.343383e+000  5.400000e-001  1.584379e-002
      vertex  1.350000e+000  5.400000e-001  1.732051e-002
    endloop
  endfacet
  facet normal -1.356257e-001  1.293212e-001  9.822839e-001
    outer loop
      vertex  1.350000e+000  5.444829e-001  1.673033e-002
      vertex  1.350000e+000  5.400000e-001  1.732051e-002
      vertex  1.364471e+000  5.450000e-001  1.866025e-002
    endloop
  endfacet
  facet normal -1.356253e-001  1.293201e-001  9.822842e-001
    outer loop
      vertex  1.364471e+000  5.450000e-001  1.866025e-002
      vertex  1.350000e+000  5.400000e-001  1.732051e-002
      vertex  1.364471e+000  5.400000e-001  1.931852e-002
    endloop
  endfacet
  facet normal -4.346759e-002  1.304028e-001  9.905078e-001
    outer loop
      vertex  1.364471e+000  5.450000e-001  1.866025e-002
      vertex  1.364471e+000  5.400000e-001  1.931852e-002
      vertex  1.380000e+000  5.451764e-001  1.931852e-002
    endloop
  endfacet
  facet normal -4.346756e-002  1.304027e-001  9.905078e-001
    outer loop
      vertex  1.380000e+000  5.451764e-001  1.931852e-002
      vertex  1.364471e+000  5.400000e-001  1.931852e-002
      vertex  1.380000e+000  5.400000e-001  2.000000e-002
    endloop
  endfacet
  facet normal  4.346759e-002  1.304027e-001  9.905078e-001
    outer loop
      vertex  1.380000e+000  5.451764e-001  1.931852e-002
      vertex  1.380000e+000  5.400000e-001  2.000000e-002
      vertex  1.395529e+000  5.450000e-001  1.866025e-002
    endloop
  endfacet
  facet normal  4.346757e-002  1.304028e-001  9.905078e-001
    outer loop
      vertex  1.395529e+000  5.450000e-001  1.866025e-002
      vertex  1.380000e+000  5.400000e-001  2.000000e-002
      vertex  1.395529e+000  5.400000e-001  1.931852e-002
    endloop
  endfacet
  facet normal  1.356257e-001  1.293201e-001  9.822841e-001
    outer loop
      vertex  1.395529e+000  5.450000e-001  1.866025e-002
      vertex  1.395529e+000  5.400000e-001  1.931852e-002
      vertex  1.410000e+000  5.444829e-001  1.673033e-002
    endloop
  endfacet
  facet normal  1.356253e-001  1.293212e-001  9.822839e-001
    outer loop
      vertex  1.410000e+000  5.444829e-001  1.673033e-002
      vertex  1.395529e+000  5.400000e-001  1.931852e-002
      vertex  1.410000e+000  5.400000e-001  1.732051e-002
    endloop
  endfacet
  facet normal  2.160497e-001  1.274445e-001  9.680291e-001
    outer loop
      vertex  1.410000e+000  5.444829e-001  1.673033e-002
      vertex  1.410000e+000  5.400000e-001  1.732051e-002
      vertex  1.416617e+000  5.441007e-001  1.530392e-002
    endloop
  endfacet
  facet normal  2.160499e-001  1.274442e-001  9.680292e-001
    outer loop
      vertex  1.416617e+000  5.441007e-001  1.530392e-002
      vertex  1.410000e+000  5.400000e-001  1.732051e-002
      vertex  1.416617e+000  5.400000e-001  1.584379e-002
    endloop
  endfacet
  facet normal  2.798580e-001  1.253113e-001  9.518279e-001
    outer loop
      vertex  1.416617e+000  5.441007e-001  1.530392e-002
      vertex  1.416617e+000  5.400000e-001  1.584379e-002
      vertex  1.422588e+000  5.436463e-001  1.360798e-002
    endloop
  endfacet
  facet normal  2.798583e-001  1.253108e-001  9.518279e-001
    outer loop
      vertex  1.422588e+000  5.436463e-001  1.360798e-002
      vertex  1.416617e+000  5.400000e-001  1.584379e-002
      vertex  1.422588e+000  5.400000e-001  1.408802e-002
    endloop
  endfacet
  facet normal  3.544204e-001  1.220535e-001  9.270864e-001
    outer loop
      vertex  1.422588e+000  5.436463e-001  1.360798e-002
      vertex  1.422588e+000  5.400000e-001  1.408802e-002
      vertex  1.427671e+000  5.431433e-001  1.173108e-002
    endloop
  endfacet
  facet normal  3.544200e-001  1.220542e-001  9.270864e-001
    outer loop
      vertex  1.427671e+000  5.431433e-001  1.173108e-002
      vertex  1.422588e+000  5.400000e-001  1.408802e-002
      vertex  1.427671e+000  5.400000e-001  1.214491e-002
    endloop
  endfacet
  facet normal  4.440747e-001  1.169510e-001  8.883243e-001
    outer loop
      vertex  1.427671e+000  5.431433e-001  1.173108e-002
      vertex  1.427671e+000  5.400000e-001  1.214491e-002
      vertex  1.431962e+000  5.425882e-001  9.659259e-003
    endloop
  endfacet
  facet normal  4.440752e-001  1.169500e-001  8.883241e-001
    outer loop
      vertex  1.431962e+000  5.425882e-001  9.659259e-003
      vertex  1.427671e+000  5.400000e-001  1.214491e-002
      vertex  1.431962e+000  5.400000e-001  1.000000e-002
    endloop
  endfacet
  facet normal  5.782262e-001  1.064931e-001  8.088966e-001
    outer loop
      vertex  1.431962e+000  5.425882e-001  9.659259e-003
      vertex  1.431962e+000  5.400000e-001  1.000000e-002
      vertex  1.436382e+000  5.417705e-001  6.607322e-003
    endloop
  endfacet
  facet normal  5.782266e-001  1.064921e-001  8.088965e-001
    outer loop
      vertex  1.436382e+000  5.417705e-001  6.607322e-003
      vertex  1.431962e+000  5.400000e-001  1.000000e-002
      vertex  1.436382e+000  5.400000e-001  6.840403e-003
    endloop
  endfacet
  facet normal  7.235365e-001  9.009950e-002  6.843807e-001
    outer loop
      vertex  1.436382e+000  5.417705e-001  6.607322e-003
      vertex  1.436382e+000  5.400000e-001  6.840403e-003
      vertex  1.437956e+000  5.413398e-001  5.000000e-003
    endloop
  endfacet
  facet normal  7.235353e-001  9.010230e-002  6.843817e-001
    outer loop
      vertex  1.437956e+000  5.413398e-001  5.000000e-003
      vertex  1.436382e+000  5.400000e-001  6.840403e-003
      vertex  1.437956e+000  5.400000e-001  5.176381e-003
    endloop
  endfacet
  facet normal  8.304492e-001  7.271679e-002  5.523282e-001
    outer loop
      vertex  1.437956e+000  5.413398e-001  5.000000e-003
      vertex  1.437956e+000  5.400000e-001  5.176381e-003
      vertex  1.439089e+000  5.408989e-001  3.354625e-003
    endloop
  endfacet
  facet normal  8.304495e-001  7.271568e-002  5.523278e-001
    outer loop
      vertex  1.439089e+000  5.408989e-001  3.354625e-003
      vertex  1.437956e+000  5.400000e-001  5.176381e-003
      vertex  1.439089e+000  5.400000e-001  3.472964e-003
    endloop
  endfacet
  facet normal  9.289970e-001  4.830627e-002  3.669208e-001
    outer loop
      vertex  1.439089e+000  5.408989e-001  3.354625e-003
      vertex  1.439089e+000  5.400000e-001  3.472964e-003
      vertex  1.439772e+000  5.404512e-001  1.683720e-003
    endloop
  endfacet
  facet normal  9.289975e-001  4.830378e-002  3.669203e-001
    outer loop
      vertex  1.439772e+000  5.404512e-001  1.683720e-003
      vertex  1.439089e+000  5.400000e-001  3.472964e-003
      vertex  1.439772e+000  5.400000e-001  1.743115e-003
    endloop
  endfacet
  facet normal -9.289975e-001 -4.830378e-002  3.669203e-001
    outer loop
      vertex  1.320228e+000  5.400000e-001  1.743115e-003
      vertex  1.320228e+000  5.395489e-001  1.683720e-003
      vertex  1.320912e+000  5.400000e-001  3.472964e-003
    endloop
  endfacet
  facet normal -9.289970e-001 -4.830627e-002  3.669208e-001
    outer loop
      vertex  1.320912e+000  5.400000e-001  3.472964e-003
      vertex  1.320228e+000  5.395489e-001  1.683720e-003
      vertex  1.320912e+000  5.391012e-001  3.354625e-003
    endloop
  endfacet
  facet normal -8.304495e-001 -7.271568e-002  5.523278e-001
    outer loop
      vertex  1.320912e+000  5.400000e-001  3.472964e-003
      vertex  1.320912e+000  5.391012e-001  3.354625e-003
      vertex  1.322044e+000  5.400000e-001  5.176381e-003
    endloop
  endfacet
  facet normal -8.304492e-001 -7.271679e-002  5.523282e-001
    outer loop
      vertex  1.322044e+000  5.400000e-001  5.176381e-003
      vertex  1.320912e+000  5.391012e-001  3.354625e-003
      vertex  1.322044e+000  5.386603e-001  5.000000e-003
    endloop
  endfacet
  facet normal -7.235353e-001 -9.010230e-002  6.843817e-001
    outer loop
      vertex  1.322044e+000  5.400000e-001  5.176381e-003
      vertex  1.322044e+000  5.386603e-001  5.000000e-003
      vertex  1.323618e+000  5.400000e-001  6.840403e-003
    endloop
  endfacet
  facet normal -7.235365e-001 -9.009950e-002  6.843807e-001
    outer loop
      vertex  1.323618e+000  5.400000e-001  6.840403e-003
      vertex  1.322044e+000  5.386603e-001  5.000000e-003
      vertex  1.323618e+000  5.382296e-001  6.607322e-003
    endloop
  endfacet
  facet normal -5.782266e-001 -1.064921e-001  8.088965e-001
    outer loop
      vertex  1.323618e+000  5.400000e-001  6.840403e-003
      vertex  1.323618e+000  5.382296e-001  6.607322e-003
      vertex  1.328039e+000  5.400000e-001  1.000000e-002
    endloop
  endfacet
  facet normal -5.782262e-001 -1.064931e-001  8.088966e-001
    outer loop
      vertex  1.328039e+000  5.400000e-001  1.000000e-002
      vertex  1.323618e+000  5.382296e-001  6.607322e-003
      vertex  1.328039e+000  5.374118e-001  9.659259e-003
    endloop
  endfacet
  facet normal -4.440752e-001 -1.169500e-001  8.883241e-001
    outer loop
      vertex  1.328039e+000  5.400000e-001  1.000000e-002
      vertex  1.328039e+000  5.374118e-001  9.659259e-003
      vertex  1.332329e+000  5.400000e-001  1.214491e-002
    endloop
  endfacet
  facet normal -4.440747e-001 -1.169510e-001  8.883243e-001
    outer loop
      vertex  1.332329e+000  5.400000e-001  1.214491e-002
      vertex  1.328039e+000  5.374118e-001  9.659259e-003
      vertex  1.332329e+000  5.368567e-001  1.173108e-002
    endloop
  endfacet
  facet normal -3.544200e-001 -1.220542e-001  9.270864e-001
    outer loop
      vertex  1.332329e+000  5.400000e-001  1.214491e-002
      vertex  1.332329e+000  5.368567e-001  1.173108e-002
      vertex  1.337412e+000  5.400000e-001  1.408802e-002
    endloop
  endfacet
  facet normal -3.544204e-001 -1.220535e-001  9.270864e-001
    outer loop
      vertex  1.337412e+000  5.400000e-001  1.408802e-002
      vertex  1.332329e+000  5.368567e-001  1.173108e-002
      vertex  1.337412e+000  5.363538e-001  1.360798e-002
    endloop
  endfacet
  facet normal -2.798583e-001 -1.253108e-001  9.518279e-001
    outer loop
      vertex  1.337412e+000  5.400000e-001  1.408802e-002
      vertex  1.337412e+000  5.363538e-001  1.360798e-002
      vertex  1.343383e+000  5.400000e-001  1.584379e-002
    endloop
  endfacet
  facet normal -2.798580e-001 -1.253113e-001  9.518279e-001
    outer loop
      vertex  1.343383e+000  5.400000e-001  1.584379e-002
      vertex  1.337412e+000  5.363538e-001  1.360798e-002
      vertex  1.343383e+000  5.358994e-001  1.530392e-002
    endloop
  endfacet
  facet normal -2.160499e-001 -1.274442e-001  9.680292e-001
    outer loop
      vertex  1.343383e+000  5.400000e-001  1.584379e-002
      vertex  1.343383e+000  5.358994e-001  1.530392e-002
      vertex  1.350000e+000  5.400000e-001  1.732051e-002
    endloop
  endfacet
  facet normal -2.160497e-001 -1.274445e-001  9.680291e-001
    outer loop
      vertex  1.350000e+000  5.400000e-001  1.732051e-002
      vertex  1.343383e+000  5.358994e-001  1.530392e-002
      vertex  1.350000e+000  5.355172e-001  1.673033e-002
    endloop
  endfacet
  facet normal -1.356253e-001 -1.293212e-001  9.822839e-001
    outer loop
      vertex  1.350000e+000  5.400000e-001  1.732051e-002
      vertex  1.350000e+000  5.355172e-001  1.673033e-002
      vertex  1.364471e+000  5.400000e-001  1.931852e-002
    endloop
  endfacet
  facet normal -1.356257e-001 -1.293201e-001  9.822841e-001
    outer loop
      vertex  1.364471e+000  5.400000e-001  1.931852e-002
      vertex  1.350000e+000  5.355172e-001  1.673033e-002
      vertex  1.364471e+000  5.350000e-001  1.866025e-002
    endloop
  endfacet
  facet normal -4.346757e-002 -1.304028e-001  9.905078e-001
    outer loop
      vertex  1.364471e+000  5.400000e-001  1.931852e-002
      vertex  1.364471e+000  5.350000e-001  1.866025e-002
      vertex  1.380000e+000  5.400000e-001  2.000000e-002
    endloop
  endfacet
  facet normal -4.346759e-002 -1.304027e-001  9.905078e-001
    outer loop
      vertex  1.380000e+000  5.400000e-001  2.000000e-002
      vertex  1.364471e+000  5.350000e-001  1.866025e-002
      vertex  1.380000e+000  5.348237e-001  1.931852e-002
    endloop
  endfacet
  facet normal  4.346756e-002 -1.304027e-001  9.905078e-001
    outer loop
      vertex  1.380000e+000  5.400000e-001  2.000000e-002
      vertex  1.380000e+000  5.348237e-001  1.931852e-002
      vertex  1.395529e+000  5.400000e-001  1.931852e-002
    endloop
  endfacet
  facet normal  4.346759e-002 -1.304028e-001  9.905078e-001
    outer loop
      vertex  1.395529e+000  5.400000e-001  1.931852e-002
      vertex  1.380000e+000  5.348237e-001  1.931852e-002
      vertex  1.395529e+000  5.350000e-001  1.866025e-002
    endloop
  endfacet
  facet normal  1.356253e-001 -1.293201e-001  9.822842e-001
    outer loop
      vertex  1.395529e+000  5.400000e-001  1.931852e-002
      vertex  1.395529e+000  5.350000e-001  1.866025e-002
      vertex  1.410000e+000  5.400000e-001  1.732051e-002
    endloop
  endfacet
  facet normal  1.356257e-001 -1.293212e-001  9.822839e-001
    outer loop
      vertex  1.410000e+000  5.400000e-001  1.732051e-002
      vertex  1.395529e+000  5.350000e-001  1.866025e-002
      vertex  1.410000e+000  5.355172e-001  1.673033e-002
    endloop
  endfacet
  facet normal  2.160498e-001 -1.274445e-001  9.680291e-001
    outer loop
      vertex  1.410000e+000  5.400000e-001  1.732051e-002
      vertex  1.410000e+000  5.355172e-001  1.673033e-002
      vertex  1.416617e+000  5.400000e-001  1.584379e-002
    endloop
  endfacet
  facet normal  2.160497e-001 -1.274442e-001  9.680293e-001
    outer loop
      vertex  1.416617e+000  5.400000e-001  1.584379e-002
      vertex  1.410000e+000  5.355172e-001  1.673033e-002
      vertex  1.416617e+000  5.358994e-001  1.530392e-002
    endloop
  endfacet
  facet normal  2.798583e-001 -1.253113e-001  9.518279e-001
    outer loop
      vertex  1.416617e+000  5.400000e-001  1.584379e-002
      vertex  1.416617e+000  5.358994e-001  1.530392e-002
      vertex  1.422588e+000  5.400000e-001  1.408802e-002
    endloop
  endfacet
  facet normal  2.798580e-001 -1.253108e-001  9.518281e-001
    outer loop
      vertex  1.422588e+000  5.400000e-001  1.408802e-002
      vertex  1.416617e+000  5.358994e-001  1.530392e-002
      vertex  1.422588e+000  5.363538e-001  1.360798e-002
    endloop
  endfacet
  facet normal  3.544200e-001 -1.220535e-001  9.270866e-001
    outer loop
      vertex  1.422588e+000  5.400000e-001  1.408802e-002
      vertex  1.422588e+000  5.363538e-001  1.360798e-002
      vertex  1.427671e+000  5.400000e-001  1.214491e-002
    endloop
  endfacet
  facet normal  3.544204e-001 -1.220542e-001  9.270862e-001
    outer loop
      vertex  1.427671e+000  5.400000e-001  1.214491e-002
      vertex  1.422588e+000  5.363538e-001  1.360798e-002
      vertex  1.427671e+000  5.368567e-001  1.173108e-002
    endloop
  endfacet
  facet normal  4.440752e-001 -1.169510e-001  8.883241e-001
    outer loop
      vertex  1.427671e+000  5.400000e-001  1.214491e-002
      vertex  1.427671e+000  5.368567e-001  1.173108e-002
      vertex  1.431962e+000  5.400000e-001  1.000000e-002
    endloop
  endfacet
  facet normal  4.440746e-001 -1.169500e-001  8.883244e-001
    outer loop
      vertex  1.431962e+000  5.400000e-001  1.000000e-002
      vertex  1.427671e+000  5.368567e-001  1.173108e-002
      vertex  1.431962e+000  5.374118e-001  9.659259e-003
    endloop
  endfacet
  facet normal  5.782264e-001 -1.064931e-001  8.088964e-001
    outer loop
      vertex  1.431962e+000  5.400000e-001  1.000000e-002
      vertex  1.431962e+000  5.374118e-001  9.659259e-003
      vertex  1.436382e+000  5.400000e-001  6.840403e-003
    endloop
  endfacet
  facet normal  5.782261e-001 -1.064922e-001  8.088967e-001
    outer loop
      vertex  1.436382e+000  5.400000e-001  6.840403e-003
      vertex  1.431962e+000  5.374118e-001  9.659259e-003
      vertex  1.436382e+000  5.382296e-001  6.607322e-003
    endloop
  endfacet
  facet normal  7.235354e-001 -9.009965e-002  6.843818e-001
    outer loop
      vertex  1.436382e+000  5.400000e-001  6.840403e-003
      vertex  1.436382e+000  5.382296e-001  6.607322e-003
      vertex  1.437956e+000  5.400000e-001  5.176381e-003
    endloop
  endfacet
  facet normal  7.235367e-001 -9.010210e-002  6.843802e-001
    outer loop
      vertex  1.437956e+000  5.400000e-001  5.176381e-003
      vertex  1.436382e+000  5.382296e-001  6.607322e-003
      vertex  1.437956e+000  5.386603e-001  5.000000e-003
    endloop
  endfacet
  facet normal  8.304494e-001 -7.271674e-002  5.523278e-001
    outer loop
      vertex  1.437956e+000  5.400000e-001  5.176381e-003
      vertex  1.437956e+000  5.386603e-001  5.000000e-003
      vertex  1.439089e+000  5.400000e-001  3.472964e-003
    endloop
  endfacet
  facet normal  8.304492e-001 -7.271577e-002  5.523285e-001
    outer loop
      vertex  1.439089e+000  5.400000e-001  3.472964e-003
      vertex  1.437956e+000  5.386603e-001  5.000000e-003
      vertex  1.439089e+000  5.391012e-001  3.354625e-003
    endloop
  endfacet
  facet normal  9.289973e-001 -4.830620e-002  3.669202e-001
    outer loop
      vertex  1.439089e+000  5.400000e-001  3.472964e-003
      vertex  1.439089e+000  5.391012e-001  3.354625e-003
      vertex  1.439772e+000  5.400000e-001  1.743115e-003
    endloop
  endfacet
  facet normal  9.289970e-001 -4.830391e-002  3.669214e-001
    outer loop
      vertex  1.439772e+000  5.400000e-001  1.743115e-003
      vertex  1.439089e+000  5.391012e-001  3.354625e-003
      vertex  1.439772e+000  5.395489e-001  1.683720e-003
    endloop
  endfacet
  facet normal -9.289966e-001 -1.416253e-001  3.419172e-001
    outer loop
      vertex  1.320228e+000  5.395489e-001  1.683720e-003
      vertex  1.320228e+000  5.391284e-001  1.509582e-003
      vertex  1.320912e+000  5.391012e-001  3.354625e-003
    endloop
  endfacet
  facet normal -9.289973e-001 -1.416212e-001  3.419176e-001
    outer loop
      vertex  1.320912e+000  5.391012e-001  3.354625e-003
      vertex  1.320228e+000  5.391284e-001  1.509582e-003
      vertex  1.320912e+000  5.382635e-001  3.007675e-003
    endloop
  endfacet
  facet normal -8.304488e-001 -2.131837e-001  5.146917e-001
    outer loop
      vertex  1.320912e+000  5.391012e-001  3.354625e-003
      vertex  1.320912e+000  5.382635e-001  3.007675e-003
      vertex  1.322044e+000  5.386603e-001  5.000000e-003
    endloop
  endfacet
  facet normal -8.304477e-001 -2.131873e-001  5.146918e-001
    outer loop
      vertex  1.322044e+000  5.386603e-001  5.000000e-003
      vertex  1.320912e+000  5.382635e-001  3.007675e-003
      vertex  1.322044e+000  5.374118e-001  4.482877e-003
    endloop
  endfacet
  facet normal -7.235393e-001 -2.641546e-001  6.377407e-001
    outer loop
      vertex  1.322044e+000  5.386603e-001  5.000000e-003
      vertex  1.322044e+000  5.374118e-001  4.482877e-003
      vertex  1.323618e+000  5.382296e-001  6.607322e-003
    endloop
  endfacet
  facet normal -7.235370e-001 -2.641601e-001  6.377411e-001
    outer loop
      vertex  1.323618e+000  5.382296e-001  6.607322e-003
      vertex  1.322044e+000  5.374118e-001  4.482877e-003
      vertex  1.323618e+000  5.365798e-001  5.923963e-003
    endloop
  endfacet
  facet normal -5.782258e-001 -3.122217e-001  7.537722e-001
    outer loop
      vertex  1.323618e+000  5.382296e-001  6.607322e-003
      vertex  1.323618e+000  5.365798e-001  5.923963e-003
      vertex  1.328039e+000  5.374118e-001  9.659259e-003
    endloop
  endfacet
  facet normal -5.782254e-001 -3.122230e-001  7.537719e-001
    outer loop
      vertex  1.328039e+000  5.374118e-001  9.659259e-003
      vertex  1.323618e+000  5.365798e-001  5.923963e-003
      vertex  1.328039e+000  5.350000e-001  8.660255e-003
    endloop
  endfacet
  facet normal -4.440734e-001 -3.428811e-001  8.277870e-001
    outer loop
      vertex  1.328039e+000  5.374118e-001  9.659259e-003
      vertex  1.328039e+000  5.350000e-001  8.660255e-003
      vertex  1.332329e+000  5.368567e-001  1.173108e-002
    endloop
  endfacet
  facet normal -4.440747e-001 -3.428787e-001  8.277874e-001
    outer loop
      vertex  1.332329e+000  5.368567e-001  1.173108e-002
      vertex  1.328039e+000  5.350000e-001  8.660255e-003
      vertex  1.332329e+000  5.339276e-001  1.051780e-002
    endloop
  endfacet
  facet normal -3.544211e-001 -3.578401e-001  8.639075e-001
    outer loop
      vertex  1.332329e+000  5.368567e-001  1.173108e-002
      vertex  1.332329e+000  5.339276e-001  1.051780e-002
      vertex  1.337412e+000  5.363538e-001  1.360798e-002
    endloop
  endfacet
  facet normal -3.544202e-001 -3.578417e-001  8.639073e-001
    outer loop
      vertex  1.337412e+000  5.363538e-001  1.360798e-002
      vertex  1.332329e+000  5.339276e-001  1.051780e-002
      vertex  1.337412e+000  5.329560e-001  1.220058e-002
    endloop
  endfacet
  facet normal -2.798573e-001 -3.673917e-001  8.869630e-001
    outer loop
      vertex  1.337412e+000  5.363538e-001  1.360798e-002
      vertex  1.337412e+000  5.329560e-001  1.220058e-002
      vertex  1.343383e+000  5.358994e-001  1.530392e-002
    endloop
  endfacet
  facet normal -2.798575e-001 -3.673913e-001  8.869630e-001
    outer loop
      vertex  1.343383e+000  5.358994e-001  1.530392e-002
      vertex  1.337412e+000  5.329560e-001  1.220058e-002
      vertex  1.343383e+000  5.320781e-001  1.372112e-002
    endloop
  endfacet
  facet normal -2.160496e-001 -3.736446e-001  9.020600e-001
    outer loop
      vertex  1.343383e+000  5.358994e-001  1.530392e-002
      vertex  1.343383e+000  5.320781e-001  1.372112e-002
      vertex  1.350000e+000  5.355172e-001  1.673033e-002
    endloop
  endfacet
  facet normal -2.160519e-001 -3.736411e-001  9.020610e-001
    outer loop
      vertex  1.350000e+000  5.355172e-001  1.673033e-002
      vertex  1.343383e+000  5.320781e-001  1.372112e-002
      vertex  1.350000e+000  5.313398e-001  1.500000e-002
    endloop
  endfacet
  facet normal -1.356262e-001 -3.791433e-001  9.153446e-001
    outer loop
      vertex  1.350000e+000  5.355172e-001  1.673033e-002
      vertex  1.350000e+000  5.313398e-001  1.500000e-002
      vertex  1.364471e+000  5.350000e-001  1.866025e-002
    endloop
  endfacet
  facet normal -1.356244e-001 -3.791488e-001  9.153427e-001
    outer loop
      vertex  1.364471e+000  5.350000e-001  1.866025e-002
      vertex  1.350000e+000  5.313398e-001  1.500000e-002
      vertex  1.364471e+000  5.303408e-001  1.673033e-002
    endloop
  endfacet
  facet normal -4.346776e-002 -3.823229e-001  9.230058e-001
    outer loop
      vertex  1.364471e+000  5.350000e-001  1.866025e-002
      vertex  1.364471e+000  5.303408e-001  1.673033e-002
      vertex  1.380000e+000  5.348237e-001  1.931852e-002
    endloop
  endfacet
  facet normal -4.346803e-002 -3.823222e-001  9.230062e-001
    outer loop
      vertex  1.380000e+000  5.348237e-001  1.931852e-002
      vertex  1.364471e+000  5.303408e-001  1.673033e-002
      vertex  1.380000e+000  5.300000e-001  1.732051e-002
    endloop
  endfacet
  facet normal  4.346777e-002 -3.823222e-001  9.230062e-001
    outer loop
      vertex  1.380000e+000  5.348237e-001  1.931852e-002
      vertex  1.380000e+000  5.300000e-001  1.732051e-002
      vertex  1.395529e+000  5.350000e-001  1.866025e-002
    endloop
  endfacet
  facet normal  4.346803e-002 -3.823229e-001  9.230058e-001
    outer loop
      vertex  1.395529e+000  5.350000e-001  1.866025e-002
      vertex  1.380000e+000  5.300000e-001  1.732051e-002
      vertex  1.395529e+000  5.303408e-001  1.673033e-002
    endloop
  endfacet
  facet normal  1.356261e-001 -3.791487e-001  9.153425e-001
    outer loop
      vertex  1.395529e+000  5.350000e-001  1.866025e-002
      vertex  1.395529e+000  5.303408e-001  1.673033e-002
      vertex  1.410000e+000  5.355172e-001  1.673033e-002
    endloop
  endfacet
  facet normal  1.356243e-001 -3.791434e-001  9.153450e-001
    outer loop
      vertex  1.410000e+000  5.355172e-001  1.673033e-002
      vertex  1.395529e+000  5.303408e-001  1.673033e-002
      vertex  1.410000e+000  5.313398e-001  1.500000e-002
    endloop
  endfacet
  facet normal  2.160497e-001 -3.736413e-001  9.020614e-001
    outer loop
      vertex  1.410000e+000  5.355172e-001  1.673033e-002
      vertex  1.410000e+000  5.313398e-001  1.500000e-002
      vertex  1.416617e+000  5.358994e-001  1.530392e-002
    endloop
  endfacet
  facet normal  2.160520e-001 -3.736444e-001  9.020595e-001
    outer loop
      vertex  1.416617e+000  5.358994e-001  1.530392e-002
      vertex  1.410000e+000  5.313398e-001  1.500000e-002
      vertex  1.416617e+000  5.320781e-001  1.372112e-002
    endloop
  endfacet
  facet normal  2.798573e-001 -3.673913e-001  8.869631e-001
    outer loop
      vertex  1.416617e+000  5.358994e-001  1.530392e-002
      vertex  1.416617e+000  5.320781e-001  1.372112e-002
      vertex  1.422588e+000  5.363538e-001  1.360798e-002
    endloop
  endfacet
  facet normal  2.798575e-001 -3.673916e-001  8.869630e-001
    outer loop
      vertex  1.422588e+000  5.363538e-001  1.360798e-002
      vertex  1.416617e+000  5.320781e-001  1.372112e-002
      vertex  1.422588e+000  5.329560e-001  1.220058e-002
    endloop
  endfacet
  facet normal  3.544210e-001 -3.578416e-001  8.639070e-001
    outer loop
      vertex  1.422588e+000  5.363538e-001  1.360798e-002
      vertex  1.422588e+000  5.329560e-001  1.220058e-002
      vertex  1.427671e+000  5.368567e-001  1.173108e-002
    endloop
  endfacet
  facet normal  3.544201e-001 -3.578402e-001  8.639078e-001
    outer loop
      vertex  1.427671e+000  5.368567e-001  1.173108e-002
      vertex  1.422588e+000  5.329560e-001  1.220058e-002
      vertex  1.427671e+000  5.339276e-001  1.051780e-002
    endloop
  endfacet
  facet normal  4.440736e-001 -3.428789e-001  8.277878e-001
    outer loop
      vertex  1.427671e+000  5.368567e-001  1.173108e-002
      vertex  1.427671e+000  5.339276e-001  1.051780e-002
      vertex  1.431962e+000  5.374118e-001  9.659259e-003
    endloop
  endfacet
  facet normal  4.440748e-001 -3.428808e-001  8.277864e-001
    outer loop
      vertex  1.431962e+000  5.374118e-001  9.659259e-003
      vertex  1.427671e+000  5.339276e-001  1.051780e-002
      vertex  1.431962e+000  5.350000e-001  8.660255e-003
    endloop
  endfacet
  facet normal  5.782257e-001 -3.122229e-001  7.537717e-001
    outer loop
      vertex  1.431962e+000  5.374118e-001  9.659259e-003
      vertex  1.431962e+000  5.350000e-001  8.660255e-003
      vertex  1.436382e+000  5.382296e-001  6.607322e-003
    endloop
  endfacet
  facet normal  5.782253e-001 -3.122218e-001  7.537726e-001
    outer loop
      vertex  1.436382e+000  5.382296e-001  6.607322e-003
      vertex  1.431962e+000  5.350000e-001  8.660255e-003
      vertex  1.436382e+000  5.365798e-001  5.923963e-003
    endloop
  endfacet
  facet normal  7.235390e-001 -2.641593e-001  6.377392e-001
    outer loop
      vertex  1.436382e+000  5.382296e-001  6.607322e-003
      vertex  1.436382e+000  5.365798e-001  5.923963e-003
      vertex  1.437956e+000  5.386603e-001  5.000000e-003
    endloop
  endfacet
  facet normal  7.235366e-001 -2.641557e-001  6.377432e-001
    outer loop
      vertex  1.437956e+000  5.386603e-001  5.000000e-003
      vertex  1.436382e+000  5.365798e-001  5.923963e-003
      vertex  1.437956e+000  5.374118e-001  4.482877e-003
    endloop
  endfacet
  facet normal  8.304487e-001 -2.131868e-001  5.146906e-001
    outer loop
      vertex  1.437956e+000  5.386603e-001  5.000000e-003
      vertex  1.437956e+000  5.374118e-001  4.482877e-003
      vertex  1.439089e+000  5.391012e-001  3.354625e-003
    endloop
  endfacet
  facet normal  8.304476e-001 -2.131843e-001  5.146933e-001
    outer loop
      vertex  1.439089e+000  5.391012e-001  3.354625e-003
      vertex  1.437956e+000  5.374118e-001  4.482877e-003
      vertex  1.439089e+000  5.382635e-001  3.007675e-003
    endloop
  endfacet
  facet normal  9.289969e-001 -1.416215e-001  3.419184e-001
    outer loop
      vertex  1.439089e+000  5.391012e-001  3.354625e-003
      vertex  1.439089e+000  5.382635e-001  3.007675e-003
      vertex  1.439772e+000  5.395489e-001  1.683720e-003
    endloop
  endfacet
  facet normal  9.289973e-001 -1.416246e-001  3.419156e-001
    outer loop
      vertex  1.439772e+000  5.395489e-001  1.683720e-003
      vertex  1.439089e+000  5.382635e-001  3.007675e-003
      vertex  1.439772e+000  5.391284e-001  1.509582e-003
    endloop
  endfacet
  facet normal -9.289964e-001 -2.253149e-001  2.935963e-001
    outer loop
      vertex  1.320228e+000  5.391284e-001  1.509582e-003
      vertex  1.320228e+000  5.387675e-001  1.232568e-003
      vertex  1.320912e+000  5.382635e-001  3.007675e-003
    endloop
  endfacet
  facet normal -9.289985e-001 -2.252996e-001  2.936015e-001
    outer loop
      vertex  1.320912e+000  5.382635e-001  3.007675e-003
      vertex  1.320228e+000  5.387675e-001  1.232568e-003
      vertex  1.320912e+000  5.375443e-001  2.455756e-003
    endloop
  endfacet
  facet normal -8.304464e-001 -3.391507e-001  4.419678e-001
    outer loop
      vertex  1.320912e+000  5.382635e-001  3.007675e-003
      vertex  1.320912e+000  5.375443e-001  2.455756e-003
      vertex  1.322044e+000  5.374118e-001  4.482877e-003
    endloop
  endfacet
  facet normal -8.304520e-001 -3.391312e-001  4.419722e-001
    outer loop
      vertex  1.322044e+000  5.374118e-001  4.482877e-003
      vertex  1.320912e+000  5.375443e-001  2.455756e-003
      vertex  1.322044e+000  5.363398e-001  3.660254e-003
    endloop
  endfacet
  facet normal -7.235383e-001 -4.202137e-001  5.476428e-001
    outer loop
      vertex  1.322044e+000  5.374118e-001  4.482877e-003
      vertex  1.322044e+000  5.363398e-001  3.660254e-003
      vertex  1.323618e+000  5.365798e-001  5.923963e-003
    endloop
  endfacet
  facet normal -7.235349e-001 -4.202219e-001  5.476413e-001
    outer loop
      vertex  1.323618e+000  5.365798e-001  5.923963e-003
      vertex  1.322044e+000  5.363398e-001  3.660254e-003
      vertex  1.323618e+000  5.351631e-001  4.836896e-003
    endloop
  endfacet
  facet normal -5.782245e-001 -4.966763e-001  6.472782e-001
    outer loop
      vertex  1.323618e+000  5.365798e-001  5.923963e-003
      vertex  1.323618e+000  5.351631e-001  4.836896e-003
      vertex  1.328039e+000  5.350000e-001  8.660255e-003
    endloop
  endfacet
  facet normal -5.782236e-001 -4.966787e-001  6.472771e-001
    outer loop
      vertex  1.328039e+000  5.350000e-001  8.660255e-003
      vertex  1.323618e+000  5.351631e-001  4.836896e-003
      vertex  1.328039e+000  5.329290e-001  7.071068e-003
    endloop
  endfacet
  facet normal -4.440744e-001 -5.454479e-001  7.108335e-001
    outer loop
      vertex  1.328039e+000  5.350000e-001  8.660255e-003
      vertex  1.328039e+000  5.329290e-001  7.071068e-003
      vertex  1.332329e+000  5.339276e-001  1.051780e-002
    endloop
  endfacet
  facet normal -4.440797e-001 -5.454386e-001  7.108375e-001
    outer loop
      vertex  1.332329e+000  5.339276e-001  1.051780e-002
      vertex  1.328039e+000  5.329290e-001  7.071068e-003
      vertex  1.332329e+000  5.314122e-001  8.587745e-003
    endloop
  endfacet
  facet normal -2.814728e-001 -5.354804e-001  7.962623e-001
    outer loop
      vertex  1.337412e+000  5.329560e-001  1.220058e-002
      vertex  1.337456e+000  5.313278e-001  1.112101e-002
      vertex  1.343383e+000  5.320781e-001  1.372112e-002
    endloop
  endfacet
  facet normal -3.218523e-001 -4.116885e-001  8.525982e-001
    outer loop
      vertex  1.343383e+000  5.320781e-001  1.372112e-002
      vertex  1.337456e+000  5.313278e-001  1.112101e-002
      vertex  1.340913e+000  5.312136e-001  1.237114e-002
    endloop
  endfacet
  facet normal -2.160891e-001 -5.933526e-001  7.753956e-001
    outer loop
      vertex  1.343383e+000  5.320781e-001  1.372112e-002
      vertex  1.340913e+000  5.312136e-001  1.237114e-002
      vertex  1.350000e+000  5.313398e-001  1.500000e-002
    endloop
  endfacet
  facet normal -2.562427e-001 -3.465538e-001  9.023526e-001
    outer loop
      vertex  1.350000e+000  5.313398e-001  1.500000e-002
      vertex  1.340913e+000  5.312136e-001  1.237114e-002
      vertex  1.346626e+000  5.307737e-001  1.382445e-002
    endloop
  endfacet
  facet normal -1.861200e-001 -5.629357e-001  8.052719e-001
    outer loop
      vertex  1.350000e+000  5.313398e-001  1.500000e-002
      vertex  1.346626e+000  5.307737e-001  1.382445e-002
      vertex  1.354088e+000  5.301257e-001  1.509612e-002
    endloop
  endfacet
  facet normal -1.357290e-001 -3.847328e-001  9.129941e-001
    outer loop
      vertex  1.350000e+000  5.313398e-001  1.500000e-002
      vertex  1.354088e+000  5.301257e-001  1.509612e-002
      vertex  1.364471e+000  5.303408e-001  1.673033e-002
    endloop
  endfacet
  facet normal -1.261916e-001 -4.846630e-001  8.655504e-001
    outer loop
      vertex  1.364471e+000  5.303408e-001  1.673033e-002
      vertex  1.354088e+000  5.301257e-001  1.509612e-002
      vertex  1.362914e+000  5.294147e-001  1.598480e-002
    endloop
  endfacet
  facet normal -5.318774e-002 -5.704012e-001  8.196423e-001
    outer loop
      vertex  1.364471e+000  5.303408e-001  1.673033e-002
      vertex  1.362914e+000  5.294147e-001  1.598480e-002
      vertex  1.378422e+000  5.285038e-001  1.635729e-002
    endloop
  endfacet
  facet normal  2.142317e-001 -5.730826e-001  7.910001e-001
    outer loop
      vertex  1.416592e+000  5.294193e-001  1.180150e-002
      vertex  1.416617e+000  5.320781e-001  1.372112e-002
      vertex  1.408044e+000  5.286700e-001  1.357378e-002
    endloop
  endfacet
  facet normal  2.165539e-001 -5.787187e-001  7.862499e-001
    outer loop
      vertex  1.408044e+000  5.286700e-001  1.357378e-002
      vertex  1.416617e+000  5.320781e-001  1.372112e-002
      vertex  1.410000e+000  5.313398e-001  1.500000e-002
    endloop
  endfacet
  facet normal  1.365600e-001 -5.427741e-001  8.287024e-001
    outer loop
      vertex  1.408044e+000  5.286700e-001  1.357378e-002
      vertex  1.410000e+000  5.313398e-001  1.500000e-002
      vertex  1.395529e+000  5.303408e-001  1.673033e-002
    endloop
  endfacet
  facet normal  4.440749e-001 -5.454401e-001  7.108394e-001
    outer loop
      vertex  1.427671e+000  5.339276e-001  1.051780e-002
      vertex  1.427671e+000  5.314122e-001  8.587745e-003
      vertex  1.431962e+000  5.350000e-001  8.660255e-003
    endloop
  endfacet
  facet normal  4.440803e-001 -5.454462e-001  7.108313e-001
    outer loop
      vertex  1.431962e+000  5.350000e-001  8.660255e-003
      vertex  1.427671e+000  5.314122e-001  8.587745e-003
      vertex  1.431962e+000  5.329290e-001  7.071068e-003
    endloop
  endfacet
  facet normal  5.782244e-001 -4.966784e-001  6.472766e-001
    outer loop
      vertex  1.431962e+000  5.350000e-001  8.660255e-003
      vertex  1.431962e+000  5.329290e-001  7.071068e-003
      vertex  1.436382e+000  5.365798e-001  5.923963e-003
    endloop
  endfacet
  facet normal  5.782235e-001 -4.966767e-001  6.472787e-001
    outer loop
      vertex  1.436382e+000  5.365798e-001  5.923963e-003
      vertex  1.431962e+000  5.329290e-001  7.071068e-003
      vertex  1.436382e+000  5.351631e-001  4.836896e-003
    endloop
  endfacet
  facet normal  7.235379e-001 -4.202199e-001  5.476387e-001
    outer loop
      vertex  1.436382e+000  5.365798e-001  5.923963e-003
      vertex  1.436382e+000  5.351631e-001  4.836896e-003
      vertex  1.437956e+000  5.374118e-001  4.482877e-003
    endloop
  endfacet
  facet normal  7.235343e-001 -4.202163e-001  5.476462e-001
    outer loop
      vertex  1.437956e+000  5.374118e-001  4.482877e-003
      vertex  1.436382e+000  5.351631e-001  4.836896e-003
      vertex  1.437956e+000  5.363398e-001  3.660254e-003
    endloop
  endfacet
  facet normal  8.304476e-001 -3.391353e-001  4.419776e-001
    outer loop
      vertex  1.437956e+000  5.374118e-001  4.482877e-003
      vertex  1.437956e+000  5.363398e-001  3.660254e-003
      vertex  1.439089e+000  5.382635e-001  3.007675e-003
    endloop
  endfacet
  facet normal  8.304532e-001 -3.391446e-001  4.419598e-001
    outer loop
      vertex  1.439089e+000  5.382635e-001  3.007675e-003
      vertex  1.437956e+000  5.363398e-001  3.660254e-003
      vertex  1.439089e+000  5.375443e-001  2.455756e-003
    endloop
  endfacet
  facet normal  9.289972e-001 -2.253017e-001  2.936042e-001
    outer loop
      vertex  1.439089e+000  5.382635e-001  3.007675e-003
      vertex  1.439089e+000  5.375443e-001  2.455756e-003
      vertex  1.439772e+000  5.391284e-001  1.509582e-003
    endloop
  endfacet
  facet normal  9.289992e-001 -2.253107e-001  2.935907e-001
    outer loop
      vertex  1.439772e+000  5.391284e-001  1.509582e-003
      vertex  1.439089e+000  5.375443e-001  2.455756e-003
      vertex  1.439772e+000  5.387675e-001  1.232568e-003
    endloop
  endfacet
  facet normal -9.289991e-001 -2.935959e-001  2.253045e-001
    outer loop
      vertex  1.320228e+000  5.387675e-001  1.232568e-003
      vertex  1.320228e+000  5.384904e-001  8.715575e-004
      vertex  1.320912e+000  5.375443e-001  2.455756e-003
    endloop
  endfacet
  facet normal -9.289979e-001 -2.936038e-001  2.252992e-001
    outer loop
      vertex  1.320912e+000  5.375443e-001  2.455756e-003
      vertex  1.320228e+000  5.384904e-001  8.715575e-004
      vertex  1.320912e+000  5.369923e-001  1.736482e-003
    endloop
  endfacet
  facet normal -8.304539e-001 -4.419606e-001  3.391419e-001
    outer loop
      vertex  1.320912e+000  5.375443e-001  2.455756e-003
      vertex  1.320912e+000  5.369923e-001  1.736482e-003
      vertex  1.322044e+000  5.363398e-001  3.660254e-003
    endloop
  endfacet
  facet normal -8.304452e-001 -4.419878e-001  3.391276e-001
    outer loop
      vertex  1.322044e+000  5.363398e-001  3.660254e-003
      vertex  1.320912e+000  5.369923e-001  1.736482e-003
      vertex  1.322044e+000  5.355172e-001  2.588191e-003
    endloop
  endfacet
  facet normal -7.235331e-001 -5.476565e-001  4.202048e-001
    outer loop
      vertex  1.322044e+000  5.363398e-001  3.660254e-003
      vertex  1.322044e+000  5.355172e-001  2.588191e-003
      vertex  1.323618e+000  5.351631e-001  4.836896e-003
    endloop
  endfacet
  facet normal -7.235386e-001 -5.476449e-001  4.202106e-001
    outer loop
      vertex  1.323618e+000  5.351631e-001  4.836896e-003
      vertex  1.322044e+000  5.355172e-001  2.588191e-003
      vertex  1.323618e+000  5.340761e-001  3.420202e-003
    endloop
  endfacet
  facet normal -5.782217e-001 -6.472878e-001  4.966671e-001
    outer loop
      vertex  1.323618e+000  5.351631e-001  4.836896e-003
      vertex  1.323618e+000  5.340761e-001  3.420202e-003
      vertex  1.328039e+000  5.329290e-001  7.071068e-003
    endloop
  endfacet
  facet normal -5.782294e-001 -6.472695e-001  4.966820e-001
    outer loop
      vertex  1.328039e+000  5.329290e-001  7.071068e-003
      vertex  1.323618e+000  5.340761e-001  3.420202e-003
      vertex  1.328039e+000  5.313398e-001  5.000000e-003
    endloop
  endfacet
  facet normal -4.440821e-001 -7.108257e-001  5.454520e-001
    outer loop
      vertex  1.328039e+000  5.329290e-001  7.071068e-003
      vertex  1.328039e+000  5.313398e-001  5.000000e-003
      vertex  1.332329e+000  5.314122e-001  8.587745e-003
    endloop
  endfacet
  facet normal -4.440754e-001 -7.108359e-001  5.454442e-001
    outer loop
      vertex  1.332329e+000  5.314122e-001  8.587745e-003
      vertex  1.328039e+000  5.313398e-001  5.000000e-003
      vertex  1.332329e+000  5.294822e-001  6.072453e-003
    endloop
  endfacet
  facet normal -3.863518e-001 -7.317504e-001  5.614924e-001
    outer loop
      vertex  1.332329e+000  5.314122e-001  8.587745e-003
      vertex  1.332329e+000  5.294822e-001  6.072453e-003
      vertex  1.335144e+000  5.302975e-001  9.071887e-003
    endloop
  endfacet
  facet normal -3.557155e-001 -7.620999e-001  5.409901e-001
    outer loop
      vertex  1.335144e+000  5.302975e-001  9.071887e-003
      vertex  1.332329e+000  5.294822e-001  6.072453e-003
      vertex  1.337412e+000  5.277995e-001  7.044009e-003
    endloop
  endfacet
  facet normal -5.618083e-001 -7.652158e-001  3.143502e-001
    outer loop
      vertex  1.335144e+000  5.302975e-001  9.071887e-003
      vertex  1.337412e+000  5.277995e-001  7.044009e-003
      vertex  1.335583e+000  5.298898e-001  8.864421e-003
    endloop
  endfacet
  facet normal -3.077607e-001 -7.874782e-001  5.340051e-001
    outer loop
      vertex  1.337263e+000  5.289646e-001  8.676190e-003
      vertex  1.337412e+000  5.277995e-001  7.044009e-003
      vertex  1.340487e+000  5.277621e-001  8.761219e-003
    endloop
  endfacet
  facet normal -2.820749e-001 -8.265072e-001  4.871547e-001
    outer loop
      vertex  1.340487e+000  5.277621e-001  8.761219e-003
      vertex  1.337412e+000  5.277995e-001  7.044009e-003
      vertex  1.343383e+000  5.262789e-001  7.921893e-003
    endloop
  endfacet
  facet normal -2.464743e-001 -7.949857e-001  5.542997e-001
    outer loop
      vertex  1.340487e+000  5.277621e-001  8.761219e-003
      vertex  1.343383e+000  5.262789e-001  7.921893e-003
      vertex  1.346814e+000  5.261361e-001  9.242423e-003
    endloop
  endfacet
  facet normal -2.177945e-001 -8.534573e-001  4.734724e-001
    outer loop
      vertex  1.346814e+000  5.261361e-001  9.242423e-003
      vertex  1.343383e+000  5.262789e-001  7.921893e-003
      vertex  1.350000e+000  5.250000e-001  8.660255e-003
    endloop
  endfacet
  facet normal -1.756203e-001 -7.921077e-001  5.845708e-001
    outer loop
      vertex  1.346814e+000  5.261361e-001  9.242423e-003
      vertex  1.350000e+000  5.250000e-001  8.660255e-003
      vertex  1.356552e+000  5.245971e-001  1.008261e-002
    endloop
  endfacet
  facet normal  2.165749e-001 -7.868887e-001  5.778422e-001
    outer loop
      vertex  1.416617e+000  5.262789e-001  7.921893e-003
      vertex  1.417066e+000  5.283162e-001  1.052799e-002
      vertex  1.410000e+000  5.250000e-001  8.660255e-003
    endloop
  endfacet
  facet normal  2.295595e-001 -8.007287e-001  5.532956e-001
    outer loop
      vertex  1.410000e+000  5.250000e-001  8.660255e-003
      vertex  1.417066e+000  5.283162e-001  1.052799e-002
      vertex  1.410762e+000  5.269291e-001  1.113578e-002
    endloop
  endfacet
  facet normal  1.499329e-001 -8.017218e-001  5.785864e-001
    outer loop
      vertex  1.410000e+000  5.250000e-001  8.660255e-003
      vertex  1.410762e+000  5.269291e-001  1.113578e-002
      vertex  1.397692e+000  5.249258e-001  1.174686e-002
    endloop
  endfacet
  facet normal  4.440815e-001 -7.108335e-001  5.454424e-001
    outer loop
      vertex  1.427671e+000  5.314122e-001  8.587745e-003
      vertex  1.427671e+000  5.294822e-001  6.072453e-003
      vertex  1.431962e+000  5.329290e-001  7.071068e-003
    endloop
  endfacet
  facet normal  4.440747e-001 -7.108286e-001  5.454541e-001
    outer loop
      vertex  1.431962e+000  5.329290e-001  7.071068e-003
      vertex  1.427671e+000  5.294822e-001  6.072453e-003
      vertex  1.431962e+000  5.313398e-001  5.000000e-003
    endloop
  endfacet
  facet normal  5.782232e-001 -6.472729e-001  4.966847e-001
    outer loop
      vertex  1.431962e+000  5.329290e-001  7.071068e-003
      vertex  1.431962e+000  5.313398e-001  5.000000e-003
      vertex  1.436382e+000  5.351631e-001  4.836896e-003
    endloop
  endfacet
  facet normal  5.782307e-001 -6.472827e-001  4.966632e-001
    outer loop
      vertex  1.436382e+000  5.351631e-001  4.836896e-003
      vertex  1.431962e+000  5.313398e-001  5.000000e-003
      vertex  1.436382e+000  5.340761e-001  3.420202e-003
    endloop
  endfacet
  facet normal  7.235339e-001 -5.476488e-001  4.202136e-001
    outer loop
      vertex  1.436382e+000  5.351631e-001  4.836896e-003
      vertex  1.436382e+000  5.340761e-001  3.420202e-003
      vertex  1.437956e+000  5.363398e-001  3.660254e-003
    endloop
  endfacet
  facet normal  7.235394e-001 -5.476514e-001  4.202009e-001
    outer loop
      vertex  1.437956e+000  5.363398e-001  3.660254e-003
      vertex  1.436382e+000  5.340761e-001  3.420202e-003
      vertex  1.437956e+000  5.355172e-001  2.588191e-003
    endloop
  endfacet
  facet normal  8.304521e-001 -4.419796e-001  3.391213e-001
    outer loop
      vertex  1.437956e+000  5.363398e-001  3.660254e-003
      vertex  1.437956e+000  5.355172e-001  2.588191e-003
      vertex  1.439089e+000  5.375443e-001  2.455756e-003
    endloop
  endfacet
  facet normal  8.304435e-001 -4.419728e-001  3.391513e-001
    outer loop
      vertex  1.439089e+000  5.375443e-001  2.455756e-003
      vertex  1.437956e+000  5.355172e-001  2.588191e-003
      vertex  1.439089e+000  5.369923e-001  1.736482e-003
    endloop
  endfacet
  facet normal  9.289987e-001 -2.936022e-001  2.252980e-001
    outer loop
      vertex  1.439089e+000  5.375443e-001  2.455756e-003
      vertex  1.439089e+000  5.369923e-001  1.736482e-003
      vertex  1.439772e+000  5.387675e-001  1.232568e-003
    endloop
  endfacet
  facet normal  9.289975e-001 -2.935991e-001  2.253070e-001
    outer loop
      vertex  1.439772e+000  5.387675e-001  1.232568e-003
      vertex  1.439089e+000  5.369923e-001  1.736482e-003
      vertex  1.439772e+000  5.384904e-001  8.715575e-004
    endloop
  endfacet
  facet normal -9.289982e-001 -3.419146e-001  1.416219e-001
    outer loop
      vertex  1.320228e+000  5.384904e-001  8.715575e-004
      vertex  1.320228e+000  5.383163e-001  4.511513e-004
      vertex  1.320912e+000  5.369923e-001  1.736482e-003
    endloop
  endfacet
  facet normal -9.289973e-001 -3.419192e-001  1.416167e-001
    outer loop
      vertex  1.320912e+000  5.369923e-001  1.736482e-003
      vertex  1.320228e+000  5.383163e-001  4.511513e-004
      vertex  1.320912e+000  5.366454e-001  8.988691e-004
    endloop
  endfacet
  facet normal -8.304424e-001 -5.147033e-001  2.131807e-001
    outer loop
      vertex  1.320912e+000  5.369923e-001  1.736482e-003
      vertex  1.320912e+000  5.366454e-001  8.988691e-004
      vertex  1.322044e+000  5.355172e-001  2.588191e-003
    endloop
  endfacet
  facet normal -8.304504e-001 -5.146824e-001  2.132000e-001
    outer loop
      vertex  1.322044e+000  5.355172e-001  2.588191e-003
      vertex  1.320912e+000  5.366454e-001  8.988691e-004
      vertex  1.322044e+000  5.350000e-001  1.339746e-003
    endloop
  endfacet
  facet normal -7.235393e-001 -6.377335e-001  2.641723e-001
    outer loop
      vertex  1.322044e+000  5.355172e-001  2.588191e-003
      vertex  1.322044e+000  5.350000e-001  1.339746e-003
      vertex  1.323618e+000  5.340761e-001  3.420202e-003
    endloop
  endfacet
  facet normal -7.235313e-001 -6.377475e-001  2.641599e-001
    outer loop
      vertex  1.323618e+000  5.340761e-001  3.420202e-003
      vertex  1.322044e+000  5.350000e-001  1.339746e-003
      vertex  1.323618e+000  5.333927e-001  1.770427e-003
    endloop
  endfacet
  facet normal -5.782304e-001 -7.537704e-001  3.122176e-001
    outer loop
      vertex  1.323618e+000  5.340761e-001  3.420202e-003
      vertex  1.323618e+000  5.333927e-001  1.770427e-003
      vertex  1.328039e+000  5.313398e-001  5.000000e-003
    endloop
  endfacet
  facet normal -5.782278e-001 -7.537752e-001  3.122109e-001
    outer loop
      vertex  1.328039e+000  5.313398e-001  5.000000e-003
      vertex  1.323618e+000  5.333927e-001  1.770427e-003
      vertex  1.328039e+000  5.303408e-001  2.588191e-003
    endloop
  endfacet
  facet normal -4.440748e-001 -8.277916e-001  3.428682e-001
    outer loop
      vertex  1.328039e+000  5.313398e-001  5.000000e-003
      vertex  1.328039e+000  5.303408e-001  2.588191e-003
      vertex  1.332329e+000  5.294822e-001  6.072453e-003
    endloop
  endfacet
  facet normal -4.440785e-001 -8.277873e-001  3.428739e-001
    outer loop
      vertex  1.332329e+000  5.294822e-001  6.072453e-003
      vertex  1.328039e+000  5.303408e-001  2.588191e-003
      vertex  1.332329e+000  5.282689e-001  3.143333e-003
    endloop
  endfacet
  facet normal -3.544130e-001 -8.639122e-001  3.578370e-001
    outer loop
      vertex  1.332329e+000  5.294822e-001  6.072453e-003
      vertex  1.332329e+000  5.282689e-001  3.143333e-003
      vertex  1.337412e+000  5.277995e-001  7.044009e-003
    endloop
  endfacet
  facet normal -3.544184e-001 -8.639067e-001  3.578446e-001
    outer loop
      vertex  1.337412e+000  5.277995e-001  7.044009e-003
      vertex  1.332329e+000  5.282689e-001  3.143333e-003
      vertex  1.337412e+000  5.263920e-001  3.646247e-003
    endloop
  endfacet
  facet normal -2.798623e-001 -8.869604e-001  3.673939e-001
    outer loop
      vertex  1.337412e+000  5.277995e-001  7.044009e-003
      vertex  1.337412e+000  5.263920e-001  3.646247e-003
      vertex  1.343383e+000  5.262789e-001  7.921893e-003
    endloop
  endfacet
  facet normal -2.798559e-001 -8.869662e-001  3.673848e-001
    outer loop
      vertex  1.343383e+000  5.262789e-001  7.921893e-003
      vertex  1.337412e+000  5.263920e-001  3.646247e-003
      vertex  1.343383e+000  5.246961e-001  4.100674e-003
    endloop
  endfacet
  facet normal -2.160484e-001 -9.020631e-001  3.736379e-001
    outer loop
      vertex  1.343383e+000  5.262789e-001  7.921893e-003
      vertex  1.343383e+000  5.246961e-001  4.100674e-003
      vertex  1.350000e+000  5.250000e-001  8.660255e-003
    endloop
  endfacet
  facet normal -2.160560e-001 -9.020569e-001  3.736486e-001
    outer loop
      vertex  1.350000e+000  5.250000e-001  8.660255e-003
      vertex  1.343383e+000  5.246961e-001  4.100674e-003
      vertex  1.350000e+000  5.232697e-001  4.482877e-003
    endloop
  endfacet
  facet normal -1.356268e-001 -9.153413e-001  3.791513e-001
    outer loop
      vertex  1.350000e+000  5.250000e-001  8.660255e-003
      vertex  1.350000e+000  5.232697e-001  4.482877e-003
      vertex  1.364471e+000  5.232697e-001  9.659259e-003
    endloop
  endfacet
  facet normal -1.356256e-001 -9.153428e-001  3.791482e-001
    outer loop
      vertex  1.364471e+000  5.232697e-001  9.659259e-003
      vertex  1.350000e+000  5.232697e-001  4.482877e-003
      vertex  1.364471e+000  5.213398e-001  5.000000e-003
    endloop
  endfacet
  facet normal -4.346557e-002 -9.230062e-001  3.823224e-001
    outer loop
      vertex  1.364471e+000  5.232697e-001  9.659259e-003
      vertex  1.364471e+000  5.213398e-001  5.000000e-003
      vertex  1.380000e+000  5.226795e-001  1.000000e-002
    endloop
  endfacet
  facet normal -4.346758e-002 -9.230037e-001  3.823280e-001
    outer loop
      vertex  1.380000e+000  5.226795e-001  1.000000e-002
      vertex  1.364471e+000  5.213398e-001  5.000000e-003
      vertex  1.380000e+000  5.206815e-001  5.176381e-003
    endloop
  endfacet
  facet normal  4.346560e-002 -9.230038e-001  3.823280e-001
    outer loop
      vertex  1.380000e+000  5.226795e-001  1.000000e-002
      vertex  1.380000e+000  5.206815e-001  5.176381e-003
      vertex  1.395529e+000  5.232697e-001  9.659259e-003
    endloop
  endfacet
  facet normal  4.346761e-002 -9.230061e-001  3.823224e-001
    outer loop
      vertex  1.395529e+000  5.232697e-001  9.659259e-003
      vertex  1.380000e+000  5.206815e-001  5.176381e-003
      vertex  1.395529e+000  5.213398e-001  5.000000e-003
    endloop
  endfacet
  facet normal  1.356267e-001 -9.153426e-001  3.791481e-001
    outer loop
      vertex  1.395529e+000  5.232697e-001  9.659259e-003
      vertex  1.395529e+000  5.213398e-001  5.000000e-003
      vertex  1.410000e+000  5.250000e-001  8.660255e-003
    endloop
  endfacet
  facet normal  1.356256e-001 -9.153415e-001  3.791513e-001
    outer loop
      vertex  1.410000e+000  5.250000e-001  8.660255e-003
      vertex  1.395529e+000  5.213398e-001  5.000000e-003
      vertex  1.410000e+000  5.232697e-001  4.482877e-003
    endloop
  endfacet
  facet normal  2.160487e-001 -9.020583e-001  3.736492e-001
    outer loop
      vertex  1.410000e+000  5.250000e-001  8.660255e-003
      vertex  1.410000e+000  5.232697e-001  4.482877e-003
      vertex  1.416617e+000  5.262789e-001  7.921893e-003
    endloop
  endfacet
  facet normal  2.160563e-001 -9.020614e-001  3.736373e-001
    outer loop
      vertex  1.416617e+000  5.262789e-001  7.921893e-003
      vertex  1.410000e+000  5.232697e-001  4.482877e-003
      vertex  1.416617e+000  5.246961e-001  4.100674e-003
    endloop
  endfacet
  facet normal  2.798619e-001 -8.869646e-001  3.673841e-001
    outer loop
      vertex  1.416617e+000  5.262789e-001  7.921893e-003
      vertex  1.416617e+000  5.246961e-001  4.100674e-003
      vertex  1.422588e+000  5.277995e-001  7.044009e-003
    endloop
  endfacet
  facet normal  2.798555e-001 -8.869623e-001  3.673946e-001
    outer loop
      vertex  1.422588e+000  5.277995e-001  7.044009e-003
      vertex  1.416617e+000  5.246961e-001  4.100674e-003
      vertex  1.422588e+000  5.263920e-001  3.646247e-003
    endloop
  endfacet
  facet normal  3.544134e-001 -8.639085e-001  3.578453e-001
    outer loop
      vertex  1.422588e+000  5.277995e-001  7.044009e-003
      vertex  1.422588e+000  5.263920e-001  3.646247e-003
      vertex  1.427671e+000  5.294822e-001  6.072453e-003
    endloop
  endfacet
  facet normal  3.544188e-001 -8.639101e-001  3.578362e-001
    outer loop
      vertex  1.427671e+000  5.294822e-001  6.072453e-003
      vertex  1.422588e+000  5.263920e-001  3.646247e-003
      vertex  1.427671e+000  5.282689e-001  3.143333e-003
    endloop
  endfacet
  facet normal  4.440751e-001 -8.277888e-001  3.428745e-001
    outer loop
      vertex  1.427671e+000  5.294822e-001  6.072453e-003
      vertex  1.427671e+000  5.282689e-001  3.143333e-003
      vertex  1.431962e+000  5.313398e-001  5.000000e-003
    endloop
  endfacet
  facet normal  4.440789e-001 -8.277897e-001  3.428674e-001
    outer loop
      vertex  1.431962e+000  5.313398e-001  5.000000e-003
      vertex  1.427671e+000  5.282689e-001  3.143333e-003
      vertex  1.431962e+000  5.303408e-001  2.588191e-003
    endloop
  endfacet
  facet normal  5.782299e-001 -7.537737e-001  3.122103e-001
    outer loop
      vertex  1.431962e+000  5.313398e-001  5.000000e-003
      vertex  1.431962e+000  5.303408e-001  2.588191e-003
      vertex  1.436382e+000  5.340761e-001  3.420202e-003
    endloop
  endfacet
  facet normal  5.782273e-001 -7.537724e-001  3.122184e-001
    outer loop
      vertex  1.436382e+000  5.340761e-001  3.420202e-003
      vertex  1.431962e+000  5.303408e-001  2.588191e-003
      vertex  1.436382e+000  5.333927e-001  1.770427e-003
    endloop
  endfacet
  facet normal  7.235382e-001 -6.377409e-001  2.641572e-001
    outer loop
      vertex  1.436382e+000  5.340761e-001  3.420202e-003
      vertex  1.436382e+000  5.333927e-001  1.770427e-003
      vertex  1.437956e+000  5.355172e-001  2.588191e-003
    endloop
  endfacet
  facet normal  7.235302e-001 -6.377422e-001  2.641759e-001
    outer loop
      vertex  1.437956e+000  5.355172e-001  2.588191e-003
      vertex  1.436382e+000  5.333927e-001  1.770427e-003
      vertex  1.437956e+000  5.350000e-001  1.339746e-003
    endloop
  endfacet
  facet normal  8.304440e-001 -5.146912e-001  2.132037e-001
    outer loop
      vertex  1.437956e+000  5.355172e-001  2.588191e-003
      vertex  1.437956e+000  5.350000e-001  1.339746e-003
      vertex  1.439089e+000  5.369923e-001  1.736482e-003
    endloop
  endfacet
  facet normal  8.304520e-001 -5.146901e-001  2.131752e-001
    outer loop
      vertex  1.439089e+000  5.369923e-001  1.736482e-003
      vertex  1.437956e+000  5.350000e-001  1.339746e-003
      vertex  1.439089e+000  5.366454e-001  8.988691e-004
    endloop
  endfacet
  facet normal  9.289978e-001 -3.419178e-001  1.416161e-001
    outer loop
      vertex  1.439089e+000  5.369923e-001  1.736482e-003
      vertex  1.439089e+000  5.366454e-001  8.988691e-004
      vertex  1.439772e+000  5.384904e-001  8.715575e-004
    endloop
  endfacet
  facet normal  9.289970e-001 -3.419174e-001  1.416231e-001
    outer loop
      vertex  1.439772e+000  5.384904e-001  8.715575e-004
      vertex  1.439089e+000  5.366454e-001  8.988691e-004
      vertex  1.439772e+000  5.383163e-001  4.511513e-004
    endloop
  endfacet
  facet normal -5.373586e-003 -1.756465e-001  9.844386e-001
    outer loop
      vertex  1.328136e+000  2.521656e-003  5.499888e-001
      vertex  2.379185e-001  3.431464e-002  5.497104e-001
      vertex  1.327477e+000  5.274796e-006  5.495362e-001
    endloop
  endfacet
  facet normal -1.125782e-002 -3.622453e-001  9.320147e-001
    outer loop
      vertex  1.327477e+000  5.274796e-006  5.495362e-001
      vertex  2.379185e-001  3.431464e-002  5.497104e-001
      vertex  2.378409e-001  3.191078e-002  5.487752e-001
    endloop
  endfacet
  facet normal -1.294546e-002 -4.204731e-001  9.072127e-001
    outer loop
      vertex  1.327477e+000  5.274796e-006  5.495362e-001
      vertex  2.378409e-001  3.191078e-002  5.487752e-001
      vertex  1.326880e+000 -2.296963e-003  5.484607e-001
    endloop
  endfacet
  facet normal -1.825874e-002 -5.887159e-001  8.081338e-001
    outer loop
      vertex  1.326880e+000 -2.296963e-003  5.484607e-001
      vertex  2.378409e-001  3.191078e-002  5.487752e-001
      vertex  2.377736e-001  2.982625e-002  5.472551e-001
    endloop
  endfacet
  facet normal -1.973476e-002 -6.402687e-001  7.678975e-001
    outer loop
      vertex  1.326880e+000 -2.296963e-003  5.484607e-001
      vertex  2.377736e-001  2.982625e-002  5.472551e-001
      vertex  1.326360e+000 -4.314419e-003  5.467651e-001
    endloop
  endfacet
  facet normal -2.404971e-002 -7.758797e-001  6.304222e-001
    outer loop
      vertex  1.326360e+000 -4.314419e-003  5.467651e-001
      vertex  2.377736e-001  2.982625e-002  5.472551e-001
      vertex  2.377210e-001  2.819990e-002  5.452515e-001
    endloop
  endfacet
  facet normal -2.527036e-002 -8.194410e-001  5.726063e-001
    outer loop
      vertex  1.326360e+000 -4.314419e-003  5.467651e-001
      vertex  2.377210e-001  2.819990e-002  5.452515e-001
      vertex  1.325974e+000 -5.822773e-003  5.445896e-001
    endloop
  endfacet
  facet normal -2.835757e-002 -9.148834e-001  4.027213e-001
    outer loop
      vertex  1.325974e+000 -5.822773e-003  5.445896e-001
      vertex  2.377210e-001  2.819990e-002  5.452515e-001
      vertex  2.376852e-001  2.709081e-002  5.427294e-001
    endloop
  endfacet
  facet normal -2.891513e-002 -9.362982e-001  3.500136e-001
    outer loop
      vertex  1.325974e+000 -5.822773e-003  5.445896e-001
      vertex  2.376852e-001  2.709081e-002  5.427294e-001
      vertex  1.325763e+000 -6.648167e-003  5.423642e-001
    endloop
  endfacet
  facet normal -3.065146e-002 -9.899967e-001  1.377206e-001
    outer loop
      vertex  1.325763e+000 -6.648167e-003  5.423642e-001
      vertex  2.376852e-001  2.709081e-002  5.427294e-001
      vertex  2.376729e-001  2.671150e-002  5.400000e-001
    endloop
  endfacet
  facet normal -3.068507e-002 -9.924198e-001  1.190017e-001
    outer loop
      vertex  1.325763e+000 -6.648167e-003  5.423642e-001
      vertex  2.376729e-001  2.671150e-002  5.400000e-001
      vertex  1.325692e+000 -6.929447e-003  5.400000e-001
    endloop
  endfacet
  facet normal -3.507915e-003 -1.115890e-001  9.937482e-001
    outer loop
      vertex  2.379185e-001  3.431464e-002  5.497104e-001
      vertex  1.328136e+000  2.521656e-003  5.499888e-001
      vertex  2.380013e-001  3.687756e-002  5.499985e-001
    endloop
  endfacet
  facet normal  3.040245e-003  9.618772e-002  9.953585e-001
    outer loop
      vertex  2.380013e-001  3.687756e-002  5.499985e-001
      vertex  1.328136e+000  2.521656e-003  5.499888e-001
      vertex  1.328883e+000  5.349688e-003  5.497132e-001
    endloop
  endfacet
  facet normal  4.493752e-003  1.465356e-001  9.891952e-001
    outer loop
      vertex  2.380013e-001  3.687756e-002  5.499985e-001
      vertex  1.328883e+000  5.349688e-003  5.497132e-001
      vertex  2.380837e-001  3.942874e-002  5.496202e-001
    endloop
  endfacet
  facet normal  1.171948e-002  3.776433e-001  9.258770e-001
    outer loop
      vertex  2.380837e-001  3.942874e-002  5.496202e-001
      vertex  1.328883e+000  5.349688e-003  5.497132e-001
      vertex  1.329603e+000  8.043643e-003  5.486053e-001
    endloop
  endfacet
  facet normal  1.220802e-002  3.948673e-001  9.186571e-001
    outer loop
      vertex  2.380837e-001  3.942874e-002  5.496202e-001
      vertex  1.329603e+000  8.043643e-003  5.486053e-001
      vertex  2.381602e-001  4.179817e-002  5.486007e-001
    endloop
  endfacet
  facet normal  1.874249e-002  6.061408e-001  7.951366e-001
    outer loop
      vertex  2.381602e-001  4.179817e-002  5.486007e-001
      vertex  1.329603e+000  8.043643e-003  5.486053e-001
      vertex  1.330099e+000  9.882567e-003  5.471918e-001
    endloop
  endfacet
  facet normal  1.904393e-002  6.168185e-001  7.868750e-001
    outer loop
      vertex  2.381602e-001  4.179817e-002  5.486007e-001
      vertex  1.330099e+000  9.882567e-003  5.471918e-001
      vertex  2.382258e-001  4.382789e-002  5.470081e-001
    endloop
  endfacet
  facet normal  2.400365e-002  7.755070e-001  6.308825e-001
    outer loop
      vertex  2.382258e-001  4.382789e-002  5.470081e-001
      vertex  1.330099e+000  9.882567e-003  5.471918e-001
      vertex  1.330504e+000  1.137712e-002  5.453392e-001
    endloop
  endfacet
  facet normal  2.461667e-002  7.975905e-001  6.026968e-001
    outer loop
      vertex  2.382258e-001  4.382789e-002  5.470081e-001
      vertex  1.330504e+000  1.137712e-002  5.453392e-001
      vertex  2.382760e-001  4.538269e-002  5.449485e-001
    endloop
  endfacet
  facet normal  2.822620e-002  9.113194e-001  4.107314e-001
    outer loop
      vertex  2.382760e-001  4.538269e-002  5.449485e-001
      vertex  1.330504e+000  1.137712e-002  5.453392e-001
      vertex  1.330814e+000  1.251263e-002  5.427985e-001
    endloop
  endfacet
  facet normal  2.858025e-002  9.252023e-001  3.783965e-001
    outer loop
      vertex  2.382760e-001  4.538269e-002  5.449485e-001
      vertex  1.330814e+000  1.251263e-002  5.427985e-001
      vertex  2.383076e-001  4.635878e-002  5.425594e-001
    endloop
  endfacet
  facet normal  3.062395e-002  9.894959e-001  1.412803e-001
    outer loop
      vertex  2.383076e-001  4.635878e-002  5.425594e-001
      vertex  1.330814e+000  1.251263e-002  5.427985e-001
      vertex  1.330922e+000  1.290883e-002  5.400000e-001
    endloop
  endfacet
  facet normal  3.064648e-002  9.911716e-001  1.289946e-001
    outer loop
      vertex  2.383076e-001  4.635878e-002  5.425594e-001
      vertex  1.330922e+000  1.290883e-002  5.400000e-001
      vertex  2.383183e-001  4.669154e-002  5.400000e-001
    endloop
  endfacet
  facet normal -4.607278e-003 -1.465319e-001 -9.891953e-001
    outer loop
      vertex  2.379075e-001  3.397430e-002  5.303798e-001
      vertex  2.379899e-001  3.652548e-002  5.300016e-001
      vertex  1.327864e+000  1.487803e-003  5.301155e-001
    endloop
  endfacet
  facet normal  3.691172e-003  1.115831e-001 -9.937482e-001
    outer loop
      vertex  1.327864e+000  1.487803e-003  5.301155e-001
      vertex  2.379899e-001  3.652548e-002  5.300016e-001
      vertex  2.380727e-001  3.908840e-002  5.302896e-001
    endloop
  endfacet
  facet normal -3.053523e-004 -4.220666e-003 -9.999910e-001
    outer loop
      vertex  1.327864e+000  1.487803e-003  5.301155e-001
      vertex  2.380727e-001  3.908840e-002  5.302896e-001
      vertex  1.328634e+000  4.411049e-003  5.301030e-001
    endloop
  endfacet
  facet normal  1.135896e-002  3.622421e-001 -9.320148e-001
    outer loop
      vertex  1.328634e+000  4.411049e-003  5.301030e-001
      vertex  2.380727e-001  3.908840e-002  5.302896e-001
      vertex  2.381504e-001  4.149226e-002  5.312249e-001
    endloop
  endfacet
  facet normal  8.897514e-003  2.906059e-001 -9.568015e-001
    outer loop
      vertex  1.328634e+000  4.411049e-003  5.301030e-001
      vertex  2.381504e-001  4.149226e-002  5.312249e-001
      vertex  1.329395e+000  7.270032e-003  5.309784e-001
    endloop
  endfacet
  facet normal  1.828001e-002  5.887153e-001 -8.081338e-001
    outer loop
      vertex  1.329395e+000  7.270032e-003  5.309784e-001
      vertex  2.381504e-001  4.149226e-002  5.312249e-001
      vertex  2.382177e-001  4.357680e-002  5.327449e-001
    endloop
  endfacet
  facet normal  1.641908e-002  5.345778e-001 -8.449597e-001
    outer loop
      vertex  1.329395e+000  7.270032e-003  5.309784e-001
      vertex  2.382177e-001  4.357680e-002  5.327449e-001
      vertex  1.329926e+000  9.244064e-003  5.322376e-001
    endloop
  endfacet
  facet normal  2.410736e-002  7.758787e-001 -6.304214e-001
    outer loop
      vertex  1.329926e+000  9.244064e-003  5.322376e-001
      vertex  2.382177e-001  4.357680e-002  5.327449e-001
      vertex  2.382702e-001  4.520314e-002  5.347486e-001
    endloop
  endfacet
  facet normal  2.209897e-002  7.193664e-001 -6.942791e-001
    outer loop
      vertex  1.329926e+000  9.244064e-003  5.322376e-001
      vertex  2.382702e-001  4.520314e-002  5.347486e-001
      vertex  1.330376e+000  1.090643e-002  5.339744e-001
    endloop
  endfacet
  facet normal  2.844562e-002  9.148806e-001 -4.027213e-001
    outer loop
      vertex  1.330376e+000  1.090643e-002  5.339744e-001
      vertex  2.382702e-001  4.520314e-002  5.347486e-001
      vertex  2.383060e-001  4.631223e-002  5.372707e-001
    endloop
  endfacet
  facet normal  2.723763e-002  8.836400e-001 -4.673741e-001
    outer loop
      vertex  1.330376e+000  1.090643e-002  5.339744e-001
      vertex  2.383060e-001  4.631223e-002  5.372707e-001
      vertex  1.330779e+000  1.238547e-002  5.367942e-001
    endloop
  endfacet
  facet normal  3.068426e-002  9.899955e-001 -1.377219e-001
    outer loop
      vertex  1.330779e+000  1.238547e-002  5.367942e-001
      vertex  2.383060e-001  4.631223e-002  5.372707e-001
      vertex  2.383183e-001  4.669154e-002  5.400000e-001
    endloop
  endfacet
  facet normal  3.049454e-002  9.862579e-001 -1.623749e-001
    outer loop
      vertex  1.330779e+000  1.238547e-002  5.367942e-001
      vertex  2.383183e-001  4.669154e-002  5.400000e-001
      vertex  1.330922e+000  1.290883e-002  5.400000e-001
    endloop
  endfacet
  facet normal -2.170975e-002 -7.041564e-001 -7.097129e-001
    outer loop
      vertex  1.326242e+000 -4.772359e-003  5.337746e-001
      vertex  2.377654e-001  2.957515e-002  5.329919e-001
      vertex  1.326666e+000 -3.123241e-003  5.321255e-001
    endloop
  endfacet
  facet normal -1.914840e-002 -6.168153e-001 -7.868751e-001
    outer loop
      vertex  1.326666e+000 -3.123241e-003  5.321255e-001
      vertex  2.377654e-001  2.957515e-002  5.329919e-001
      vertex  2.378310e-001  3.160487e-002  5.313993e-001
    endloop
  endfacet
  facet normal -1.572610e-002 -5.110323e-001 -8.594176e-001
    outer loop
      vertex  1.326666e+000 -3.123241e-003  5.321255e-001
      vertex  2.378310e-001  3.160487e-002  5.313993e-001
      vertex  1.327228e+000 -9.516304e-004  5.308239e-001
    endloop
  endfacet
  facet normal -1.228574e-002 -3.948648e-001 -9.186571e-001
    outer loop
      vertex  1.327228e+000 -9.516304e-004  5.308239e-001
      vertex  2.378310e-001  3.160487e-002  5.313993e-001
      vertex  2.379075e-001  3.397430e-002  5.303798e-001
    endloop
  endfacet
  facet normal -8.482855e-003 -2.767919e-001 -9.608924e-001
    outer loop
      vertex  1.327228e+000 -9.516304e-004  5.308239e-001
      vertex  2.379075e-001  3.397430e-002  5.303798e-001
      vertex  1.327864e+000  1.487803e-003  5.301155e-001
    endloop
  endfacet
  facet normal -2.644251e-002 -8.499564e-001 -5.261890e-001
    outer loop
      vertex  1.325929e+000 -5.998572e-003  5.357711e-001
      vertex  2.377654e-001  2.957515e-002  5.329919e-001
      vertex  1.326242e+000 -4.772359e-003  5.337746e-001
    endloop
  endfacet
  facet normal -2.453530e-002 -7.975938e-001 -6.026959e-001
    outer loop
      vertex  2.377654e-001  2.957515e-002  5.329919e-001
      vertex  1.325929e+000 -5.998572e-003  5.357711e-001
      vertex  2.377152e-001  2.802035e-002  5.350516e-001
    endloop
  endfacet
  facet normal -2.937336e-002 -9.464114e-001 -3.216250e-001
    outer loop
      vertex  2.377152e-001  2.802035e-002  5.350516e-001
      vertex  1.325929e+000 -5.998572e-003  5.357711e-001
      vertex  1.325752e+000 -6.693470e-003  5.378321e-001
    endloop
  endfacet
  facet normal -2.855163e-002 -9.252031e-001 -3.783964e-001
    outer loop
      vertex  2.377152e-001  2.802035e-002  5.350516e-001
      vertex  1.325752e+000 -6.693470e-003  5.378321e-001
      vertex  2.376837e-001  2.704426e-002  5.374406e-001
    endloop
  endfacet
  facet normal -3.076827e-002 -9.935656e-001 -1.089991e-001
    outer loop
      vertex  2.376837e-001  2.704426e-002  5.374406e-001
      vertex  1.325752e+000 -6.693470e-003  5.378321e-001
      vertex  1.325692e+000 -6.929447e-003  5.400000e-001
    endloop
  endfacet
  facet normal -3.064648e-002 -9.911716e-001 -1.289946e-001
    outer loop
      vertex  2.376837e-001  2.704426e-002  5.374406e-001
      vertex  1.325692e+000 -6.929447e-003  5.400000e-001
      vertex  2.376729e-001  2.671150e-002  5.400000e-001
    endloop
  endfacet
  facet normal -3.586023e-001  6.715792e-001 -6.483716e-001
    outer loop
      vertex  1.332012e+000  9.751104e-003  5.314069e-001
      vertex  1.335619e+000  1.079159e-002  5.304900e-001
      vertex  1.335159e+000  1.036251e-002  5.302997e-001
    endloop
  endfacet
  facet normal  2.329203e-001  5.628693e-001 -7.930487e-001
    outer loop
      vertex  1.408334e+000  1.093503e-002  5.268540e-001
      vertex  1.417756e+000  6.265110e-003  5.263067e-001
      vertex  1.408857e+000  7.501395e-003  5.245707e-001
    endloop
  endfacet
  facet normal -4.178864e-001  8.277441e-001 -3.744472e-001
    outer loop
      vertex  1.330376e+000  1.090643e-002  5.339744e-001
      vertex  1.330779e+000  1.238547e-002  5.367942e-001
      vertex  1.332075e+000  1.169486e-002  5.338212e-001
    endloop
  endfacet
  facet normal -3.805124e-001  8.545663e-001  3.534498e-001
    outer loop
      vertex  1.330814e+000  1.251263e-002  5.427985e-001
      vertex  1.334938e+000  1.291803e-002  5.462587e-001
      vertex  1.332120e+000  1.309281e-002  5.428022e-001
    endloop
  endfacet
  facet normal -3.708657e-001  8.638706e-001  3.408609e-001
    outer loop
      vertex  1.330504e+000  1.137712e-002  5.453392e-001
      vertex  1.334938e+000  1.291803e-002  5.462587e-001
      vertex  1.330814e+000  1.251263e-002  5.427985e-001
    endloop
  endfacet
  facet normal  7.613797e-004  9.227090e-001  3.854963e-001
    outer loop
      vertex  1.367764e+000  1.755201e-002  5.493680e-001
      vertex  1.382975e+000  1.745054e-002  5.495808e-001
      vertex  1.378223e+000  1.948719e-002  5.447153e-001
    endloop
  endfacet
  facet normal  6.169475e-002  9.407225e-001  3.335188e-001
    outer loop
      vertex  1.394188e+000  1.848224e-002  5.445966e-001
      vertex  1.378223e+000  1.948719e-002  5.447153e-001
      vertex  1.382975e+000  1.745054e-002  5.495808e-001
    endloop
  endfacet
  facet normal  8.576840e-002  9.196284e-001  3.833108e-001
    outer loop
      vertex  1.382975e+000  1.745054e-002  5.495808e-001
      vertex  1.397994e+000  1.621958e-002  5.491735e-001
      vertex  1.394188e+000  1.848224e-002  5.445966e-001
    endloop
  endfacet
  facet normal  5.935408e-001  7.587344e-001  2.683865e-001
    outer loop
      vertex  1.436387e+000  4.992014e-003  5.416535e-001
      vertex  1.431850e+000  8.272207e-003  5.424139e-001
      vertex  1.432608e+000  6.876700e-003  5.446826e-001
    endloop
  endfacet
  facet normal  6.147387e-001  7.218922e-001  3.177546e-001
    outer loop
      vertex  1.432608e+000  6.876700e-003  5.446826e-001
      vertex  1.436722e+000  4.026453e-003  5.431989e-001
      vertex  1.436387e+000  4.992014e-003  5.416535e-001
    endloop
  endfacet
  facet normal  7.404316e-001  6.303433e-001  2.332989e-001
    outer loop
      vertex  1.438098e+000  3.143089e-003  5.412182e-001
      vertex  1.436387e+000  4.992014e-003  5.416535e-001
      vertex  1.436722e+000  4.026453e-003  5.431989e-001
    endloop
  endfacet
  facet normal  8.028509e-001  4.903451e-001  3.391048e-001
    outer loop
      vertex  1.436722e+000  4.026453e-003  5.431989e-001
      vertex  1.439200e+000  1.060030e-003  5.416229e-001
      vertex  1.438098e+000  3.143089e-003  5.412182e-001
    endloop
  endfacet
  facet normal -4.919490e-001 -5.491856e-001 -6.755602e-001
    outer loop
      vertex  1.331470e+000 -7.030101e-003  5.318032e-001
      vertex  1.326242e+000 -4.772359e-003  5.337746e-001
      vertex  1.326666e+000 -3.123241e-003  5.321255e-001
    endloop
  endfacet
  facet normal -3.629723e-001  4.090164e-001 -8.372315e-001
    outer loop
      vertex  1.339083e+000  8.301324e-003  5.272304e-001
      vertex  1.335813e+000  9.369412e-003  5.291700e-001
      vertex  1.337486e+000  9.183687e-003  5.283540e-001
    endloop
  endfacet
  facet normal -2.832755e-001  5.163220e-001 -8.081872e-001
    outer loop
      vertex  1.339083e+000  8.301324e-003  5.272304e-001
      vertex  1.337486e+000  9.183687e-003  5.283540e-001
      vertex  1.341063e+000  9.241566e-003  5.271372e-001
    endloop
  endfacet
  facet normal -1.844711e-002  5.380009e-001 -8.427424e-001
    outer loop
      vertex  1.368353e+000  1.109754e-002  5.235935e-001
      vertex  1.378966e+000  1.153258e-002  5.236389e-001
      vertex  1.377905e+000  9.653467e-003  5.224625e-001
    endloop
  endfacet
  facet normal -4.024006e-001  7.111862e-001 -5.764443e-001
    outer loop
      vertex  1.332012e+000  9.751104e-003  5.314069e-001
      vertex  1.329926e+000  9.244064e-003  5.322376e-001
      vertex  1.330376e+000  1.090643e-002  5.339744e-001
    endloop
  endfacet
  facet normal -4.181131e-001  7.986242e-001 -4.328750e-001
    outer loop
      vertex  1.336670e+000  1.141896e-002  5.306321e-001
      vertex  1.335619e+000  1.079159e-002  5.304900e-001
      vertex  1.339259e+000  1.374868e-002  5.324292e-001
    endloop
  endfacet
  facet normal -3.098324e-001  7.722307e-001 -5.546742e-001
    outer loop
      vertex  1.336670e+000  1.141896e-002  5.306321e-001
      vertex  1.339259e+000  1.374868e-002  5.324292e-001
      vertex  1.339691e+000  1.262824e-002  5.306280e-001
    endloop
  endfacet
  facet normal -5.330696e-003  7.714348e-001 -6.362860e-001
    outer loop
      vertex  1.367604e+000  1.645819e-002  5.288705e-001
      vertex  1.378147e+000  1.713475e-002  5.296025e-001
      vertex  1.383138e+000  1.616733e-002  5.283877e-001
    endloop
  endfacet
  facet normal -4.035518e-001  9.079623e-001  1.129179e-001
    outer loop
      vertex  1.330922e+000  1.290883e-002  5.400000e-001
      vertex  1.330814e+000  1.251263e-002  5.427985e-001
      vertex  1.332120e+000  1.309281e-002  5.428022e-001
    endloop
  endfacet
  facet normal -3.713027e-001  9.233127e-001  9.812253e-002
    outer loop
      vertex  1.330922e+000  1.290883e-002  5.400000e-001
      vertex  1.332120e+000  1.309281e-002  5.428022e-001
      vertex  1.332131e+000  1.342465e-002  5.397198e-001
    endloop
  endfacet
  facet normal -4.156446e-001  8.990195e-001 -1.378527e-001
    outer loop
      vertex  1.330922e+000  1.290883e-002  5.400000e-001
      vertex  1.332131e+000  1.342465e-002  5.397198e-001
      vertex  1.332115e+000  1.294783e-002  5.366566e-001
    endloop
  endfacet
  facet normal -3.959357e-001  9.089288e-001 -1.307032e-001
    outer loop
      vertex  1.330922e+000  1.290883e-002  5.400000e-001
      vertex  1.332115e+000  1.294783e-002  5.366566e-001
      vertex  1.330779e+000  1.238547e-002  5.367942e-001
    endloop
  endfacet
  facet normal  9.886286e-001 -1.316256e-001 -7.272012e-002
    outer loop
      vertex  1.439969e+000 -1.936979e-003  5.400000e-001
      vertex  1.439720e+000 -3.369217e-003  5.392136e-001
      vertex  1.439728e+000 -3.116760e-003  5.388678e-001
    endloop
  endfacet
  facet normal  9.893485e-001 -1.093355e-001 -9.609973e-002
    outer loop
      vertex  1.439969e+000 -1.936979e-003  5.400000e-001
      vertex  1.439728e+000 -3.116760e-003  5.388678e-001
      vertex  1.439739e+000 -2.783459e-003  5.385992e-001
    endloop
  endfacet
  facet normal  9.902326e-001 -8.199900e-002 -1.127634e-001
    outer loop
      vertex  1.439969e+000 -1.936979e-003  5.400000e-001
      vertex  1.439739e+000 -2.783459e-003  5.385992e-001
      vertex  1.439752e+000 -2.392027e-003  5.384260e-001
    endloop
  endfacet
  facet normal  9.912354e-001 -5.102340e-002 -1.218569e-001
    outer loop
      vertex  1.439969e+000 -1.936979e-003  5.400000e-001
      vertex  1.439752e+000 -2.392027e-003  5.384260e-001
      vertex  1.439766e+000 -1.969139e-003  5.383602e-001
    endloop
  endfacet
  facet normal  9.922779e-001 -1.867272e-002 -1.226206e-001
    outer loop
      vertex  1.439969e+000 -1.936979e-003  5.400000e-001
      vertex  1.439766e+000 -1.969139e-003  5.383602e-001
      vertex  1.439779e+000 -1.543615e-003  5.384060e-001
    endloop
  endfacet
  facet normal  9.932789e-001  1.234090e-002 -1.150861e-001
    outer loop
      vertex  1.439969e+000 -1.936979e-003  5.400000e-001
      vertex  1.439779e+000 -1.543615e-003  5.384060e-001
      vertex  1.439792e+000 -1.144453e-003  5.385605e-001
    endloop
  endfacet
  facet normal  9.941975e-001  4.078658e-002 -9.953802e-002
    outer loop
      vertex  1.439969e+000 -1.936979e-003  5.400000e-001
      vertex  1.439792e+000 -1.144453e-003  5.385605e-001
      vertex  1.439803e+000 -7.988561e-004  5.388131e-001
    endloop
  endfacet
  facet normal  9.949451e-001  6.400214e-002 -7.738176e-002
    outer loop
      vertex  1.439969e+000 -1.936979e-003  5.400000e-001
      vertex  1.439803e+000 -7.988561e-004  5.388131e-001
      vertex  1.439812e+000 -5.303755e-004  5.391465e-001
    endloop
  endfacet
  facet normal  9.954855e-001  8.071387e-002 -4.993799e-002
    outer loop
      vertex  1.439969e+000 -1.936979e-003  5.400000e-001
      vertex  1.439812e+000 -5.303755e-004  5.391465e-001
      vertex  1.439818e+000 -3.573078e-004  5.395382e-001
    endloop
  endfacet
  facet normal  9.957788e-001  8.982520e-002 -1.886655e-002
    outer loop
      vertex  1.439969e+000 -1.936979e-003  5.400000e-001
      vertex  1.439818e+000 -3.573078e-004  5.395382e-001
      vertex  1.439820e+000 -2.914474e-004  5.399613e-001
    endloop
  endfacet
  facet normal  9.958019e-001  9.058087e-002  1.317880e-002
    outer loop
      vertex  1.439969e+000 -1.936979e-003  5.400000e-001
      vertex  1.439820e+000 -2.914474e-004  5.399613e-001
      vertex  1.439818e+000 -3.372826e-004  5.403870e-001
    endloop
  endfacet
  facet normal  9.950208e-001  7.899176e-002  6.077641e-002
    outer loop
      vertex  1.439969e+000 -1.936979e-003  5.400000e-001
      vertex  1.439818e+000 -3.372826e-004  5.403870e-001
      vertex  1.439800e+000 -4.400644e-004  5.408144e-001
    endloop
  endfacet
  facet normal -4.250529e-001  3.386110e-001 -8.394478e-001
    outer loop
      vertex  1.331931e+000  7.249044e-003  5.295782e-001
      vertex  1.331838e+000  4.359186e-003  5.284597e-001
      vertex  1.328634e+000  4.411049e-003  5.301030e-001
    endloop
  endfacet
  facet normal -4.469782e-001  3.685907e-001 -8.150775e-001
    outer loop
      vertex  1.331931e+000  7.249044e-003  5.295782e-001
      vertex  1.328634e+000  4.411049e-003  5.301030e-001
      vertex  1.329395e+000  7.270032e-003  5.309784e-001
    endloop
  endfacet
  facet normal -3.944726e-001  5.672064e-001 -7.229580e-001
    outer loop
      vertex  1.331931e+000  7.249044e-003  5.295782e-001
      vertex  1.329395e+000  7.270032e-003  5.309784e-001
      vertex  1.329926e+000  9.244064e-003  5.322376e-001
    endloop
  endfacet
  facet normal -4.212051e-001  5.439997e-001 -7.257070e-001
    outer loop
      vertex  1.331931e+000  7.249044e-003  5.295782e-001
      vertex  1.329926e+000  9.244064e-003  5.322376e-001
      vertex  1.332012e+000  9.751104e-003  5.314069e-001
    endloop
  endfacet
  facet normal -3.699118e-001  5.559708e-001 -7.443531e-001
    outer loop
      vertex  1.331931e+000  7.249044e-003  5.295782e-001
      vertex  1.332012e+000  9.751104e-003  5.314069e-001
      vertex  1.335159e+000  1.036251e-002  5.302997e-001
    endloop
  endfacet
  facet normal -4.678354e-001  6.289018e-001 -6.209771e-001
    outer loop
      vertex  1.331931e+000  7.249044e-003  5.295782e-001
      vertex  1.335159e+000  1.036251e-002  5.302997e-001
      vertex  1.335000e+000  9.974019e-003  5.300260e-001
    endloop
  endfacet
  facet normal -4.131157e-001  5.805368e-001 -7.016497e-001
    outer loop
      vertex  1.331931e+000  7.249044e-003  5.295782e-001
      vertex  1.335000e+000  9.974019e-003  5.300260e-001
      vertex  1.335040e+000  9.803483e-003  5.298613e-001
    endloop
  endfacet
  facet normal -3.913051e-001  5.573859e-001 -7.322577e-001
    outer loop
      vertex  1.331931e+000  7.249044e-003  5.295782e-001
      vertex  1.335040e+000  9.803483e-003  5.298613e-001
      vertex  1.335188e+000  9.630639e-003  5.296507e-001
    endloop
  endfacet
  facet normal -3.685730e-001  5.273131e-001 -7.655684e-001
    outer loop
      vertex  1.331931e+000  7.249044e-003  5.295782e-001
      vertex  1.335188e+000  9.630639e-003  5.296507e-001
      vertex  1.335813e+000  9.369412e-003  5.291700e-001
    endloop
  endfacet
  facet normal -3.373394e-001  4.593284e-001 -8.217174e-001
    outer loop
      vertex  1.331931e+000  7.249044e-003  5.295782e-001
      vertex  1.335813e+000  9.369412e-003  5.291700e-001
      vertex  1.339083e+000  8.301324e-003  5.272304e-001
    endloop
  endfacet
  facet normal  3.213704e-001  8.087542e-001 -4.925827e-001
    outer loop
      vertex  1.425537e+000  7.594313e-003  5.305015e-001
      vertex  1.417862e+000  9.552595e-003  5.287094e-001
      vertex  1.416458e+000  1.008793e-002  5.286725e-001
    endloop
  endfacet
  facet normal  2.982212e-001  4.810996e-001 -8.243830e-001
    outer loop
      vertex  1.425537e+000  7.594313e-003  5.305015e-001
      vertex  1.416458e+000  1.008793e-002  5.286725e-001
      vertex  1.420243e+000  9.536580e-003  5.297198e-001
    endloop
  endfacet
  facet normal  3.265445e-001  5.942901e-001 -7.349748e-001
    outer loop
      vertex  1.425537e+000  7.594313e-003  5.305015e-001
      vertex  1.420243e+000  9.536580e-003  5.297198e-001
      vertex  1.422472e+000  9.102755e-003  5.303595e-001
    endloop
  endfacet
  facet normal  3.516748e-001  6.512365e-001 -6.724700e-001
    outer loop
      vertex  1.425537e+000  7.594313e-003  5.305015e-001
      vertex  1.422472e+000  9.102755e-003  5.303595e-001
      vertex  1.423474e+000  8.979919e-003  5.307647e-001
    endloop
  endfacet
  facet normal  3.578365e-001  6.584442e-001 -6.621211e-001
    outer loop
      vertex  1.425537e+000  7.594313e-003  5.305015e-001
      vertex  1.423474e+000  8.979919e-003  5.307647e-001
      vertex  1.424484e+000  8.725344e-003  5.310571e-001
    endloop
  endfacet
  facet normal  3.664917e-001  6.622756e-001 -6.535096e-001
    outer loop
      vertex  1.425537e+000  7.594313e-003  5.305015e-001
      vertex  1.424484e+000  8.725344e-003  5.310571e-001
      vertex  1.424749e+000  8.653545e-003  5.311329e-001
    endloop
  endfacet
  facet normal  3.803006e-001  6.657087e-001 -6.420308e-001
    outer loop
      vertex  1.425537e+000  7.594313e-003  5.305015e-001
      vertex  1.424749e+000  8.653545e-003  5.311329e-001
      vertex  1.424914e+000  8.643866e-003  5.312210e-001
    endloop
  endfacet
  facet normal  4.008028e-001  6.677524e-001 -6.272670e-001
    outer loop
      vertex  1.425537e+000  7.594313e-003  5.305015e-001
      vertex  1.424914e+000  8.643866e-003  5.312210e-001
      vertex  1.425000e+000  8.682774e-003  5.313172e-001
    endloop
  endfacet
  facet normal  5.124004e-001  6.623357e-001 -5.465868e-001
    outer loop
      vertex  1.425537e+000  7.594313e-003  5.305015e-001
      vertex  1.425000e+000  8.682774e-003  5.313172e-001
      vertex  1.425606e+000  9.742850e-003  5.331702e-001
    endloop
  endfacet
  facet normal  4.124553e-001  7.259851e-001 -5.502966e-001
    outer loop
      vertex  1.425606e+000  9.742850e-003  5.331702e-001
      vertex  1.425000e+000  8.682774e-003  5.313172e-001
      vertex  1.424861e+000  8.802687e-003  5.313713e-001
    endloop
  endfacet
  facet normal  3.788272e-001  7.464629e-001 -5.470678e-001
    outer loop
      vertex  1.425606e+000  9.742850e-003  5.331702e-001
      vertex  1.424861e+000  8.802687e-003  5.313713e-001
      vertex  1.424717e+000  8.863835e-003  5.313548e-001
    endloop
  endfacet
  facet normal  3.578340e-001  7.595801e-001 -5.431325e-001
    outer loop
      vertex  1.425606e+000  9.742850e-003  5.331702e-001
      vertex  1.424717e+000  8.863835e-003  5.313548e-001
      vertex  1.424254e+000  8.980270e-003  5.312126e-001
    endloop
  endfacet
  facet normal  3.480269e-001  7.668982e-001 -5.392073e-001
    outer loop
      vertex  1.425606e+000  9.742850e-003  5.331702e-001
      vertex  1.424254e+000  8.980270e-003  5.312126e-001
      vertex  1.421799e+000  9.787087e-003  5.307754e-001
    endloop
  endfacet
  facet normal  3.018948e-001  8.324448e-001 -4.646453e-001
    outer loop
      vertex  1.425606e+000  9.742850e-003  5.331702e-001
      vertex  1.421799e+000  9.787087e-003  5.307754e-001
      vertex  1.416569e+000  1.124107e-002  5.299828e-001
    endloop
  endfacet
  facet normal  3.277534e-001  7.473605e-001 -5.779533e-001
    outer loop
      vertex  1.425606e+000  9.742850e-003  5.331702e-001
      vertex  1.416569e+000  1.124107e-002  5.299828e-001
      vertex  1.417944e+000  1.210651e-002  5.318816e-001
    endloop
  endfacet
  facet normal -5.010600e-001 -7.001258e-001 -5.086872e-001
    outer loop
      vertex  1.325929e+000 -5.998572e-003  5.357711e-001
      vertex  1.326242e+000 -4.772359e-003  5.337746e-001
      vertex  1.331411e+000 -8.857839e-003  5.343065e-001
    endloop
  endfacet
  facet normal -4.963117e-001 -6.955304e-001 -5.195307e-001
    outer loop
      vertex  1.331411e+000 -8.857839e-003  5.343065e-001
      vertex  1.326242e+000 -4.772359e-003  5.337746e-001
      vertex  1.331470e+000 -7.030101e-003  5.318032e-001
    endloop
  endfacet
  facet normal -3.735875e-001 -7.449443e-001 -5.527120e-001
    outer loop
      vertex  1.331411e+000 -8.857839e-003  5.343065e-001
      vertex  1.331470e+000 -7.030101e-003  5.318032e-001
      vertex  1.338446e+000 -1.143409e-002  5.330240e-001
    endloop
  endfacet
  facet normal -3.735937e-001 -7.449505e-001 -5.526991e-001
    outer loop
      vertex  1.338446e+000 -1.143409e-002  5.330240e-001
      vertex  1.331470e+000 -7.030101e-003  5.318032e-001
      vertex  1.338518e+000 -9.194597e-003  5.299566e-001
    endloop
  endfacet
  facet normal -2.767153e-001 -7.729905e-001 -5.708891e-001
    outer loop
      vertex  1.338446e+000 -1.143409e-002  5.330240e-001
      vertex  1.338518e+000 -9.194597e-003  5.299566e-001
      vertex  1.346808e+000 -1.364499e-002  5.319642e-001
    endloop
  endfacet
  facet normal -2.767147e-001 -7.729899e-001 -5.708901e-001
    outer loop
      vertex  1.346808e+000 -1.364499e-002  5.319642e-001
      vertex  1.338518e+000 -9.194597e-003  5.299566e-001
      vertex  1.346891e+000 -1.106531e-002  5.284310e-001
    endloop
  endfacet
  facet normal -2.072998e-001 -7.877668e-001 -5.800433e-001
    outer loop
      vertex  1.346808e+000 -1.364499e-002  5.319642e-001
      vertex  1.346891e+000 -1.106531e-002  5.284310e-001
      vertex  1.353792e+000 -1.502042e-002  5.313364e-001
    endloop
  endfacet
  facet normal -2.072978e-001 -7.877653e-001 -5.800461e-001
    outer loop
      vertex  1.353792e+000 -1.502042e-002  5.313364e-001
      vertex  1.346891e+000 -1.106531e-002  5.284310e-001
      vertex  1.353881e+000 -1.223919e-002  5.275270e-001
    endloop
  endfacet
  facet normal -1.550421e-001 -7.961326e-001 -5.849227e-001
    outer loop
      vertex  1.353792e+000 -1.502042e-002  5.313364e-001
      vertex  1.353881e+000 -1.223919e-002  5.275270e-001
      vertex  1.361247e+000 -1.612558e-002  5.308645e-001
    endloop
  endfacet
  facet normal -1.550429e-001 -7.961333e-001 -5.849217e-001
    outer loop
      vertex  1.361247e+000 -1.612558e-002  5.308645e-001
      vertex  1.353881e+000 -1.223919e-002  5.275270e-001
      vertex  1.361342e+000 -1.319283e-002  5.268476e-001
    endloop
  endfacet
  facet normal -8.410607e-002 -8.038371e-001 -5.888735e-001
    outer loop
      vertex  1.361247e+000 -1.612558e-002  5.308645e-001
      vertex  1.361342e+000 -1.319283e-002  5.268476e-001
      vertex  1.377030e+000 -1.745074e-002  5.304192e-001
    endloop
  endfacet
  facet normal -8.410529e-002 -8.038359e-001 -5.888755e-001
    outer loop
      vertex  1.377030e+000 -1.745074e-002  5.304192e-001
      vertex  1.361342e+000 -1.319283e-002  5.268476e-001
      vertex  1.377129e+000 -1.437507e-002  5.262066e-001
    endloop
  endfacet
  facet normal  5.116403e-003 -8.076901e-001 -5.895850e-001
    outer loop
      vertex  1.377030e+000 -1.745074e-002  5.304192e-001
      vertex  1.377129e+000 -1.437507e-002  5.262066e-001
      vertex  1.393025e+000 -1.752554e-002  5.306605e-001
    endloop
  endfacet
  facet normal  5.116372e-003 -8.076901e-001 -5.895849e-001
    outer loop
      vertex  1.393025e+000 -1.752554e-002  5.306605e-001
      vertex  1.377129e+000 -1.437507e-002  5.262066e-001
      vertex  1.393122e+000 -1.452732e-002  5.265540e-001
    endloop
  endfacet
  facet normal  7.410900e-002 -8.062536e-001 -5.869097e-001
    outer loop
      vertex  1.393025e+000 -1.752554e-002  5.306605e-001
      vertex  1.393122e+000 -1.452732e-002  5.265540e-001
      vertex  1.400743e+000 -1.708881e-002  5.310351e-001
    endloop
  endfacet
  facet normal  7.410636e-002 -8.062561e-001 -5.869066e-001
    outer loop
      vertex  1.400743e+000 -1.708881e-002  5.310351e-001
      vertex  1.393122e+000 -1.452732e-002  5.265540e-001
      vertex  1.400836e+000 -1.421084e-002  5.270932e-001
    endloop
  endfacet
  facet normal  1.239028e-001 -8.028116e-001 -5.832167e-001
    outer loop
      vertex  1.400743e+000 -1.708881e-002  5.310351e-001
      vertex  1.400836e+000 -1.421084e-002  5.270932e-001
      vertex  1.408087e+000 -1.634460e-002  5.315710e-001
    endloop
  endfacet
  facet normal  1.239065e-001 -8.028080e-001 -5.832210e-001
    outer loop
      vertex  1.408087e+000 -1.634460e-002  5.315710e-001
      vertex  1.400836e+000 -1.421084e-002  5.270932e-001
      vertex  1.408175e+000 -1.363866e-002  5.278648e-001
    endloop
  endfacet
  facet normal  1.888536e-001 -7.952247e-001 -5.761527e-001
    outer loop
      vertex  1.408087e+000 -1.634460e-002  5.315710e-001
      vertex  1.408175e+000 -1.363866e-002  5.278648e-001
      vertex  1.417072e+000 -1.489791e-002  5.325193e-001
    endloop
  endfacet
  facet normal  1.888549e-001 -7.952231e-001 -5.761547e-001
    outer loop
      vertex  1.417072e+000 -1.489791e-002  5.325193e-001
      vertex  1.408175e+000 -1.363866e-002  5.278648e-001
      vertex  1.417150e+000 -1.249642e-002  5.292301e-001
    endloop
  endfacet
  facet normal  2.775958e-001 -7.790041e-001 -5.622216e-001
    outer loop
      vertex  1.417072e+000 -1.489791e-002  5.325193e-001
      vertex  1.417150e+000 -1.249642e-002  5.292301e-001
      vertex  1.424873e+000 -1.297521e-002  5.337067e-001
    endloop
  endfacet
  facet normal  2.775974e-001 -7.790017e-001 -5.622241e-001
    outer loop
      vertex  1.424873e+000 -1.297521e-002  5.337067e-001
      vertex  1.417150e+000 -1.249642e-002  5.292301e-001
      vertex  1.424938e+000 -1.095490e-002  5.309396e-001
    endloop
  endfacet
  facet normal  3.914633e-001 -7.475541e-001 -5.365813e-001
    outer loop
      vertex  1.424873e+000 -1.297521e-002  5.337067e-001
      vertex  1.424938e+000 -1.095490e-002  5.309396e-001
      vertex  1.431239e+000 -1.063793e-002  5.350952e-001
    endloop
  endfacet
  facet normal  3.914550e-001 -7.475682e-001 -5.365676e-001
    outer loop
      vertex  1.431239e+000 -1.063793e-002  5.350952e-001
      vertex  1.424938e+000 -1.095490e-002  5.309396e-001
      vertex  1.431290e+000 -9.063358e-003  5.329385e-001
    endloop
  endfacet
  facet normal  5.453718e-001 -6.830415e-001 -4.858230e-001
    outer loop
      vertex  1.431239e+000 -1.063793e-002  5.350952e-001
      vertex  1.431290e+000 -9.063358e-003  5.329385e-001
      vertex  1.435969e+000 -7.960747e-003  5.366404e-001
    endloop
  endfacet
  facet normal  5.453771e-001 -6.830300e-001 -4.858332e-001
    outer loop
      vertex  1.435969e+000 -7.960747e-003  5.366404e-001
      vertex  1.431290e+000 -9.063358e-003  5.329385e-001
      vertex  1.436003e+000 -6.882224e-003  5.351632e-001
    endloop
  endfacet
  facet normal  7.001154e-001 -5.844382e-001 -4.102076e-001
    outer loop
      vertex  1.435969e+000 -7.960747e-003  5.366404e-001
      vertex  1.436003e+000 -6.882224e-003  5.351632e-001
      vertex  1.437790e+000 -6.399760e-003  5.375249e-001
    endloop
  endfacet
  facet normal  7.000883e-001 -5.844929e-001 -4.101759e-001
    outer loop
      vertex  1.437790e+000 -6.399760e-003  5.375249e-001
      vertex  1.436003e+000 -6.882224e-003  5.351632e-001
      vertex  1.437816e+000 -5.605167e-003  5.364366e-001
    endloop
  endfacet
  facet normal  8.224538e-001 -4.685084e-001 -3.225984e-001
    outer loop
      vertex  1.437790e+000 -6.399760e-003  5.375249e-001
      vertex  1.437816e+000 -5.605167e-003  5.364366e-001
      vertex  1.439069e+000 -4.778753e-003  5.384325e-001
    endloop
  endfacet
  facet normal  8.224707e-001 -4.684564e-001 -3.226305e-001
    outer loop
      vertex  1.439069e+000 -4.778753e-003  5.384325e-001
      vertex  1.437816e+000 -5.605167e-003  5.364366e-001
      vertex  1.439086e+000 -4.275541e-003  5.377433e-001
    endloop
  endfacet
  facet normal  9.268305e-001 -3.133229e-001 -2.069150e-001
    outer loop
      vertex  1.439069e+000 -4.778753e-003  5.384325e-001
      vertex  1.439086e+000 -4.275541e-003  5.377433e-001
      vertex  1.439720e+000 -3.369217e-003  5.392136e-001
    endloop
  endfacet
  facet normal  9.268218e-001 -3.133709e-001 -2.068817e-001
    outer loop
      vertex  1.439720e+000 -3.369217e-003  5.392136e-001
      vertex  1.439086e+000 -4.275541e-003  5.377433e-001
      vertex  1.439728e+000 -3.116760e-003  5.388678e-001
    endloop
  endfacet
  facet normal -4.518418e-001  1.151970e-001 -8.846291e-001
    outer loop
      vertex  1.328634e+000  4.411049e-003  5.301030e-001
      vertex  1.331838e+000  4.359186e-003  5.284597e-001
      vertex  1.327864e+000  1.487803e-003  5.301155e-001
    endloop
  endfacet
  facet normal -4.490083e-001  1.100686e-001 -8.867223e-001
    outer loop
      vertex  1.327864e+000  1.487803e-003  5.301155e-001
      vertex  1.331838e+000  4.359186e-003  5.284597e-001
      vertex  1.331739e+000  1.278469e-003  5.281277e-001
    endloop
  endfacet
  facet normal -4.580695e-001 -1.356146e-001 -8.785107e-001
    outer loop
      vertex  1.327864e+000  1.487803e-003  5.301155e-001
      vertex  1.331739e+000  1.278469e-003  5.281277e-001
      vertex  1.327228e+000 -9.516304e-004  5.308239e-001
    endloop
  endfacet
  facet normal -4.642303e-001 -1.217058e-001 -8.773130e-001
    outer loop
      vertex  1.327228e+000 -9.516304e-004  5.308239e-001
      vertex  1.331739e+000  1.278469e-003  5.281277e-001
      vertex  1.331640e+000 -1.783161e-003  5.286048e-001
    endloop
  endfacet
  facet normal -4.724989e-001 -3.599424e-001 -8.044789e-001
    outer loop
      vertex  1.327228e+000 -9.516304e-004  5.308239e-001
      vertex  1.331640e+000 -1.783161e-003  5.286048e-001
      vertex  1.326666e+000 -3.123241e-003  5.321255e-001
    endloop
  endfacet
  facet normal -4.798318e-001 -3.419386e-001 -8.079847e-001
    outer loop
      vertex  1.326666e+000 -3.123241e-003  5.321255e-001
      vertex  1.331640e+000 -1.783161e-003  5.286048e-001
      vertex  1.331548e+000 -4.617060e-003  5.298584e-001
    endloop
  endfacet
  facet normal -4.847763e-001 -5.392911e-001 -6.885906e-001
    outer loop
      vertex  1.326666e+000 -3.123241e-003  5.321255e-001
      vertex  1.331548e+000 -4.617060e-003  5.298584e-001
      vertex  1.331470e+000 -7.030101e-003  5.318032e-001
    endloop
  endfacet
  facet normal  2.357354e-001  5.680196e-001 -7.885319e-001
    outer loop
      vertex  1.408334e+000  1.093503e-002  5.268540e-001
      vertex  1.416458e+000  1.008793e-002  5.286725e-001
      vertex  1.417756e+000  6.265110e-003  5.263067e-001
    endloop
  endfacet
  facet normal  2.374036e-001  5.681969e-001 -7.879035e-001
    outer loop
      vertex  1.417756e+000  6.265110e-003  5.263067e-001
      vertex  1.416458e+000  1.008793e-002  5.286725e-001
      vertex  1.417862e+000  9.552595e-003  5.287094e-001
    endloop
  endfacet
  facet normal  3.205945e-001  5.521584e-001 -7.696365e-001
    outer loop
      vertex  1.417756e+000  6.265110e-003  5.263067e-001
      vertex  1.417862e+000  9.552595e-003  5.287094e-001
      vertex  1.425448e+000  4.828644e-003  5.284802e-001
    endloop
  endfacet
  facet normal  3.205918e-001  5.521542e-001 -7.696406e-001
    outer loop
      vertex  1.425448e+000  4.828644e-003  5.284802e-001
      vertex  1.417862e+000  9.552595e-003  5.287094e-001
      vertex  1.425537e+000  7.594313e-003  5.305015e-001
    endloop
  endfacet
  facet normal  4.324920e-001  5.228825e-001 -7.345370e-001
    outer loop
      vertex  1.425448e+000  4.828644e-003  5.284802e-001
      vertex  1.425537e+000  7.594313e-003  5.305015e-001
      vertex  1.431687e+000  3.237896e-003  5.310218e-001
    endloop
  endfacet
  facet normal  4.324944e-001  5.228865e-001 -7.345327e-001
    outer loop
      vertex  1.431687e+000  3.237896e-003  5.310218e-001
      vertex  1.425537e+000  7.594313e-003  5.305015e-001
      vertex  1.431757e+000  5.393380e-003  5.325972e-001
    endloop
  endfacet
  facet normal  5.825236e-001  4.672761e-001 -6.650710e-001
    outer loop
      vertex  1.431687e+000  3.237896e-003  5.310218e-001
      vertex  1.431757e+000  5.393380e-003  5.325972e-001
      vertex  1.436276e+000  1.543691e-003  5.338503e-001
    endloop
  endfacet
  facet normal  5.825325e-001  4.672930e-001 -6.650513e-001
    outer loop
      vertex  1.436276e+000  1.543691e-003  5.338503e-001
      vertex  1.431757e+000  5.393380e-003  5.325972e-001
      vertex  1.436323e+000  3.020121e-003  5.349293e-001
    endloop
  endfacet
  facet normal  7.314898e-001  3.868151e-001 -5.615129e-001
    outer loop
      vertex  1.436276e+000  1.543691e-003  5.338503e-001
      vertex  1.436323e+000  3.020121e-003  5.349293e-001
      vertex  1.438016e+000  6.025631e-004  5.354692e-001
    endloop
  endfacet
  facet normal  7.314628e-001  3.867834e-001 -5.615699e-001
    outer loop
      vertex  1.438016e+000  6.025631e-004  5.354692e-001
      vertex  1.436323e+000  3.020121e-003  5.349293e-001
      vertex  1.438051e+000  1.690311e-003  5.362642e-001
    endloop
  endfacet
  facet normal  8.471382e-001  2.954234e-001 -4.416806e-001
    outer loop
      vertex  1.438016e+000  6.025631e-004  5.354692e-001
      vertex  1.438051e+000  1.690311e-003  5.362642e-001
      vertex  1.439213e+000 -3.442162e-004  5.371307e-001
    endloop
  endfacet
  facet normal  8.471200e-001  2.953881e-001 -4.417391e-001
    outer loop
      vertex  1.439213e+000 -3.442162e-004  5.371307e-001
      vertex  1.438051e+000  1.690311e-003  5.362642e-001
      vertex  1.439235e+000  3.446495e-004  5.376342e-001
    endloop
  endfacet
  facet normal  9.426417e-001  1.765071e-001 -2.833230e-001
    outer loop
      vertex  1.439213e+000 -3.442162e-004  5.371307e-001
      vertex  1.439235e+000  3.446495e-004  5.376342e-001
      vertex  1.439792e+000 -1.144453e-003  5.385605e-001
    endloop
  endfacet
  facet normal  9.426715e-001  1.766264e-001 -2.831492e-001
    outer loop
      vertex  1.439792e+000 -1.144453e-003  5.385605e-001
      vertex  1.439235e+000  3.446495e-004  5.376342e-001
      vertex  1.439803e+000 -7.988561e-004  5.388131e-001
    endloop
  endfacet
  facet normal -3.218186e-001  8.954202e-001  3.076613e-001
    outer loop
      vertex  1.332120e+000  1.309281e-002  5.428022e-001
      vertex  1.334938e+000  1.291803e-002  5.462587e-001
      vertex  1.339314e+000  1.546156e-002  5.434334e-001
    endloop
  endfacet
  facet normal -2.933765e-001  8.906389e-001  3.474083e-001
    outer loop
      vertex  1.339314e+000  1.546156e-002  5.434334e-001
      vertex  1.334938e+000  1.291803e-002  5.462587e-001
      vertex  1.340028e+000  1.427121e-002  5.470874e-001
    endloop
  endfacet
  facet normal -2.225187e-001  9.133563e-001  3.409775e-001
    outer loop
      vertex  1.339314e+000  1.546156e-002  5.434334e-001
      vertex  1.340028e+000  1.427121e-002  5.470874e-001
      vertex  1.347809e+000  1.733630e-002  5.439549e-001
    endloop
  endfacet
  facet normal -2.243218e-001  9.142524e-001  3.373756e-001
    outer loop
      vertex  1.347809e+000  1.733630e-002  5.439549e-001
      vertex  1.340028e+000  1.427121e-002  5.470874e-001
      vertex  1.346383e+000  1.553457e-002  5.478893e-001
    endloop
  endfacet
  facet normal -1.519073e-001  9.183361e-001  3.654902e-001
    outer loop
      vertex  1.347809e+000  1.733630e-002  5.439549e-001
      vertex  1.346383e+000  1.553457e-002  5.478893e-001
      vertex  1.354871e+000  1.838146e-002  5.442640e-001
    endloop
  endfacet
  facet normal -1.631272e-001  9.246299e-001  3.441643e-001
    outer loop
      vertex  1.354871e+000  1.838146e-002  5.442640e-001
      vertex  1.346383e+000  1.553457e-002  5.478893e-001
      vertex  1.353345e+000  1.651742e-002  5.485488e-001
    endloop
  endfacet
  facet normal -9.928016e-002  9.249015e-001  3.670156e-001
    outer loop
      vertex  1.354871e+000  1.838146e-002  5.442640e-001
      vertex  1.353345e+000  1.651742e-002  5.485488e-001
      vertex  1.362385e+000  1.909587e-002  5.444962e-001
    endloop
  endfacet
  facet normal -8.786690e-002  9.175479e-001  3.877954e-001
    outer loop
      vertex  1.362385e+000  1.909587e-002  5.444962e-001
      vertex  1.353345e+000  1.651742e-002  5.485488e-001
      vertex  1.367764e+000  1.755201e-002  5.493680e-001
    endloop
  endfacet
  facet normal -2.787813e-002  9.436320e-001  3.298205e-001
    outer loop
      vertex  1.362385e+000  1.909587e-002  5.444962e-001
      vertex  1.367764e+000  1.755201e-002  5.493680e-001
      vertex  1.378223e+000  1.948719e-002  5.447153e-001
    endloop
  endfacet
  facet normal  3.211642e-001  8.912008e-001  3.203352e-001
    outer loop
      vertex  1.423997e+000  1.063354e-002  5.465820e-001
      vertex  1.425656e+000  1.128809e-002  5.430973e-001
      vertex  1.418255e+000  1.239384e-002  5.474419e-001
    endloop
  endfacet
  facet normal  3.313147e-001  8.799398e-001  3.404943e-001
    outer loop
      vertex  1.418255e+000  1.239384e-002  5.474419e-001
      vertex  1.425656e+000  1.128809e-002  5.430973e-001
      vertex  1.418004e+000  1.394330e-002  5.436817e-001
    endloop
  endfacet
  facet normal  2.571847e-001  8.994012e-001  3.534592e-001
    outer loop
      vertex  1.418255e+000  1.239384e-002  5.474419e-001
      vertex  1.418004e+000  1.394330e-002  5.436817e-001
      vertex  1.411848e+000  1.393880e-002  5.481725e-001
    endloop
  endfacet
  facet normal  2.443735e-001  9.096416e-001  3.359073e-001
    outer loop
      vertex  1.411848e+000  1.393880e-002  5.481725e-001
      vertex  1.418004e+000  1.394330e-002  5.436817e-001
      vertex  1.409137e+000  1.615300e-002  5.441484e-001
    endloop
  endfacet
  facet normal  1.769281e-001  9.077763e-001  3.803137e-001
    outer loop
      vertex  1.411848e+000  1.393880e-002  5.481725e-001
      vertex  1.409137e+000  1.615300e-002  5.441484e-001
      vertex  1.397994e+000  1.621958e-002  5.491735e-001
    endloop
  endfacet
  facet normal  1.784694e-001  9.060248e-001  3.837548e-001
    outer loop
      vertex  1.397994e+000  1.621958e-002  5.491735e-001
      vertex  1.409137e+000  1.615300e-002  5.441484e-001
      vertex  1.401859e+000  1.747484e-002  5.444123e-001
    endloop
  endfacet
  facet normal  1.302254e-001  9.275542e-001  3.502637e-001
    outer loop
      vertex  1.397994e+000  1.621958e-002  5.491735e-001
      vertex  1.401859e+000  1.747484e-002  5.444123e-001
      vertex  1.394188e+000  1.848224e-002  5.445966e-001
    endloop
  endfacet
  facet normal  4.839669e-001  8.082382e-001  3.354504e-001
    outer loop
      vertex  1.432608e+000  6.876700e-003  5.446826e-001
      vertex  1.431850e+000  8.272207e-003  5.424139e-001
      vertex  1.428671e+000  8.821982e-003  5.456754e-001
    endloop
  endfacet
  facet normal  4.446227e-001  8.472950e-001  2.905200e-001
    outer loop
      vertex  1.428671e+000  8.821982e-003  5.456754e-001
      vertex  1.431850e+000  8.272207e-003  5.424139e-001
      vertex  1.425656e+000  1.128809e-002  5.430973e-001
    endloop
  endfacet
  facet normal  3.967052e-001  8.492486e-001  3.484276e-001
    outer loop
      vertex  1.428671e+000  8.821982e-003  5.456754e-001
      vertex  1.425656e+000  1.128809e-002  5.430973e-001
      vertex  1.423997e+000  1.063354e-002  5.465820e-001
    endloop
  endfacet
  facet normal  9.420326e-001  3.150772e-001  1.153299e-001
    outer loop
      vertex  1.439800e+000 -4.400644e-004  5.408144e-001
      vertex  1.439818e+000 -3.372826e-004  5.403870e-001
      vertex  1.439200e+000  1.060030e-003  5.416229e-001
    endloop
  endfacet
  facet normal  9.455643e-001  2.925380e-001  1.425820e-001
    outer loop
      vertex  1.439200e+000  1.060030e-003  5.416229e-001
      vertex  1.439818e+000 -3.372826e-004  5.403870e-001
      vertex  1.439265e+000  1.264686e-003  5.407715e-001
    endloop
  endfacet
  facet normal  8.541480e-001  4.870131e-001  1.823441e-001
    outer loop
      vertex  1.439200e+000  1.060030e-003  5.416229e-001
      vertex  1.439265e+000  1.264686e-003  5.407715e-001
      vertex  1.438098e+000  3.143089e-003  5.412182e-001
    endloop
  endfacet
  facet normal -3.681428e-001 -5.761966e-001 -7.297043e-001
    outer loop
      vertex  1.331470e+000 -7.030101e-003  5.318032e-001
      vertex  1.331548e+000 -4.617060e-003  5.298584e-001
      vertex  1.338518e+000 -9.194597e-003  5.299566e-001
    endloop
  endfacet
  facet normal -3.681425e-001 -5.761960e-001 -7.297050e-001
    outer loop
      vertex  1.338518e+000 -9.194597e-003  5.299566e-001
      vertex  1.331548e+000 -4.617060e-003  5.298584e-001
      vertex  1.338614e+000 -6.237951e-003  5.275738e-001
    endloop
  endfacet
  facet normal -2.710841e-001 -5.986857e-001 -7.537168e-001
    outer loop
      vertex  1.338518e+000 -9.194597e-003  5.299566e-001
      vertex  1.338614e+000 -6.237951e-003  5.275738e-001
      vertex  1.346891e+000 -1.106531e-002  5.284310e-001
    endloop
  endfacet
  facet normal -2.710895e-001 -5.986934e-001 -7.537087e-001
    outer loop
      vertex  1.346891e+000 -1.106531e-002  5.284310e-001
      vertex  1.338614e+000 -6.237951e-003  5.275738e-001
      vertex  1.347001e+000 -7.659530e-003  5.256861e-001
    endloop
  endfacet
  facet normal -2.015788e-001 -6.106775e-001 -7.657930e-001
    outer loop
      vertex  1.346891e+000 -1.106531e-002  5.284310e-001
      vertex  1.347001e+000 -7.659530e-003  5.256861e-001
      vertex  1.353881e+000 -1.223919e-002  5.275270e-001
    endloop
  endfacet
  facet normal -2.015757e-001 -6.106742e-001 -7.657965e-001
    outer loop
      vertex  1.353881e+000 -1.223919e-002  5.275270e-001
      vertex  1.347001e+000 -7.659530e-003  5.256861e-001
      vertex  1.354000e+000 -8.567310e-003  5.245678e-001
    endloop
  endfacet
  facet normal -1.492743e-001 -6.175517e-001 -7.722351e-001
    outer loop
      vertex  1.353881e+000 -1.223919e-002  5.275270e-001
      vertex  1.354000e+000 -8.567310e-003  5.245678e-001
      vertex  1.361342e+000 -1.319283e-002  5.268476e-001
    endloop
  endfacet
  facet normal -1.492789e-001 -6.175566e-001 -7.722303e-001
    outer loop
      vertex  1.361342e+000 -1.319283e-002  5.268476e-001
      vertex  1.354000e+000 -8.567310e-003  5.245678e-001
      vertex  1.361467e+000 -9.320932e-003  5.237271e-001
    endloop
  endfacet
  facet normal -7.829860e-002 -6.240538e-001 -7.774485e-001
    outer loop
      vertex  1.361342e+000 -1.319283e-002  5.268476e-001
      vertex  1.361467e+000 -9.320932e-003  5.237271e-001
      vertex  1.377129e+000 -1.437507e-002  5.262066e-001
    endloop
  endfacet
  facet normal -7.829650e-002 -6.240492e-001 -7.774524e-001
    outer loop
      vertex  1.377129e+000 -1.437507e-002  5.262066e-001
      vertex  1.361467e+000 -9.320932e-003  5.237271e-001
      vertex  1.377260e+000 -1.031448e-002  5.229340e-001
    endloop
  endfacet
  facet normal  1.093060e-002 -6.276857e-001 -7.783900e-001
    outer loop
      vertex  1.377129e+000 -1.437507e-002  5.262066e-001
      vertex  1.377260e+000 -1.031448e-002  5.229340e-001
      vertex  1.393122e+000 -1.452732e-002  5.265540e-001
    endloop
  endfacet
  facet normal  1.092997e-002 -6.276872e-001 -7.783889e-001
    outer loop
      vertex  1.393122e+000 -1.452732e-002  5.265540e-001
      vertex  1.377260e+000 -1.031448e-002  5.229340e-001
      vertex  1.393250e+000 -1.056897e-002  5.233638e-001
    endloop
  endfacet
  facet normal  7.989370e-002 -6.270674e-001 -7.748571e-001
    outer loop
      vertex  1.393122e+000 -1.452732e-002  5.265540e-001
      vertex  1.393250e+000 -1.056897e-002  5.233638e-001
      vertex  1.400836e+000 -1.421084e-002  5.270932e-001
    endloop
  endfacet
  facet normal  7.989211e-002 -6.270693e-001 -7.748557e-001
    outer loop
      vertex  1.400836e+000 -1.421084e-002  5.270932e-001
      vertex  1.393250e+000 -1.056897e-002  5.233638e-001
      vertex  1.400958e+000 -1.041125e-002  5.240310e-001
    endloop
  endfacet
  facet normal  1.296588e-001 -6.247501e-001 -7.699843e-001
    outer loop
      vertex  1.400836e+000 -1.421084e-002  5.270932e-001
      vertex  1.400958e+000 -1.041125e-002  5.240310e-001
      vertex  1.408175e+000 -1.363866e-002  5.278648e-001
    endloop
  endfacet
  facet normal  1.296560e-001 -6.247537e-001 -7.699820e-001
    outer loop
      vertex  1.408175e+000 -1.363866e-002  5.278648e-001
      vertex  1.400958e+000 -1.041125e-002  5.240310e-001
      vertex  1.408290e+000 -1.006619e-002  5.249856e-001
    endloop
  endfacet
  facet normal  1.945359e-001 -6.193292e-001 -7.606493e-001
    outer loop
      vertex  1.408175e+000 -1.363866e-002  5.278648e-001
      vertex  1.408290e+000 -1.006619e-002  5.249856e-001
      vertex  1.417150e+000 -1.249642e-002  5.292301e-001
    endloop
  endfacet
  facet normal  1.945400e-001 -6.193222e-001 -7.606537e-001
    outer loop
      vertex  1.417150e+000 -1.249642e-002  5.292301e-001
      vertex  1.408290e+000 -1.006619e-002  5.249856e-001
      vertex  1.417252e+000 -9.325901e-003  5.266749e-001
    endloop
  endfacet
  facet normal  2.831407e-001 -6.073585e-001 -7.422580e-001
    outer loop
      vertex  1.417150e+000 -1.249642e-002  5.292301e-001
      vertex  1.417252e+000 -9.325901e-003  5.266749e-001
      vertex  1.424938e+000 -1.095490e-002  5.309396e-001
    endloop
  endfacet
  facet normal  2.831390e-001 -6.073618e-001 -7.422561e-001
    outer loop
      vertex  1.424938e+000 -1.095490e-002  5.309396e-001
      vertex  1.417252e+000 -9.325901e-003  5.266749e-001
      vertex  1.425024e+000 -8.287634e-003  5.287899e-001
    endloop
  endfacet
  facet normal  3.967465e-001 -5.837471e-001 -7.084007e-001
    outer loop
      vertex  1.424938e+000 -1.095490e-002  5.309396e-001
      vertex  1.425024e+000 -8.287634e-003  5.287899e-001
      vertex  1.431290e+000 -9.063358e-003  5.329385e-001
    endloop
  endfacet
  facet normal  3.967517e-001 -5.837365e-001 -7.084066e-001
    outer loop
      vertex  1.431290e+000 -9.063358e-003  5.329385e-001
      vertex  1.425024e+000 -8.287634e-003  5.287899e-001
      vertex  1.431357e+000 -6.984563e-003  5.312632e-001
    endloop
  endfacet
  facet normal  5.501674e-001 -5.347002e-001 -6.414136e-001
    outer loop
      vertex  1.431290e+000 -9.063358e-003  5.329385e-001
      vertex  1.431357e+000 -6.984563e-003  5.312632e-001
      vertex  1.436003e+000 -6.882224e-003  5.351632e-001
    endloop
  endfacet
  facet normal  5.501606e-001 -5.347174e-001 -6.414051e-001
    outer loop
      vertex  1.436003e+000 -6.882224e-003  5.351632e-001
      vertex  1.431357e+000 -6.984563e-003  5.312632e-001
      vertex  1.436049e+000 -5.458324e-003  5.340156e-001
    endloop
  endfacet
  facet normal  7.041399e-001 -4.592301e-001 -5.415669e-001
    outer loop
      vertex  1.436003e+000 -6.882224e-003  5.351632e-001
      vertex  1.436049e+000 -5.458324e-003  5.340156e-001
      vertex  1.437816e+000 -5.605167e-003  5.364366e-001
    endloop
  endfacet
  facet normal  7.041535e-001 -4.591996e-001 -5.415750e-001
    outer loop
      vertex  1.437816e+000 -5.605167e-003  5.364366e-001
      vertex  1.436049e+000 -5.458324e-003  5.340156e-001
      vertex  1.437850e+000 -4.556119e-003  5.355910e-001
    endloop
  endfacet
  facet normal  8.256500e-001 -3.699375e-001 -4.259675e-001
    outer loop
      vertex  1.437816e+000 -5.605167e-003  5.364366e-001
      vertex  1.437850e+000 -4.556119e-003  5.355910e-001
      vertex  1.439086e+000 -4.275541e-003  5.377433e-001
    endloop
  endfacet
  facet normal  8.256390e-001 -3.699750e-001 -4.259563e-001
    outer loop
      vertex  1.439086e+000 -4.275541e-003  5.377433e-001
      vertex  1.437850e+000 -4.556119e-003  5.355910e-001
      vertex  1.439107e+000 -3.611184e-003  5.372078e-001
    endloop
  endfacet
  facet normal  9.288659e-001 -2.501791e-001 -2.731641e-001
    outer loop
      vertex  1.439086e+000 -4.275541e-003  5.377433e-001
      vertex  1.439107e+000 -3.611184e-003  5.372078e-001
      vertex  1.439728e+000 -3.116760e-003  5.388678e-001
    endloop
  endfacet
  facet normal  9.288776e-001 -2.501077e-001 -2.731897e-001
    outer loop
      vertex  1.439728e+000 -3.116760e-003  5.388678e-001
      vertex  1.439107e+000 -3.611184e-003  5.372078e-001
      vertex  1.439739e+000 -2.783459e-003  5.385992e-001
    endloop
  endfacet
  facet normal -3.613989e-001 -3.674264e-001 -8.569648e-001
    outer loop
      vertex  1.331548e+000 -4.617060e-003  5.298584e-001
      vertex  1.331640e+000 -1.783161e-003  5.286048e-001
      vertex  1.338614e+000 -6.237951e-003  5.275738e-001
    endloop
  endfacet
  facet normal -3.614038e-001 -3.674355e-001 -8.569588e-001
    outer loop
      vertex  1.338614e+000 -6.237951e-003  5.275738e-001
      vertex  1.331640e+000 -1.783161e-003  5.286048e-001
      vertex  1.338726e+000 -2.765638e-003  5.260377e-001
    endloop
  endfacet
  facet normal -2.641247e-001 -3.830509e-001 -8.851610e-001
    outer loop
      vertex  1.338614e+000 -6.237951e-003  5.275738e-001
      vertex  1.338726e+000 -2.765638e-003  5.260377e-001
      vertex  1.347001e+000 -7.659530e-003  5.256861e-001
    endloop
  endfacet
  facet normal -2.641190e-001 -3.830408e-001 -8.851672e-001
    outer loop
      vertex  1.347001e+000 -7.659530e-003  5.256861e-001
      vertex  1.338726e+000 -2.765638e-003  5.260377e-001
      vertex  1.347131e+000 -3.659748e-003  5.239167e-001
    endloop
  endfacet
  facet normal -1.944985e-001 -3.915685e-001 -8.993578e-001
    outer loop
      vertex  1.347001e+000 -7.659530e-003  5.256861e-001
      vertex  1.347131e+000 -3.659748e-003  5.239167e-001
      vertex  1.354000e+000 -8.567310e-003  5.245678e-001
    endloop
  endfacet
  facet normal -1.944976e-001 -3.915673e-001 -8.993585e-001
    outer loop
      vertex  1.354000e+000 -8.567310e-003  5.245678e-001
      vertex  1.347131e+000 -3.659748e-003  5.239167e-001
      vertex  1.354139e+000 -4.255022e-003  5.226601e-001
    endloop
  endfacet
  facet normal -1.421428e-001 -3.966041e-001 -9.069182e-001
    outer loop
      vertex  1.354000e+000 -8.567310e-003  5.245678e-001
      vertex  1.354139e+000 -4.255022e-003  5.226601e-001
      vertex  1.361467e+000 -9.320932e-003  5.237271e-001
    endloop
  endfacet
  facet normal -1.421410e-001 -3.966018e-001 -9.069195e-001
    outer loop
      vertex  1.361467e+000 -9.320932e-003  5.237271e-001
      vertex  1.354139e+000 -4.255022e-003  5.226601e-001
      vertex  1.361614e+000 -4.773732e-003  5.217155e-001
    endloop
  endfacet
  facet normal -7.111147e-002 -4.016065e-001 -9.130474e-001
    outer loop
      vertex  1.361467e+000 -9.320932e-003  5.237271e-001
      vertex  1.361614e+000 -4.773732e-003  5.217155e-001
      vertex  1.377260e+000 -1.031448e-002  5.229340e-001
    endloop
  endfacet
  facet normal -7.111077e-002 -4.016047e-001 -9.130482e-001
    outer loop
      vertex  1.377260e+000 -1.031448e-002  5.229340e-001
      vertex  1.361614e+000 -4.773732e-003  5.217155e-001
      vertex  1.377414e+000 -5.545672e-003  5.208245e-001
    endloop
  endfacet
  facet normal  1.812355e-002 -4.049740e-001 -9.141485e-001
    outer loop
      vertex  1.377260e+000 -1.031448e-002  5.229340e-001
      vertex  1.377414e+000 -5.545672e-003  5.208245e-001
      vertex  1.393250e+000 -1.056897e-002  5.233638e-001
    endloop
  endfacet
  facet normal  1.812206e-002 -4.049779e-001 -9.141468e-001
    outer loop
      vertex  1.393250e+000 -1.056897e-002  5.233638e-001
      vertex  1.377414e+000 -5.545672e-003  5.208245e-001
      vertex  1.393400e+000 -5.920257e-003  5.213073e-001
    endloop
  endfacet
  facet normal  8.705239e-002 -4.053707e-001 -9.099981e-001
    outer loop
      vertex  1.393250e+000 -1.056897e-002  5.233638e-001
      vertex  1.393400e+000 -5.920257e-003  5.213073e-001
      vertex  1.400958e+000 -1.041125e-002  5.240310e-001
    endloop
  endfacet
  facet normal  8.705880e-002 -4.053620e-001 -9.100014e-001
    outer loop
      vertex  1.400958e+000 -1.041125e-002  5.240310e-001
      vertex  1.393400e+000 -5.920257e-003  5.213073e-001
      vertex  1.401103e+000 -5.948975e-003  5.220571e-001
    endloop
  endfacet
  facet normal  1.367728e-001 -4.044375e-001 -9.042807e-001
    outer loop
      vertex  1.400958e+000 -1.041125e-002  5.240310e-001
      vertex  1.401103e+000 -5.948975e-003  5.220571e-001
      vertex  1.408290e+000 -1.006619e-002  5.249856e-001
    endloop
  endfacet
  facet normal  1.367643e-001 -4.044494e-001 -9.042767e-001
    outer loop
      vertex  1.408290e+000 -1.006619e-002  5.249856e-001
      vertex  1.401103e+000 -5.948975e-003  5.220571e-001
      vertex  1.408426e+000 -5.870648e-003  5.231295e-001
    endloop
  endfacet
  facet normal  2.015697e-001 -4.016933e-001 -8.933153e-001
    outer loop
      vertex  1.408290e+000 -1.006619e-002  5.249856e-001
      vertex  1.408426e+000 -5.870648e-003  5.231295e-001
      vertex  1.417252e+000 -9.325901e-003  5.266749e-001
    endloop
  endfacet
  facet normal  2.015740e-001 -4.016850e-001 -8.933180e-001
    outer loop
      vertex  1.417252e+000 -9.325901e-003  5.266749e-001
      vertex  1.408426e+000 -5.870648e-003  5.231295e-001
      vertex  1.417372e+000 -5.602409e-003  5.250278e-001
    endloop
  endfacet
  facet normal  2.899983e-001 -3.949843e-001 -8.717158e-001
    outer loop
      vertex  1.417252e+000 -9.325901e-003  5.266749e-001
      vertex  1.417372e+000 -5.602409e-003  5.250278e-001
      vertex  1.425024e+000 -8.287634e-003  5.287899e-001
    endloop
  endfacet
  facet normal  2.899995e-001 -3.949818e-001 -8.717166e-001
    outer loop
      vertex  1.425024e+000 -8.287634e-003  5.287899e-001
      vertex  1.417372e+000 -5.602409e-003  5.250278e-001
      vertex  1.425125e+000 -5.155165e-003  5.274042e-001
    endloop
  endfacet
  facet normal  4.032977e-001 -3.810531e-001 -8.319551e-001
    outer loop
      vertex  1.425024e+000 -8.287634e-003  5.287899e-001
      vertex  1.425125e+000 -5.155165e-003  5.274042e-001
      vertex  1.431357e+000 -6.984563e-003  5.312632e-001
    endloop
  endfacet
  facet normal  4.032910e-001 -3.810684e-001 -8.319515e-001
    outer loop
      vertex  1.431357e+000 -6.984563e-003  5.312632e-001
      vertex  1.425125e+000 -5.155165e-003  5.274042e-001
      vertex  1.431436e+000 -4.543204e-003  5.301832e-001
    endloop
  endfacet
  facet normal  5.560890e-001 -3.511989e-001 -7.532757e-001
    outer loop
      vertex  1.431357e+000 -6.984563e-003  5.312632e-001
      vertex  1.431436e+000 -4.543204e-003  5.301832e-001
      vertex  1.436049e+000 -5.458324e-003  5.340156e-001
    endloop
  endfacet
  facet normal  5.560861e-001 -3.512070e-001 -7.532741e-001
    outer loop
      vertex  1.436049e+000 -5.458324e-003  5.340156e-001
      vertex  1.431436e+000 -4.543204e-003  5.301832e-001
      vertex  1.436104e+000 -3.786082e-003  5.332758e-001
    endloop
  endfacet
  facet normal  7.091579e-001 -3.042826e-001 -6.360089e-001
    outer loop
      vertex  1.436049e+000 -5.458324e-003  5.340156e-001
      vertex  1.436104e+000 -3.786082e-003  5.332758e-001
      vertex  1.437850e+000 -4.556119e-003  5.355910e-001
    endloop
  endfacet
  facet normal  7.091735e-001 -3.042465e-001 -6.360086e-001
    outer loop
      vertex  1.437850e+000 -4.556119e-003  5.355910e-001
      vertex  1.436104e+000 -3.786082e-003  5.332758e-001
      vertex  1.437889e+000 -3.324107e-003  5.350460e-001
    endloop
  endfacet
  facet normal  8.295766e-001 -2.480853e-001 -5.002562e-001
    outer loop
      vertex  1.437850e+000 -4.556119e-003  5.355910e-001
      vertex  1.437889e+000 -3.324107e-003  5.350460e-001
      vertex  1.439107e+000 -3.611184e-003  5.372078e-001
    endloop
  endfacet
  facet normal  8.295896e-001 -2.480394e-001 -5.002574e-001
    outer loop
      vertex  1.439107e+000 -3.611184e-003  5.372078e-001
      vertex  1.437889e+000 -3.324107e-003  5.350460e-001
      vertex  1.439132e+000 -2.830957e-003  5.368627e-001
    endloop
  endfacet
  facet normal  9.313972e-001 -1.719473e-001 -3.208324e-001
    outer loop
      vertex  1.439107e+000 -3.611184e-003  5.372078e-001
      vertex  1.439132e+000 -2.830957e-003  5.368627e-001
      vertex  1.439739e+000 -2.783459e-003  5.385992e-001
    endloop
  endfacet
  facet normal  9.313692e-001 -1.721262e-001 -3.208177e-001
    outer loop
      vertex  1.439739e+000 -2.783459e-003  5.385992e-001
      vertex  1.439132e+000 -2.830957e-003  5.368627e-001
      vertex  1.439752e+000 -2.392027e-003  5.384260e-001
    endloop
  endfacet
  facet normal -3.538274e-001 -1.328363e-001 -9.258298e-001
    outer loop
      vertex  1.331640e+000 -1.783161e-003  5.286048e-001
      vertex  1.331739e+000  1.278469e-003  5.281277e-001
      vertex  1.338726e+000 -2.765638e-003  5.260377e-001
    endloop
  endfacet
  facet normal -3.538243e-001 -1.328298e-001 -9.258319e-001
    outer loop
      vertex  1.338726e+000 -2.765638e-003  5.260377e-001
      vertex  1.331739e+000  1.278469e-003  5.281277e-001
      vertex  1.338847e+000  9.857101e-004  5.254532e-001
    endloop
  endfacet
  facet normal -2.562922e-001 -1.407289e-001 -9.563000e-001
    outer loop
      vertex  1.338726e+000 -2.765638e-003  5.260377e-001
      vertex  1.338847e+000  9.857101e-004  5.254532e-001
      vertex  1.347131e+000 -3.659748e-003  5.239167e-001
    endloop
  endfacet
  facet normal -2.562963e-001 -1.407370e-001 -9.562976e-001
    outer loop
      vertex  1.347131e+000 -3.659748e-003  5.239167e-001
      vertex  1.338847e+000  9.857101e-004  5.254532e-001
      vertex  1.347270e+000  6.614561e-004  5.232434e-001
    endloop
  endfacet
  facet normal -1.865458e-001 -1.453783e-001 -9.716305e-001
    outer loop
      vertex  1.347131e+000 -3.659748e-003  5.239167e-001
      vertex  1.347270e+000  6.614561e-004  5.232434e-001
      vertex  1.354139e+000 -4.255022e-003  5.226601e-001
    endloop
  endfacet
  facet normal -1.865472e-001 -1.453805e-001 -9.716299e-001
    outer loop
      vertex  1.354139e+000 -4.255022e-003  5.226601e-001
      vertex  1.347270e+000  6.614561e-004  5.232434e-001
      vertex  1.354290e+000  4.038009e-004  5.219342e-001
    endloop
  endfacet
  facet normal -1.341223e-001 -1.483456e-001 -9.797983e-001
    outer loop
      vertex  1.354139e+000 -4.255022e-003  5.226601e-001
      vertex  1.354290e+000  4.038009e-004  5.219342e-001
      vertex  1.361614e+000 -4.773732e-003  5.217155e-001
    endloop
  endfacet
  facet normal -1.341210e-001 -1.483437e-001 -9.797989e-001
    outer loop
      vertex  1.361614e+000 -4.773732e-003  5.217155e-001
      vertex  1.354290e+000  4.038009e-004  5.219342e-001
      vertex  1.361772e+000  1.388797e-004  5.209500e-001
    endloop
  endfacet
  facet normal -6.303786e-002 -1.516714e-001 -9.864188e-001
    outer loop
      vertex  1.361614e+000 -4.773732e-003  5.217155e-001
      vertex  1.361772e+000  1.388797e-004  5.209500e-001
      vertex  1.377414e+000 -5.545672e-003  5.208245e-001
    endloop
  endfacet
  facet normal -6.303712e-002 -1.516694e-001 -9.864191e-001
    outer loop
      vertex  1.377414e+000 -5.545672e-003  5.208245e-001
      vertex  1.361772e+000  1.388797e-004  5.209500e-001
      vertex  1.377581e+000 -3.936476e-004  5.200217e-001
    endloop
  endfacet
  facet normal  2.620467e-002 -1.547367e-001 -9.876082e-001
    outer loop
      vertex  1.377414e+000 -5.545672e-003  5.208245e-001
      vertex  1.377581e+000 -3.936476e-004  5.200217e-001
      vertex  1.393400e+000 -5.920257e-003  5.213073e-001
    endloop
  endfacet
  facet normal  2.620392e-002 -1.547388e-001 -9.876079e-001
    outer loop
      vertex  1.393400e+000 -5.920257e-003  5.213073e-001
      vertex  1.377581e+000 -3.936476e-004  5.200217e-001
      vertex  1.393562e+000 -8.979696e-004  5.205247e-001
    endloop
  endfacet
  facet normal  9.510469e-002 -1.562644e-001 -9.831259e-001
    outer loop
      vertex  1.393400e+000 -5.920257e-003  5.213073e-001
      vertex  1.393562e+000 -8.979696e-004  5.205247e-001
      vertex  1.401103e+000 -5.948975e-003  5.220571e-001
    endloop
  endfacet
  facet normal  9.510072e-002 -1.562701e-001 -9.831253e-001
    outer loop
      vertex  1.401103e+000 -5.948975e-003  5.220571e-001
      vertex  1.393562e+000 -8.979696e-004  5.205247e-001
      vertex  1.401258e+000 -1.128110e-003  5.213058e-001
    endloop
  endfacet
  facet normal  1.447596e-001 -1.569117e-001 -9.769459e-001
    outer loop
      vertex  1.401103e+000 -5.948975e-003  5.220571e-001
      vertex  1.401258e+000 -1.128110e-003  5.213058e-001
      vertex  1.408426e+000 -5.870648e-003  5.231295e-001
    endloop
  endfacet
  facet normal  1.447726e-001 -1.568925e-001 -9.769471e-001
    outer loop
      vertex  1.408426e+000 -5.870648e-003  5.231295e-001
      vertex  1.401258e+000 -1.128110e-003  5.213058e-001
      vertex  1.408572e+000 -1.337951e-003  5.224233e-001
    endloop
  endfacet
  facet normal  2.094729e-001 -1.571367e-001 -9.651058e-001
    outer loop
      vertex  1.408426e+000 -5.870648e-003  5.231295e-001
      vertex  1.408572e+000 -1.337951e-003  5.224233e-001
      vertex  1.417372e+000 -5.602409e-003  5.250278e-001
    endloop
  endfacet
  facet normal  2.094638e-001 -1.571550e-001 -9.651048e-001
    outer loop
      vertex  1.417372e+000 -5.602409e-003  5.250278e-001
      vertex  1.408572e+000 -1.337951e-003  5.224233e-001
      vertex  1.417502e+000 -1.579698e-003  5.244009e-001
    endloop
  endfacet
  facet normal  2.977066e-001 -1.563697e-001 -9.417639e-001
    outer loop
      vertex  1.417372e+000 -5.602409e-003  5.250278e-001
      vertex  1.417502e+000 -1.579698e-003  5.244009e-001
      vertex  1.425125e+000 -5.155165e-003  5.274042e-001
    endloop
  endfacet
  facet normal  2.977102e-001 -1.563619e-001 -9.417640e-001
    outer loop
      vertex  1.425125e+000 -5.155165e-003  5.274042e-001
      vertex  1.417502e+000 -1.579698e-003  5.244009e-001
      vertex  1.425234e+000 -1.770971e-003  5.268769e-001
    endloop
  endfacet
  facet normal  4.106473e-001 -1.533149e-001 -8.988121e-001
    outer loop
      vertex  1.425125e+000 -5.155165e-003  5.274042e-001
      vertex  1.425234e+000 -1.770971e-003  5.268769e-001
      vertex  1.431436e+000 -4.543204e-003  5.301832e-001
    endloop
  endfacet
  facet normal  4.106504e-001 -1.533077e-001 -8.988120e-001
    outer loop
      vertex  1.431436e+000 -4.543204e-003  5.301832e-001
      vertex  1.425234e+000 -1.770971e-003  5.268769e-001
      vertex  1.431521e+000 -1.905659e-003  5.297722e-001
    endloop
  endfacet
  facet normal  5.627480e-001 -1.449781e-001 -8.138158e-001
    outer loop
      vertex  1.431436e+000 -4.543204e-003  5.301832e-001
      vertex  1.431521e+000 -1.905659e-003  5.297722e-001
      vertex  1.436104e+000 -3.786082e-003  5.332758e-001
    endloop
  endfacet
  facet normal  5.627480e-001 -1.449779e-001 -8.138158e-001
    outer loop
      vertex  1.436104e+000 -3.786082e-003  5.332758e-001
      vertex  1.431521e+000 -1.905659e-003  5.297722e-001
      vertex  1.436162e+000 -1.979458e-003  5.329943e-001
    endloop
  endfacet
  facet normal  7.147961e-001 -1.301473e-001 -6.871158e-001
    outer loop
      vertex  1.436104e+000 -3.786082e-003  5.332758e-001
      vertex  1.436162e+000 -1.979458e-003  5.329943e-001
      vertex  1.437889e+000 -3.324107e-003  5.350460e-001
    endloop
  endfacet
  facet normal  7.147990e-001 -1.301410e-001 -6.871141e-001
    outer loop
      vertex  1.437889e+000 -3.324107e-003  5.350460e-001
      vertex  1.436162e+000 -1.979458e-003  5.329943e-001
      vertex  1.437932e+000 -1.993091e-003  5.348387e-001
    endloop
  endfacet
  facet normal  8.340077e-001 -1.111354e-001 -5.404443e-001
    outer loop
      vertex  1.437889e+000 -3.324107e-003  5.350460e-001
      vertex  1.437932e+000 -1.993091e-003  5.348387e-001
      vertex  1.439132e+000 -2.830957e-003  5.368627e-001
    endloop
  endfacet
  facet normal  8.340040e-001 -1.111479e-001 -5.404474e-001
    outer loop
      vertex  1.439132e+000 -2.830957e-003  5.368627e-001
      vertex  1.437932e+000 -1.993091e-003  5.348387e-001
      vertex  1.439160e+000 -1.988031e-003  5.367314e-001
    endloop
  endfacet
  facet normal  9.342143e-001 -8.418382e-002 -3.466362e-001
    outer loop
      vertex  1.439132e+000 -2.830957e-003  5.368627e-001
      vertex  1.439160e+000 -1.988031e-003  5.367314e-001
      vertex  1.439752e+000 -2.392027e-003  5.384260e-001
    endloop
  endfacet
  facet normal  9.342141e-001 -8.418518e-002 -3.466365e-001
    outer loop
      vertex  1.439752e+000 -2.392027e-003  5.384260e-001
      vertex  1.439160e+000 -1.988031e-003  5.367314e-001
      vertex  1.439766e+000 -1.969139e-003  5.383602e-001
    endloop
  endfacet
  facet normal -3.459295e-001  1.115769e-001 -9.316027e-001
    outer loop
      vertex  1.331739e+000  1.278469e-003  5.281277e-001
      vertex  1.331838e+000  4.359186e-003  5.284597e-001
      vertex  1.338847e+000  9.857101e-004  5.254532e-001
    endloop
  endfacet
  facet normal -3.459310e-001  1.115737e-001 -9.316025e-001
    outer loop
      vertex  1.338847e+000  9.857101e-004  5.254532e-001
      vertex  1.331838e+000  4.359186e-003  5.284597e-001
      vertex  1.338969e+000  4.760445e-003  5.258600e-001
    endloop
  endfacet
  facet normal -2.481422e-001  1.117184e-001 -9.622601e-001
    outer loop
      vertex  1.338847e+000  9.857101e-004  5.254532e-001
      vertex  1.338969e+000  4.760445e-003  5.258600e-001
      vertex  1.347270e+000  6.614561e-004  5.232434e-001
    endloop
  endfacet
  facet normal -2.481379e-001  1.117273e-001 -9.622602e-001
    outer loop
      vertex  1.347270e+000  6.614561e-004  5.232434e-001
      vertex  1.338969e+000  4.760445e-003  5.258600e-001
      vertex  1.347411e+000  5.009599e-003  5.237120e-001
    endloop
  endfacet
  facet normal -1.782619e-001  1.111320e-001 -9.776872e-001
    outer loop
      vertex  1.347270e+000  6.614561e-004  5.232434e-001
      vertex  1.347411e+000  5.009599e-003  5.237120e-001
      vertex  1.354290e+000  4.038009e-004  5.219342e-001
    endloop
  endfacet
  facet normal -1.782607e-001  1.111337e-001 -9.776873e-001
    outer loop
      vertex  1.354290e+000  4.038009e-004  5.219342e-001
      vertex  1.347411e+000  5.009599e-003  5.237120e-001
      vertex  1.354441e+000  5.091668e-003  5.224394e-001
    endloop
  endfacet
  facet normal -1.257660e-001  1.103232e-001 -9.859065e-001
    outer loop
      vertex  1.354290e+000  4.038009e-004  5.219342e-001
      vertex  1.354441e+000  5.091668e-003  5.224394e-001
      vertex  1.361772e+000  1.388797e-004  5.209500e-001
    endloop
  endfacet
  facet normal -1.257668e-001  1.103221e-001 -9.859065e-001
    outer loop
      vertex  1.361772e+000  1.388797e-004  5.209500e-001
      vertex  1.354441e+000  5.091668e-003  5.224394e-001
      vertex  1.361932e+000  5.082118e-003  5.214828e-001
    endloop
  endfacet
  facet normal -5.462579e-002  1.087421e-001 -9.925680e-001
    outer loop
      vertex  1.361772e+000  1.388797e-004  5.209500e-001
      vertex  1.361932e+000  5.082118e-003  5.214828e-001
      vertex  1.377581e+000 -3.936476e-004  5.200217e-001
    endloop
  endfacet
  facet normal -5.463143e-002  1.087264e-001 -9.925694e-001
    outer loop
      vertex  1.377581e+000 -3.936476e-004  5.200217e-001
      vertex  1.361932e+000  5.082118e-003  5.214828e-001
      vertex  1.377748e+000  4.790496e-003  5.205804e-001
    endloop
  endfacet
  facet normal  3.462487e-002  1.059718e-001 -9.937662e-001
    outer loop
      vertex  1.377581e+000 -3.936476e-004  5.200217e-001
      vertex  1.377748e+000  4.790496e-003  5.205804e-001
      vertex  1.393562e+000 -8.979696e-004  5.205247e-001
    endloop
  endfacet
  facet normal  3.462677e-002  1.059771e-001 -9.937655e-001
    outer loop
      vertex  1.393562e+000 -8.979696e-004  5.205247e-001
      vertex  1.377748e+000  4.790496e-003  5.205804e-001
      vertex  1.393725e+000  4.155628e-003  5.210693e-001
    endloop
  endfacet
  facet normal  1.034837e-001  1.032657e-001 -9.892560e-001
    outer loop
      vertex  1.393562e+000 -8.979696e-004  5.205247e-001
      vertex  1.393725e+000  4.155628e-003  5.210693e-001
      vertex  1.401258e+000 -1.128110e-003  5.213058e-001
    endloop
  endfacet
  facet normal  1.034932e-001  1.032794e-001 -9.892535e-001
    outer loop
      vertex  1.401258e+000 -1.128110e-003  5.213058e-001
      vertex  1.393725e+000  4.155628e-003  5.210693e-001
      vertex  1.401415e+000  3.722810e-003  5.218287e-001
    endloop
  endfacet
  facet normal  1.531024e-001  1.010074e-001 -9.830346e-001
    outer loop
      vertex  1.401258e+000 -1.128110e-003  5.213058e-001
      vertex  1.401415e+000  3.722810e-003  5.218287e-001
      vertex  1.408572e+000 -1.337951e-003  5.224233e-001
    endloop
  endfacet
  facet normal  1.530922e-001  1.009926e-001 -9.830378e-001
    outer loop
      vertex  1.408572e+000 -1.337951e-003  5.224233e-001
      vertex  1.401415e+000  3.722810e-003  5.218287e-001
      vertex  1.408719e+000  3.223004e-003  5.229148e-001
    endloop
  endfacet
  facet normal  2.176933e-001  9.762163e-002 -9.711229e-001
    outer loop
      vertex  1.408572e+000 -1.337951e-003  5.224233e-001
      vertex  1.408719e+000  3.223004e-003  5.229148e-001
      vertex  1.417502e+000 -1.579698e-003  5.244009e-001
    endloop
  endfacet
  facet normal  2.176944e-001  9.762379e-002 -9.711224e-001
    outer loop
      vertex  1.417502e+000 -1.579698e-003  5.244009e-001
      vertex  1.408719e+000  3.223004e-003  5.229148e-001
      vertex  1.417633e+000  2.468092e-003  5.248371e-001
    endloop
  endfacet
  facet normal  3.057405e-001  9.224892e-002 -9.476354e-001
    outer loop
      vertex  1.417502e+000 -1.579698e-003  5.244009e-001
      vertex  1.417633e+000  2.468092e-003  5.248371e-001
      vertex  1.425234e+000 -1.770971e-003  5.268769e-001
    endloop
  endfacet
  facet normal  3.057440e-001  9.225595e-002 -9.476337e-001
    outer loop
      vertex  1.425234e+000 -1.770971e-003  5.268769e-001
      vertex  1.417633e+000  2.468092e-003  5.248371e-001
      vertex  1.425344e+000  1.634320e-003  5.272439e-001
    endloop
  endfacet
  facet normal  4.183134e-001  8.396213e-002 -9.044138e-001
    outer loop
      vertex  1.425234e+000 -1.770971e-003  5.268769e-001
      vertex  1.425344e+000  1.634320e-003  5.272439e-001
      vertex  1.431521e+000 -1.905659e-003  5.297722e-001
    endloop
  endfacet
  facet normal  4.183120e-001  8.395884e-002 -9.044148e-001
    outer loop
      vertex  1.431521e+000 -1.905659e-003  5.297722e-001
      vertex  1.425344e+000  1.634320e-003  5.272439e-001
      vertex  1.431607e+000  7.483292e-004  5.300583e-001
    endloop
  endfacet
  facet normal  5.696863e-001  6.985430e-002 -8.188882e-001
    outer loop
      vertex  1.431521e+000 -1.905659e-003  5.297722e-001
      vertex  1.431607e+000  7.483292e-004  5.300583e-001
      vertex  1.436162e+000 -1.979458e-003  5.329943e-001
    endloop
  endfacet
  facet normal  5.696867e-001  6.985541e-002 -8.188878e-001
    outer loop
      vertex  1.436162e+000 -1.979458e-003  5.329943e-001
      vertex  1.431607e+000  7.483292e-004  5.300583e-001
      vertex  1.436221e+000 -1.615719e-004  5.331903e-001
    endloop
  endfacet
  facet normal  7.206565e-001  5.123883e-002 -6.913962e-001
    outer loop
      vertex  1.436162e+000 -1.979458e-003  5.329943e-001
      vertex  1.436221e+000 -1.615719e-004  5.331903e-001
      vertex  1.437932e+000 -1.993091e-003  5.348387e-001
    endloop
  endfacet
  facet normal  7.206383e-001  5.120236e-002 -6.914178e-001
    outer loop
      vertex  1.437932e+000 -1.993091e-003  5.348387e-001
      vertex  1.436221e+000 -1.615719e-004  5.331903e-001
      vertex  1.437976e+000 -6.537767e-004  5.349830e-001
    endloop
  endfacet
  facet normal  8.386133e-001  3.147710e-002 -5.438171e-001
    outer loop
      vertex  1.437932e+000 -1.993091e-003  5.348387e-001
      vertex  1.437976e+000 -6.537767e-004  5.349830e-001
      vertex  1.439160e+000 -1.988031e-003  5.367314e-001
    endloop
  endfacet
  facet normal  8.386098e-001  3.146616e-002 -5.438231e-001
    outer loop
      vertex  1.439160e+000 -1.988031e-003  5.367314e-001
      vertex  1.437976e+000 -6.537767e-004  5.349830e-001
      vertex  1.439187e+000 -1.139850e-003  5.368228e-001
    endloop
  endfacet
  facet normal  9.371703e-001  7.251507e-003 -3.487970e-001
    outer loop
      vertex  1.439160e+000 -1.988031e-003  5.367314e-001
      vertex  1.439187e+000 -1.139850e-003  5.368228e-001
      vertex  1.439766e+000 -1.969139e-003  5.383602e-001
    endloop
  endfacet
  facet normal  9.372039e-001  7.450291e-003 -3.487024e-001
    outer loop
      vertex  1.439766e+000 -1.969139e-003  5.383602e-001
      vertex  1.439187e+000 -1.139850e-003  5.368228e-001
      vertex  1.439779e+000 -1.543615e-003  5.384060e-001
    endloop
  endfacet
  facet normal -3.382577e-001  3.491400e-001 -8.738895e-001
    outer loop
      vertex  1.331838e+000  4.359186e-003  5.284597e-001
      vertex  1.331931e+000  7.249044e-003  5.295782e-001
      vertex  1.338969e+000  4.760445e-003  5.258600e-001
    endloop
  endfacet
  facet normal -3.382547e-001  3.491465e-001 -8.738882e-001
    outer loop
      vertex  1.338969e+000  4.760445e-003  5.258600e-001
      vertex  1.331931e+000  7.249044e-003  5.295782e-001
      vertex  1.339083e+000  8.301324e-003  5.272304e-001
    endloop
  endfacet
  facet normal -2.402119e-001  3.571097e-001 -9.026465e-001
    outer loop
      vertex  1.338969e+000  4.760445e-003  5.258600e-001
      vertex  1.339083e+000  8.301324e-003  5.272304e-001
      vertex  1.347411e+000  5.009599e-003  5.237120e-001
    endloop
  endfacet
  facet normal -2.402116e-001  3.571104e-001 -9.026464e-001
    outer loop
      vertex  1.347411e+000  5.009599e-003  5.237120e-001
      vertex  1.339083e+000  8.301324e-003  5.272304e-001
      vertex  1.347542e+000  9.088363e-003  5.252906e-001
    endloop
  endfacet
  facet normal -1.702077e-001  3.604506e-001 -9.171176e-001
    outer loop
      vertex  1.347411e+000  5.009599e-003  5.237120e-001
      vertex  1.347542e+000  9.088363e-003  5.252906e-001
      vertex  1.354441e+000  5.091668e-003  5.224394e-001
    endloop
  endfacet
  facet normal -1.702146e-001  3.604406e-001 -9.171203e-001
    outer loop
      vertex  1.354441e+000  5.091668e-003  5.224394e-001
      vertex  1.347542e+000  9.088363e-003  5.252906e-001
      vertex  1.354583e+000  9.489109e-003  5.241413e-001
    endloop
  endfacet
  facet normal -1.176464e-001  3.617277e-001 -9.248311e-001
    outer loop
      vertex  1.354441e+000  5.091668e-003  5.224394e-001
      vertex  1.354583e+000  9.489109e-003  5.241413e-001
      vertex  1.361932e+000  5.082118e-003  5.214828e-001
    endloop
  endfacet
  facet normal -1.176450e-001  3.617296e-001 -9.248304e-001
    outer loop
      vertex  1.361932e+000  5.082118e-003  5.214828e-001
      vertex  1.354583e+000  9.489109e-003  5.241413e-001
      vertex  1.362082e+000  9.719109e-003  5.232774e-001
    endloop
  endfacet
  facet normal -4.645561e-002  3.618484e-001 -9.310787e-001
    outer loop
      vertex  1.361932e+000  5.082118e-003  5.214828e-001
      vertex  1.362082e+000  9.719109e-003  5.232774e-001
      vertex  1.377748e+000  4.790496e-003  5.205804e-001
    endloop
  endfacet
  facet normal -4.645144e-002  3.618594e-001 -9.310747e-001
    outer loop
      vertex  1.377748e+000  4.790496e-003  5.205804e-001
      vertex  1.362082e+000  9.719109e-003  5.232774e-001
      vertex  1.377905e+000  9.653467e-003  5.224625e-001
    endloop
  endfacet
  facet normal  4.281261e-002  3.594100e-001 -9.321972e-001
    outer loop
      vertex  1.377748e+000  4.790496e-003  5.205804e-001
      vertex  1.377905e+000  9.653467e-003  5.224625e-001
      vertex  1.393725e+000  4.155628e-003  5.210693e-001
    endloop
  endfacet
  facet normal  4.281489e-002  3.594160e-001 -9.321948e-001
    outer loop
      vertex  1.393725e+000  4.155628e-003  5.210693e-001
      vertex  1.377905e+000  9.653467e-003  5.224625e-001
      vertex  1.393878e+000  8.896141e-003  5.229042e-001
    endloop
  endfacet
  facet normal  1.116411e-001  3.555559e-001 -9.279636e-001
    outer loop
      vertex  1.393725e+000  4.155628e-003  5.210693e-001
      vertex  1.393878e+000  8.896141e-003  5.229042e-001
      vertex  1.401415e+000  3.722810e-003  5.218287e-001
    endloop
  endfacet
  facet normal  1.116298e-001  3.555410e-001 -9.279706e-001
    outer loop
      vertex  1.401415e+000  3.722810e-003  5.218287e-001
      vertex  1.393878e+000  8.896141e-003  5.229042e-001
      vertex  1.401562e+000  8.273201e-003  5.235897e-001
    endloop
  endfacet
  facet normal  1.611897e-001  3.516825e-001 -9.221373e-001
    outer loop
      vertex  1.401415e+000  3.722810e-003  5.218287e-001
      vertex  1.401562e+000  8.273201e-003  5.235897e-001
      vertex  1.408719e+000  3.223004e-003  5.229148e-001
    endloop
  endfacet
  facet normal  1.611959e-001  3.516908e-001 -9.221331e-001
    outer loop
      vertex  1.408719e+000  3.223004e-003  5.229148e-001
      vertex  1.401562e+000  8.273201e-003  5.235897e-001
      vertex  1.408857e+000  7.501395e-003  5.245707e-001
    endloop
  endfacet
  facet normal  2.256937e-001  3.452821e-001 -9.109570e-001
    outer loop
      vertex  1.408719e+000  3.223004e-003  5.229148e-001
      vertex  1.408857e+000  7.501395e-003  5.245707e-001
      vertex  1.417633e+000  2.468092e-003  5.248371e-001
    endloop
  endfacet
  facet normal  2.256922e-001  3.452794e-001 -9.109583e-001
    outer loop
      vertex  1.417633e+000  2.468092e-003  5.248371e-001
      vertex  1.408857e+000  7.501395e-003  5.245707e-001
      vertex  1.417756e+000  6.265110e-003  5.263067e-001
    endloop
  endfacet
  facet normal  3.135492e-001  3.339161e-001 -8.889247e-001
    outer loop
      vertex  1.417633e+000  2.468092e-003  5.248371e-001
      vertex  1.417756e+000  6.265110e-003  5.263067e-001
      vertex  1.425344e+000  1.634320e-003  5.272439e-001
    endloop
  endfacet
  facet normal  3.135451e-001  3.339084e-001 -8.889289e-001
    outer loop
      vertex  1.425344e+000  1.634320e-003  5.272439e-001
      vertex  1.417756e+000  6.265110e-003  5.263067e-001
      vertex  1.425448e+000  4.828644e-003  5.284802e-001
    endloop
  endfacet
  facet normal  4.257618e-001  3.145936e-001 -8.483854e-001
    outer loop
      vertex  1.425344e+000  1.634320e-003  5.272439e-001
      vertex  1.425448e+000  4.828644e-003  5.284802e-001
      vertex  1.431607e+000  7.483292e-004  5.300583e-001
    endloop
  endfacet
  facet normal  4.257650e-001  3.146001e-001 -8.483814e-001
    outer loop
      vertex  1.431607e+000  7.483292e-004  5.300583e-001
      vertex  1.425448e+000  4.828644e-003  5.284802e-001
      vertex  1.431687e+000  3.237896e-003  5.310218e-001
    endloop
  endfacet
  facet normal  5.764315e-001  2.786812e-001 -7.681560e-001
    outer loop
      vertex  1.431607e+000  7.483292e-004  5.300583e-001
      vertex  1.431687e+000  3.237896e-003  5.310218e-001
      vertex  1.436221e+000 -1.615719e-004  5.331903e-001
    endloop
  endfacet
  facet normal  5.764320e-001  2.786825e-001 -7.681551e-001
    outer loop
      vertex  1.436221e+000 -1.615719e-004  5.331903e-001
      vertex  1.431687e+000  3.237896e-003  5.310218e-001
      vertex  1.436276e+000  1.543691e-003  5.338503e-001
    endloop
  endfacet
  facet normal  7.263367e-001  2.275630e-001 -6.485753e-001
    outer loop
      vertex  1.436221e+000 -1.615719e-004  5.331903e-001
      vertex  1.436276e+000  1.543691e-003  5.338503e-001
      vertex  1.437976e+000 -6.537767e-004  5.349830e-001
    endloop
  endfacet
  facet normal  7.263530e-001  2.275899e-001 -6.485476e-001
    outer loop
      vertex  1.437976e+000 -6.537767e-004  5.349830e-001
      vertex  1.436276e+000  1.543691e-003  5.338503e-001
      vertex  1.438016e+000  6.025631e-004  5.354692e-001
    endloop
  endfacet
  facet normal  8.430929e-001  1.702417e-001 -5.101100e-001
    outer loop
      vertex  1.437976e+000 -6.537767e-004  5.349830e-001
      vertex  1.438016e+000  6.025631e-004  5.354692e-001
      vertex  1.439187e+000 -1.139850e-003  5.368228e-001
    endloop
  endfacet
  facet normal  8.430969e-001  1.702523e-001 -5.100998e-001
    outer loop
      vertex  1.439187e+000 -1.139850e-003  5.368228e-001
      vertex  1.438016e+000  6.025631e-004  5.354692e-001
      vertex  1.439213e+000 -3.442162e-004  5.371307e-001
    endloop
  endfacet
  facet normal  9.400651e-001  9.630899e-002 -3.271118e-001
    outer loop
      vertex  1.439187e+000 -1.139850e-003  5.368228e-001
      vertex  1.439213e+000 -3.442162e-004  5.371307e-001
      vertex  1.439779e+000 -1.543615e-003  5.384060e-001
    endloop
  endfacet
  facet normal  9.400378e-001  9.616926e-002 -3.272311e-001
    outer loop
      vertex  1.439779e+000 -1.543615e-003  5.384060e-001
      vertex  1.439213e+000 -3.442162e-004  5.371307e-001
      vertex  1.439792e+000 -1.144453e-003  5.385605e-001
    endloop
  endfacet
  facet normal -2.398158e-001  4.180910e-001 -8.761781e-001
    outer loop
      vertex  1.339083e+000  8.301324e-003  5.272304e-001
      vertex  1.341063e+000  9.241566e-003  5.271372e-001
      vertex  1.347542e+000  9.088363e-003  5.252906e-001
    endloop
  endfacet
  facet normal -2.329655e-001  4.619222e-001 -8.557774e-001
    outer loop
      vertex  1.347542e+000  9.088363e-003  5.252906e-001
      vertex  1.341063e+000  9.241566e-003  5.271372e-001
      vertex  1.346962e+000  9.623177e-003  5.257373e-001
    endloop
  endfacet
  facet normal -1.663740e-001  5.194542e-001 -8.381450e-001
    outer loop
      vertex  1.347542e+000  9.088363e-003  5.252906e-001
      vertex  1.346962e+000  9.623177e-003  5.257373e-001
      vertex  1.354583e+000  9.489109e-003  5.241413e-001
    endloop
  endfacet
  facet normal -1.692929e-001  4.983132e-001 -8.503081e-001
    outer loop
      vertex  1.354583e+000  9.489109e-003  5.241413e-001
      vertex  1.346962e+000  9.623177e-003  5.257373e-001
      vertex  1.354666e+000  1.020615e-002  5.245450e-001
    endloop
  endfacet
  facet normal -1.143326e-001  4.973860e-001 -8.599623e-001
    outer loop
      vertex  1.354583e+000  9.489109e-003  5.241413e-001
      vertex  1.354666e+000  1.020615e-002  5.245450e-001
      vertex  1.362082e+000  9.719109e-003  5.232774e-001
    endloop
  endfacet
  facet normal -9.442743e-002  6.099738e-001 -7.867752e-001
    outer loop
      vertex  1.362082e+000  9.719109e-003  5.232774e-001
      vertex  1.354666e+000  1.020615e-002  5.245450e-001
      vertex  1.368353e+000  1.109754e-002  5.235935e-001
    endloop
  endfacet
  facet normal -4.511416e-002  4.137182e-001 -9.092866e-001
    outer loop
      vertex  1.362082e+000  9.719109e-003  5.232774e-001
      vertex  1.368353e+000  1.109754e-002  5.235935e-001
      vertex  1.377905e+000  9.653467e-003  5.224625e-001
    endloop
  endfacet
  facet normal  4.793963e-002  5.104377e-001 -8.585774e-001
    outer loop
      vertex  1.377905e+000  9.653467e-003  5.224625e-001
      vertex  1.378966e+000  1.153258e-002  5.236389e-001
      vertex  1.393878e+000  8.896141e-003  5.229042e-001
    endloop
  endfacet
  facet normal  5.648524e-002  5.514497e-001 -8.322936e-001
    outer loop
      vertex  1.393878e+000  8.896141e-003  5.229042e-001
      vertex  1.378966e+000  1.153258e-002  5.236389e-001
      vertex  1.394148e+000  1.161540e-002  5.247241e-001
    endloop
  endfacet
  facet normal  1.182349e-001  5.441829e-001 -8.305935e-001
    outer loop
      vertex  1.393878e+000  8.896141e-003  5.229042e-001
      vertex  1.394148e+000  1.161540e-002  5.247241e-001
      vertex  1.401562e+000  8.273201e-003  5.235897e-001
    endloop
  endfacet
  facet normal  1.471857e-001  5.947356e-001 -7.903329e-001
    outer loop
      vertex  1.401562e+000  8.273201e-003  5.235897e-001
      vertex  1.394148e+000  1.161540e-002  5.247241e-001
      vertex  1.408334e+000  1.093503e-002  5.268540e-001
    endloop
  endfacet
  facet normal  1.683617e-001  5.634898e-001 -8.087853e-001
    outer loop
      vertex  1.401562e+000  8.273201e-003  5.235897e-001
      vertex  1.408334e+000  1.093503e-002  5.268540e-001
      vertex  1.408857e+000  7.501395e-003  5.245707e-001
    endloop
  endfacet
  facet normal -3.262948e-001  7.654423e-001 -5.546438e-001
    outer loop
      vertex  1.339259e+000  1.374868e-002  5.324292e-001
      vertex  1.335619e+000  1.079159e-002  5.304900e-001
      vertex  1.332075e+000  1.169486e-002  5.338212e-001
    endloop
  endfacet
  facet normal -3.584976e-001  7.316912e-001 -5.797476e-001
    outer loop
      vertex  1.332075e+000  1.169486e-002  5.338212e-001
      vertex  1.335619e+000  1.079159e-002  5.304900e-001
      vertex  1.332012e+000  9.751104e-003  5.314069e-001
    endloop
  endfacet
  facet normal -3.871394e-001  7.230866e-001 -5.720742e-001
    outer loop
      vertex  1.332075e+000  1.169486e-002  5.338212e-001
      vertex  1.332012e+000  9.751104e-003  5.314069e-001
      vertex  1.330376e+000  1.090643e-002  5.339744e-001
    endloop
  endfacet
  facet normal -2.432315e-001  7.963839e-001 -5.537248e-001
    outer loop
      vertex  1.339691e+000  1.262824e-002  5.306280e-001
      vertex  1.339259e+000  1.374868e-002  5.324292e-001
      vertex  1.345388e+000  1.413641e-002  5.302948e-001
    endloop
  endfacet
  facet normal -2.267664e-001  8.362876e-001 -4.991995e-001
    outer loop
      vertex  1.345388e+000  1.413641e-002  5.302948e-001
      vertex  1.339259e+000  1.374868e-002  5.324292e-001
      vertex  1.347745e+000  1.536321e-002  5.312792e-001
    endloop
  endfacet
  facet normal -1.657914e-001  7.910571e-001 -5.888479e-001
    outer loop
      vertex  1.345388e+000  1.413641e-002  5.302948e-001
      vertex  1.347745e+000  1.536321e-002  5.312792e-001
      vertex  1.355016e+000  1.564861e-002  5.296155e-001
    endloop
  endfacet
  facet normal -1.565932e-001  8.251314e-001 -5.428045e-001
    outer loop
      vertex  1.355016e+000  1.564861e-002  5.296155e-001
      vertex  1.347745e+000  1.536321e-002  5.312792e-001
      vertex  1.354802e+000  1.625421e-002  5.305978e-001
    endloop
  endfacet
  facet normal -8.573859e-002  8.396528e-001 -5.363134e-001
    outer loop
      vertex  1.355016e+000  1.564861e-002  5.296155e-001
      vertex  1.354802e+000  1.625421e-002  5.305978e-001
      vertex  1.367604e+000  1.645819e-002  5.288705e-001
    endloop
  endfacet
  facet normal -1.041590e-001  7.190776e-001 -6.870795e-001
    outer loop
      vertex  1.367604e+000  1.645819e-002  5.288705e-001
      vertex  1.354802e+000  1.625421e-002  5.305978e-001
      vertex  1.362312e+000  1.685274e-002  5.300857e-001
    endloop
  endfacet
  facet normal -2.898610e-002  9.067613e-001 -4.206468e-001
    outer loop
      vertex  1.367604e+000  1.645819e-002  5.288705e-001
      vertex  1.362312e+000  1.685274e-002  5.300857e-001
      vertex  1.378147e+000  1.713475e-002  5.296025e-001
    endloop
  endfacet
  facet normal  7.628933e-002  9.087696e-001 -4.102655e-001
    outer loop
      vertex  1.383138e+000  1.616733e-002  5.283877e-001
      vertex  1.378147e+000  1.713475e-002  5.296025e-001
      vertex  1.392941e+000  1.535597e-002  5.284134e-001
    endloop
  endfacet
  facet normal  5.874661e-002  8.444795e-001 -5.323563e-001
    outer loop
      vertex  1.392941e+000  1.535597e-002  5.284134e-001
      vertex  1.378147e+000  1.713475e-002  5.296025e-001
      vertex  1.394114e+000  1.618904e-002  5.298643e-001
    endloop
  endfacet
  facet normal  1.358838e-001  8.077618e-001 -5.736346e-001
    outer loop
      vertex  1.392941e+000  1.535597e-002  5.284134e-001
      vertex  1.394114e+000  1.618904e-002  5.298643e-001
      vertex  1.405256e+000  1.363905e-002  5.289129e-001
    endloop
  endfacet
  facet normal  1.254048e-001  7.777538e-001 -6.159324e-001
    outer loop
      vertex  1.405256e+000  1.363905e-002  5.289129e-001
      vertex  1.394114e+000  1.618904e-002  5.298643e-001
      vertex  1.401788e+000  1.527361e-002  5.302708e-001
    endloop
  endfacet
  facet normal  1.776506e-001  8.239503e-001 -5.380949e-001
    outer loop
      vertex  1.405256e+000  1.363905e-002  5.289129e-001
      vertex  1.401788e+000  1.527361e-002  5.302708e-001
      vertex  1.409070e+000  1.408335e-002  5.308524e-001
    endloop
  endfacet
  facet normal  2.421236e-001  8.046894e-001 -5.420804e-001
    outer loop
      vertex  1.417944e+000  1.210651e-002  5.318816e-001
      vertex  1.416569e+000  1.124107e-002  5.299828e-001
      vertex  1.409070e+000  1.408335e-002  5.308524e-001
    endloop
  endfacet
  facet normal  2.193497e-001  7.642860e-001 -6.064261e-001
    outer loop
      vertex  1.409070e+000  1.408335e-002  5.308524e-001
      vertex  1.416569e+000  1.124107e-002  5.299828e-001
      vertex  1.405256e+000  1.363905e-002  5.289129e-001
    endloop
  endfacet
  facet normal  4.380413e-001  6.946151e-001 -5.706397e-001
    outer loop
      vertex  1.425537e+000  7.594313e-003  5.305015e-001
      vertex  1.425606e+000  9.742850e-003  5.331702e-001
      vertex  1.431757e+000  5.393380e-003  5.325972e-001
    endloop
  endfacet
  facet normal  4.380480e-001  6.946226e-001 -5.706254e-001
    outer loop
      vertex  1.431757e+000  5.393380e-003  5.325972e-001
      vertex  1.425606e+000  9.742850e-003  5.331702e-001
      vertex  1.431811e+000  7.067890e-003  5.346771e-001
    endloop
  endfacet
  facet normal  5.875523e-001  6.227689e-001 -5.166635e-001
    outer loop
      vertex  1.431757e+000  5.393380e-003  5.325972e-001
      vertex  1.431811e+000  7.067890e-003  5.346771e-001
      vertex  1.436323e+000  3.020121e-003  5.349293e-001
    endloop
  endfacet
  facet normal  5.875417e-001  6.227553e-001 -5.166919e-001
    outer loop
      vertex  1.436323e+000  3.020121e-003  5.349293e-001
      vertex  1.431811e+000  7.067890e-003  5.346771e-001
      vertex  1.436360e+000  4.167099e-003  5.363539e-001
    endloop
  endfacet
  facet normal  7.357067e-001  5.180753e-001 -4.362724e-001
    outer loop
      vertex  1.436323e+000  3.020121e-003  5.349293e-001
      vertex  1.436360e+000  4.167099e-003  5.363539e-001
      vertex  1.438051e+000  1.690311e-003  5.362642e-001
    endloop
  endfacet
  facet normal  7.357031e-001  5.180731e-001 -4.362810e-001
    outer loop
      vertex  1.438051e+000  1.690311e-003  5.362642e-001
      vertex  1.436360e+000  4.167099e-003  5.363539e-001
      vertex  1.438079e+000  2.535340e-003  5.373138e-001
    endloop
  endfacet
  facet normal  8.504642e-001  3.986925e-001 -3.431544e-001
    outer loop
      vertex  1.438051e+000  1.690311e-003  5.362642e-001
      vertex  1.438079e+000  2.535340e-003  5.373138e-001
      vertex  1.439235e+000  3.446495e-004  5.376342e-001
    endloop
  endfacet
  facet normal  8.504923e-001  3.987226e-001 -3.430498e-001
    outer loop
      vertex  1.439235e+000  3.446495e-004  5.376342e-001
      vertex  1.438079e+000  2.535340e-003  5.373138e-001
      vertex  1.439252e+000  8.798017e-004  5.382988e-001
    endloop
  endfacet
  facet normal  9.448025e-001  2.428205e-001 -2.199695e-001
    outer loop
      vertex  1.439235e+000  3.446495e-004  5.376342e-001
      vertex  1.439252e+000  8.798017e-004  5.382988e-001
      vertex  1.439803e+000 -7.988561e-004  5.388131e-001
    endloop
  endfacet
  facet normal  9.447950e-001  2.428022e-001 -2.200212e-001
    outer loop
      vertex  1.439803e+000 -7.988561e-004  5.388131e-001
      vertex  1.439252e+000  8.798017e-004  5.382988e-001
      vertex  1.439812e+000 -5.303755e-004  5.391465e-001
    endloop
  endfacet
  facet normal  9.463192e-001  2.904218e-001 -1.418987e-001
    outer loop
      vertex  1.439818e+000 -3.573078e-004  5.395382e-001
      vertex  1.439812e+000 -5.303755e-004  5.391465e-001
      vertex  1.439263e+000  1.224771e-003  5.390795e-001
    endloop
  endfacet
  facet normal  9.463305e-001  2.904289e-001 -1.418083e-001
    outer loop
      vertex  1.439263e+000  1.224771e-003  5.390795e-001
      vertex  1.439812e+000 -5.303755e-004  5.391465e-001
      vertex  1.439252e+000  8.798017e-004  5.382988e-001
    endloop
  endfacet
  facet normal  8.528913e-001  4.729445e-001 -2.211334e-001
    outer loop
      vertex  1.439263e+000  1.224771e-003  5.390795e-001
      vertex  1.439252e+000  8.798017e-004  5.382988e-001
      vertex  1.438096e+000  3.080061e-003  5.385465e-001
    endloop
  endfacet
  facet normal  8.528850e-001  4.729440e-001 -2.211585e-001
    outer loop
      vertex  1.438096e+000  3.080061e-003  5.385465e-001
      vertex  1.439252e+000  8.798017e-004  5.382988e-001
      vertex  1.438079e+000  2.535340e-003  5.373138e-001
    endloop
  endfacet
  facet normal  7.387664e-001  6.124957e-001 -2.811997e-001
    outer loop
      vertex  1.438096e+000  3.080061e-003  5.385465e-001
      vertex  1.438079e+000  2.535340e-003  5.373138e-001
      vertex  1.436384e+000  4.906464e-003  5.380271e-001
    endloop
  endfacet
  facet normal  7.387565e-001  6.124961e-001 -2.812247e-001
    outer loop
      vertex  1.436384e+000  4.906464e-003  5.380271e-001
      vertex  1.438079e+000  2.535340e-003  5.373138e-001
      vertex  1.436360e+000  4.167099e-003  5.363539e-001
    endloop
  endfacet
  facet normal  5.911584e-001  7.345762e-001 -3.330610e-001
    outer loop
      vertex  1.436384e+000  4.906464e-003  5.380271e-001
      vertex  1.436360e+000  4.167099e-003  5.363539e-001
      vertex  1.431846e+000  8.147311e-003  5.371197e-001
    endloop
  endfacet
  facet normal  5.911570e-001  7.345753e-001 -3.330654e-001
    outer loop
      vertex  1.431846e+000  8.147311e-003  5.371197e-001
      vertex  1.436360e+000  4.167099e-003  5.363539e-001
      vertex  1.431811e+000  7.067890e-003  5.346771e-001
    endloop
  endfacet
  facet normal  4.420257e-001  8.181083e-001 -3.678480e-001
    outer loop
      vertex  1.431846e+000  8.147311e-003  5.371197e-001
      vertex  1.431811e+000  7.067890e-003  5.346771e-001
      vertex  1.425651e+000  1.112784e-002  5.363044e-001
    endloop
  endfacet
  facet normal  4.420345e-001  8.181131e-001 -3.678266e-001
    outer loop
      vertex  1.425651e+000  1.112784e-002  5.363044e-001
      vertex  1.431811e+000  7.067890e-003  5.346771e-001
      vertex  1.425606e+000  9.742850e-003  5.331702e-001
    endloop
  endfacet
  facet normal  3.305904e-001  8.614934e-001 -3.854078e-001
    outer loop
      vertex  1.425651e+000  1.112784e-002  5.363044e-001
      vertex  1.425606e+000  9.742850e-003  5.331702e-001
      vertex  1.417998e+000  1.375282e-002  5.356070e-001
    endloop
  endfacet
  facet normal  3.305821e-001  8.614885e-001 -3.854256e-001
    outer loop
      vertex  1.417998e+000  1.375282e-002  5.356070e-001
      vertex  1.425606e+000  9.742850e-003  5.331702e-001
      vertex  1.417944e+000  1.210651e-002  5.318816e-001
    endloop
  endfacet
  facet normal  2.431552e-001  8.859282e-001 -3.949768e-001
    outer loop
      vertex  1.417998e+000  1.375282e-002  5.356070e-001
      vertex  1.417944e+000  1.210651e-002  5.318816e-001
      vertex  1.409130e+000  1.593837e-002  5.350501e-001
    endloop
  endfacet
  facet normal  2.431591e-001  8.859307e-001 -3.949691e-001
    outer loop
      vertex  1.409130e+000  1.593837e-002  5.350501e-001
      vertex  1.417944e+000  1.210651e-002  5.318816e-001
      vertex  1.409070e+000  1.408335e-002  5.308524e-001
    endloop
  endfacet
  facet normal  1.788697e-001  8.989730e-001 -3.998166e-001
    outer loop
      vertex  1.409130e+000  1.593837e-002  5.350501e-001
      vertex  1.409070e+000  1.408335e-002  5.308524e-001
      vertex  1.401852e+000  1.724656e-002  5.347354e-001
    endloop
  endfacet
  facet normal  1.788691e-001  8.989727e-001 -3.998175e-001
    outer loop
      vertex  1.401852e+000  1.724656e-002  5.347354e-001
      vertex  1.409070e+000  1.408335e-002  5.308524e-001
      vertex  1.401788e+000  1.527361e-002  5.302708e-001
    endloop
  endfacet
  facet normal  1.294202e-001  9.062933e-001 -4.023468e-001
    outer loop
      vertex  1.401852e+000  1.724656e-002  5.347354e-001
      vertex  1.401788e+000  1.527361e-002  5.302708e-001
      vertex  1.394180e+000  1.824441e-002  5.345154e-001
    endloop
  endfacet
  facet normal  1.294244e-001  9.062954e-001 -4.023406e-001
    outer loop
      vertex  1.394180e+000  1.824441e-002  5.345154e-001
      vertex  1.401788e+000  1.527361e-002  5.302708e-001
      vertex  1.394114e+000  1.618904e-002  5.298643e-001
    endloop
  endfacet
  facet normal  6.068459e-002  9.126659e-001 -4.041761e-001
    outer loop
      vertex  1.394180e+000  1.824441e-002  5.345154e-001
      vertex  1.394114e+000  1.618904e-002  5.298643e-001
      vertex  1.378215e+000  1.924323e-002  5.343738e-001
    endloop
  endfacet
  facet normal  6.068316e-002  9.126642e-001 -4.041800e-001
    outer loop
      vertex  1.378215e+000  1.924323e-002  5.343738e-001
      vertex  1.394114e+000  1.618904e-002  5.298643e-001
      vertex  1.378147e+000  1.713475e-002  5.296025e-001
    endloop
  endfacet
  facet normal -2.860511e-002  9.144471e-001 -4.036932e-001
    outer loop
      vertex  1.378215e+000  1.924323e-002  5.343738e-001
      vertex  1.378147e+000  1.713475e-002  5.296025e-001
      vertex  1.362377e+000  1.886324e-002  5.346352e-001
    endloop
  endfacet
  facet normal -2.860565e-002  9.144464e-001 -4.036947e-001
    outer loop
      vertex  1.362377e+000  1.886324e-002  5.346352e-001
      vertex  1.378147e+000  1.713475e-002  5.296025e-001
      vertex  1.362312e+000  1.685274e-002  5.300857e-001
    endloop
  endfacet
  facet normal -9.991779e-002  9.106191e-001 -4.009854e-001
    outer loop
      vertex  1.362377e+000  1.886324e-002  5.346352e-001
      vertex  1.362312e+000  1.685274e-002  5.300857e-001
      vertex  1.354864e+000  1.816084e-002  5.349124e-001
    endloop
  endfacet
  facet normal -9.991418e-002  9.106216e-001 -4.009805e-001
    outer loop
      vertex  1.354864e+000  1.816084e-002  5.349124e-001
      vertex  1.362312e+000  1.685274e-002  5.300857e-001
      vertex  1.354802e+000  1.625421e-002  5.305978e-001
    endloop
  endfacet
  facet normal -1.526247e-001  9.047599e-001 -3.976371e-001
    outer loop
      vertex  1.354864e+000  1.816084e-002  5.349124e-001
      vertex  1.354802e+000  1.625421e-002  5.305978e-001
      vertex  1.347802e+000  1.713167e-002  5.352810e-001
    endloop
  endfacet
  facet normal -1.526303e-001  9.047556e-001 -3.976446e-001
    outer loop
      vertex  1.347802e+000  1.713167e-002  5.352810e-001
      vertex  1.354802e+000  1.625421e-002  5.305978e-001
      vertex  1.347745e+000  1.536321e-002  5.312792e-001
    endloop
  endfacet
  facet normal -2.229108e-001  8.928272e-001 -3.913699e-001
    outer loop
      vertex  1.347802e+000  1.713167e-002  5.352810e-001
      vertex  1.347745e+000  1.536321e-002  5.312792e-001
      vertex  1.339309e+000  1.528392e-002  5.359033e-001
    endloop
  endfacet
  facet normal -2.229104e-001  8.928277e-001 -3.913690e-001
    outer loop
      vertex  1.339309e+000  1.528392e-002  5.359033e-001
      vertex  1.347745e+000  1.536321e-002  5.312792e-001
      vertex  1.339259e+000  1.374868e-002  5.324292e-001
    endloop
  endfacet
  facet normal -3.215037e-001  8.677959e-001 -3.789007e-001
    outer loop
      vertex  1.339309e+000  1.528392e-002  5.359033e-001
      vertex  1.339259e+000  1.374868e-002  5.324292e-001
      vertex  1.332115e+000  1.294783e-002  5.366566e-001
    endloop
  endfacet
  facet normal -3.215047e-001  8.677946e-001 -3.789028e-001
    outer loop
      vertex  1.332115e+000  1.294783e-002  5.366566e-001
      vertex  1.339259e+000  1.374868e-002  5.324292e-001
      vertex  1.332075e+000  1.169486e-002  5.338212e-001
    endloop
  endfacet
  facet normal -3.926468e-001  8.432688e-001 -3.670509e-001
    outer loop
      vertex  1.332115e+000  1.294783e-002  5.366566e-001
      vertex  1.332075e+000  1.169486e-002  5.338212e-001
      vertex  1.330779e+000  1.238547e-002  5.367942e-001
    endloop
  endfacet
  facet normal -3.192798e-001  9.366267e-001 -1.441904e-001
    outer loop
      vertex  1.332115e+000  1.294783e-002  5.366566e-001
      vertex  1.332131e+000  1.342465e-002  5.397198e-001
      vertex  1.339309e+000  1.528392e-002  5.359033e-001
    endloop
  endfacet
  facet normal -3.192762e-001  9.366291e-001 -1.441826e-001
    outer loop
      vertex  1.339309e+000  1.528392e-002  5.359033e-001
      vertex  1.332131e+000  1.342465e-002  5.397198e-001
      vertex  1.339328e+000  1.586816e-002  5.396567e-001
    endloop
  endfacet
  facet normal -2.206143e-001  9.639240e-001 -1.489286e-001
    outer loop
      vertex  1.339309e+000  1.528392e-002  5.359033e-001
      vertex  1.339328e+000  1.586816e-002  5.396567e-001
      vertex  1.347802e+000  1.713167e-002  5.352810e-001
    endloop
  endfacet
  facet normal -2.206162e-001  9.639229e-001 -1.489327e-001
    outer loop
      vertex  1.347802e+000  1.713167e-002  5.352810e-001
      vertex  1.339328e+000  1.586816e-002  5.396567e-001
      vertex  1.347824e+000  1.780465e-002  5.396045e-001
    endloop
  endfacet
  facet normal -1.502929e-001  9.769925e-001 -1.513205e-001
    outer loop
      vertex  1.347802e+000  1.713167e-002  5.352810e-001
      vertex  1.347824e+000  1.780465e-002  5.396045e-001
      vertex  1.354864e+000  1.816084e-002  5.349124e-001
    endloop
  endfacet
  facet normal -1.502935e-001  9.769922e-001 -1.513212e-001
    outer loop
      vertex  1.354864e+000  1.816084e-002  5.349124e-001
      vertex  1.347824e+000  1.780465e-002  5.396045e-001
      vertex  1.354887e+000  1.888641e-002  5.395736e-001
    endloop
  endfacet
  facet normal -9.756467e-002  9.834615e-001 -1.525934e-001
    outer loop
      vertex  1.354864e+000  1.816084e-002  5.349124e-001
      vertex  1.354887e+000  1.888641e-002  5.395736e-001
      vertex  1.362377e+000  1.886324e-002  5.346352e-001
    endloop
  endfacet
  facet normal -9.756580e-002  9.834610e-001 -1.525951e-001
    outer loop
      vertex  1.362377e+000  1.886324e-002  5.346352e-001
      vertex  1.354887e+000  1.888641e-002  5.395736e-001
      vertex  1.362402e+000  1.962833e-002  5.395504e-001
    endloop
  endfacet
  facet normal -2.623606e-002  9.877808e-001 -1.536254e-001
    outer loop
      vertex  1.362377e+000  1.886324e-002  5.346352e-001
      vertex  1.362402e+000  1.962833e-002  5.395504e-001
      vertex  1.378215e+000  1.924323e-002  5.343738e-001
    endloop
  endfacet
  facet normal -2.623570e-002  9.877809e-001 -1.536243e-001
    outer loop
      vertex  1.378215e+000  1.924323e-002  5.343738e-001
      vertex  1.362402e+000  1.962833e-002  5.395504e-001
      vertex  1.378241e+000  2.004560e-002  5.395285e-001
    endloop
  endfacet
  facet normal  6.305536e-002  9.860867e-001 -1.538088e-001
    outer loop
      vertex  1.378215e+000  1.924323e-002  5.343738e-001
      vertex  1.378241e+000  2.004560e-002  5.395285e-001
      vertex  1.394180e+000  1.824441e-002  5.345154e-001
    endloop
  endfacet
  facet normal  6.305499e-002  9.860865e-001 -1.538099e-001
    outer loop
      vertex  1.394180e+000  1.824441e-002  5.345154e-001
      vertex  1.378241e+000  2.004560e-002  5.395285e-001
      vertex  1.394206e+000  1.902658e-002  5.395404e-001
    endloop
  endfacet
  facet normal  1.317826e-001  9.793825e-001 -1.531120e-001
    outer loop
      vertex  1.394180e+000  1.824441e-002  5.345154e-001
      vertex  1.394206e+000  1.902658e-002  5.395404e-001
      vertex  1.401852e+000  1.724656e-002  5.347354e-001
    endloop
  endfacet
  facet normal  1.317831e-001  9.793826e-001 -1.531113e-001
    outer loop
      vertex  1.401852e+000  1.724656e-002  5.347354e-001
      vertex  1.394206e+000  1.902658e-002  5.395404e-001
      vertex  1.401876e+000  1.799736e-002  5.395588e-001
    endloop
  endfacet
  facet normal  1.812155e-001  9.716026e-001 -1.521492e-001
    outer loop
      vertex  1.401852e+000  1.724656e-002  5.347354e-001
      vertex  1.401876e+000  1.799736e-002  5.395588e-001
      vertex  1.409130e+000  1.593837e-002  5.350501e-001
    endloop
  endfacet
  facet normal  1.812156e-001  9.716026e-001 -1.521491e-001
    outer loop
      vertex  1.409130e+000  1.593837e-002  5.350501e-001
      vertex  1.401876e+000  1.799736e-002  5.395588e-001
      vertex  1.409153e+000  1.664429e-002  5.395852e-001
    endloop
  endfacet
  facet normal  2.454725e-001  9.576802e-001 -1.503054e-001
    outer loop
      vertex  1.409130e+000  1.593837e-002  5.350501e-001
      vertex  1.409153e+000  1.664429e-002  5.395852e-001
      vertex  1.417998e+000  1.375282e-002  5.356070e-001
    endloop
  endfacet
  facet normal  2.454758e-001  9.576806e-001 -1.502983e-001
    outer loop
      vertex  1.417998e+000  1.375282e-002  5.356070e-001
      vertex  1.409153e+000  1.664429e-002  5.395852e-001
      vertex  1.418018e+000  1.437931e-002  5.396318e-001
    endloop
  endfacet
  facet normal  3.328501e-001  9.315049e-001 -1.466611e-001
    outer loop
      vertex  1.417998e+000  1.375282e-002  5.356070e-001
      vertex  1.418018e+000  1.437931e-002  5.396318e-001
      vertex  1.425651e+000  1.112784e-002  5.363044e-001
    endloop
  endfacet
  facet normal  3.328427e-001  9.315048e-001 -1.466779e-001
    outer loop
      vertex  1.425651e+000  1.112784e-002  5.363044e-001
      vertex  1.418018e+000  1.437931e-002  5.396318e-001
      vertex  1.425668e+000  1.165489e-002  5.396903e-001
    endloop
  endfacet
  facet normal  4.441852e-001  8.849307e-001 -1.399902e-001
    outer loop
      vertex  1.425651e+000  1.112784e-002  5.363044e-001
      vertex  1.425668e+000  1.165489e-002  5.396903e-001
      vertex  1.431846e+000  8.147311e-003  5.371197e-001
    endloop
  endfacet
  facet normal  4.441947e-001  8.849297e-001 -1.399659e-001
    outer loop
      vertex  1.431846e+000  8.147311e-003  5.371197e-001
      vertex  1.425668e+000  1.165489e-002  5.396903e-001
      vertex  1.431859e+000  8.558081e-003  5.397586e-001
    endloop
  endfacet
  facet normal  5.931121e-001  7.950843e-001 -1.267246e-001
    outer loop
      vertex  1.431846e+000  8.147311e-003  5.371197e-001
      vertex  1.431859e+000  8.558081e-003  5.397586e-001
      vertex  1.436384e+000  4.906464e-003  5.380271e-001
    endloop
  endfacet
  facet normal  5.931115e-001  7.950845e-001 -1.267264e-001
    outer loop
      vertex  1.436384e+000  4.906464e-003  5.380271e-001
      vertex  1.431859e+000  8.558081e-003  5.397586e-001
      vertex  1.436393e+000  5.187827e-003  5.398347e-001
    endloop
  endfacet
  facet normal  7.404160e-001  6.635787e-001 -1.069924e-001
    outer loop
      vertex  1.436384e+000  4.906464e-003  5.380271e-001
      vertex  1.436393e+000  5.187827e-003  5.398347e-001
      vertex  1.438096e+000  3.080061e-003  5.385465e-001
    endloop
  endfacet
  facet normal  7.404032e-001  6.635879e-001 -1.070245e-001
    outer loop
      vertex  1.438096e+000  3.080061e-003  5.385465e-001
      vertex  1.436393e+000  5.187827e-003  5.398347e-001
      vertex  1.438103e+000  3.287352e-003  5.398782e-001
    endloop
  endfacet
  facet normal  8.541870e-001  5.131073e-001 -8.417486e-002
    outer loop
      vertex  1.438096e+000  3.080061e-003  5.385465e-001
      vertex  1.438103e+000  3.287352e-003  5.398782e-001
      vertex  1.439263e+000  1.224771e-003  5.390795e-001
    endloop
  endfacet
  facet normal  8.541819e-001  5.131125e-001 -8.419573e-002
    outer loop
      vertex  1.439263e+000  1.224771e-003  5.390795e-001
      vertex  1.438103e+000  3.287352e-003  5.398782e-001
      vertex  1.439268e+000  1.356048e-003  5.399229e-001
    endloop
  endfacet
  facet normal  9.471545e-001  3.161971e-001 -5.401583e-002
    outer loop
      vertex  1.439263e+000  1.224771e-003  5.390795e-001
      vertex  1.439268e+000  1.356048e-003  5.399229e-001
      vertex  1.439818e+000 -3.573078e-004  5.395382e-001
    endloop
  endfacet
  facet normal  9.471729e-001  3.161683e-001 -5.386141e-002
    outer loop
      vertex  1.439818e+000 -3.573078e-004  5.395382e-001
      vertex  1.439268e+000  1.356048e-003  5.399229e-001
      vertex  1.439820e+000 -2.914474e-004  5.399613e-001
    endloop
  endfacet
  facet normal -3.190899e-001  9.423960e-001  1.003569e-001
    outer loop
      vertex  1.332131e+000  1.342465e-002  5.397198e-001
      vertex  1.332120e+000  1.309281e-002  5.428022e-001
      vertex  1.339328e+000  1.586816e-002  5.396567e-001
    endloop
  endfacet
  facet normal -3.190954e-001  9.423954e-001  1.003438e-001
    outer loop
      vertex  1.339328e+000  1.586816e-002  5.396567e-001
      vertex  1.332120e+000  1.309281e-002  5.428022e-001
      vertex  1.339314e+000  1.546156e-002  5.434334e-001
    endloop
  endfacet
  facet normal -2.204230e-001  9.698818e-001  1.036474e-001
    outer loop
      vertex  1.339328e+000  1.586816e-002  5.396567e-001
      vertex  1.339314e+000  1.546156e-002  5.434334e-001
      vertex  1.347824e+000  1.780465e-002  5.396045e-001
    endloop
  endfacet
  facet normal -2.204224e-001  9.698820e-001  1.036489e-001
    outer loop
      vertex  1.347824e+000  1.780465e-002  5.396045e-001
      vertex  1.339314e+000  1.546156e-002  5.434334e-001
      vertex  1.347809e+000  1.733630e-002  5.439549e-001
    endloop
  endfacet
  facet normal -1.500985e-001  9.830464e-001  1.053109e-001
    outer loop
      vertex  1.347824e+000  1.780465e-002  5.396045e-001
      vertex  1.347809e+000  1.733630e-002  5.439549e-001
      vertex  1.354887e+000  1.888641e-002  5.395736e-001
    endloop
  endfacet
  facet normal -1.500992e-001  9.830463e-001  1.053098e-001
    outer loop
      vertex  1.354887e+000  1.888641e-002  5.395736e-001
      vertex  1.347809e+000  1.733630e-002  5.439549e-001
      vertex  1.354871e+000  1.838146e-002  5.442640e-001
    endloop
  endfacet
  facet normal -9.736777e-002  9.895667e-001  1.061957e-001
    outer loop
      vertex  1.354887e+000  1.888641e-002  5.395736e-001
      vertex  1.354871e+000  1.838146e-002  5.442640e-001
      vertex  1.362402e+000  1.962833e-002  5.395504e-001
    endloop
  endfacet
  facet normal -9.736709e-002  9.895666e-001  1.061968e-001
    outer loop
      vertex  1.362402e+000  1.962833e-002  5.395504e-001
      vertex  1.354871e+000  1.838146e-002  5.442640e-001
      vertex  1.362385e+000  1.909587e-002  5.444962e-001
    endloop
  endfacet
  facet normal -2.603719e-002  9.939272e-001  1.069145e-001
    outer loop
      vertex  1.362402e+000  1.962833e-002  5.395504e-001
      vertex  1.362385e+000  1.909587e-002  5.444962e-001
      vertex  1.378241e+000  2.004560e-002  5.395285e-001
    endloop
  endfacet
  facet normal -2.603699e-002  9.939272e-001  1.069151e-001
    outer loop
      vertex  1.378241e+000  2.004560e-002  5.395285e-001
      vertex  1.362385e+000  1.909587e-002  5.444962e-001
      vertex  1.378223e+000  1.948719e-002  5.447153e-001
    endloop
  endfacet
  facet normal  6.325331e-002  9.922404e-001  1.070424e-001
    outer loop
      vertex  1.378241e+000  2.004560e-002  5.395285e-001
      vertex  1.378223e+000  1.948719e-002  5.447153e-001
      vertex  1.394206e+000  1.902658e-002  5.395404e-001
    endloop
  endfacet
  facet normal  6.325360e-002  9.922403e-001  1.070433e-001
    outer loop
      vertex  1.394206e+000  1.902658e-002  5.395404e-001
      vertex  1.378223e+000  1.948719e-002  5.447153e-001
      vertex  1.394188e+000  1.848224e-002  5.445966e-001
    endloop
  endfacet
  facet normal  1.319810e-001  9.855083e-001  1.065575e-001
    outer loop
      vertex  1.394206e+000  1.902658e-002  5.395404e-001
      vertex  1.394188e+000  1.848224e-002  5.445966e-001
      vertex  1.401876e+000  1.799736e-002  5.395588e-001
    endloop
  endfacet
  facet normal  1.319802e-001  9.855085e-001  1.065562e-001
    outer loop
      vertex  1.401876e+000  1.799736e-002  5.395588e-001
      vertex  1.394188e+000  1.848224e-002  5.445966e-001
      vertex  1.401859e+000  1.747484e-002  5.444123e-001
    endloop
  endfacet
  facet normal  1.814125e-001  9.776900e-001  1.058860e-001
    outer loop
      vertex  1.401876e+000  1.799736e-002  5.395588e-001
      vertex  1.401859e+000  1.747484e-002  5.444123e-001
      vertex  1.409153e+000  1.664429e-002  5.395852e-001
    endloop
  endfacet
  facet normal  1.814140e-001  9.776894e-001  1.058884e-001
    outer loop
      vertex  1.409153e+000  1.664429e-002  5.395852e-001
      vertex  1.401859e+000  1.747484e-002  5.444123e-001
      vertex  1.409137e+000  1.615300e-002  5.441484e-001
    endloop
  endfacet
  facet normal  2.456694e-001  9.636930e-001  1.046050e-001
    outer loop
      vertex  1.409153e+000  1.664429e-002  5.395852e-001
      vertex  1.409137e+000  1.615300e-002  5.441484e-001
      vertex  1.418018e+000  1.437931e-002  5.396318e-001
    endloop
  endfacet
  facet normal  2.456682e-001  9.636936e-001  1.046023e-001
    outer loop
      vertex  1.418018e+000  1.437931e-002  5.396318e-001
      vertex  1.409137e+000  1.615300e-002  5.441484e-001
      vertex  1.418004e+000  1.394330e-002  5.436817e-001
    endloop
  endfacet
  facet normal  3.330336e-001  9.373740e-001  1.020716e-001
    outer loop
      vertex  1.418018e+000  1.437931e-002  5.396318e-001
      vertex  1.418004e+000  1.394330e-002  5.436817e-001
      vertex  1.425668e+000  1.165489e-002  5.396903e-001
    endloop
  endfacet
  facet normal  3.330347e-001  9.373733e-001  1.020742e-001
    outer loop
      vertex  1.425668e+000  1.165489e-002  5.396903e-001
      vertex  1.418004e+000  1.394330e-002  5.436817e-001
      vertex  1.425656e+000  1.128809e-002  5.430973e-001
    endloop
  endfacet
  facet normal  4.443743e-001  8.905287e-001  9.741792e-002
    outer loop
      vertex  1.425668e+000  1.165489e-002  5.396903e-001
      vertex  1.425656e+000  1.128809e-002  5.430973e-001
      vertex  1.431859e+000  8.558081e-003  5.397586e-001
    endloop
  endfacet
  facet normal  4.443698e-001  8.905321e-001  9.740685e-002
    outer loop
      vertex  1.431859e+000  8.558081e-003  5.397586e-001
      vertex  1.425656e+000  1.128809e-002  5.430973e-001
      vertex  1.431850e+000  8.272207e-003  5.424139e-001
    endloop
  endfacet
  facet normal  5.932753e-001  8.001544e-001  8.819020e-002
    outer loop
      vertex  1.431859e+000  8.558081e-003  5.397586e-001
      vertex  1.431850e+000  8.272207e-003  5.424139e-001
      vertex  1.436393e+000  5.187827e-003  5.398347e-001
    endloop
  endfacet
  facet normal  5.932825e-001  8.001464e-001  8.821253e-002
    outer loop
      vertex  1.436393e+000  5.187827e-003  5.398347e-001
      vertex  1.431850e+000  8.272207e-003  5.424139e-001
      vertex  1.436387e+000  4.992014e-003  5.416535e-001
    endloop
  endfacet
  facet normal  7.405421e-001  6.678692e-001  7.448579e-002
    outer loop
      vertex  1.436393e+000  5.187827e-003  5.398347e-001
      vertex  1.436387e+000  4.992014e-003  5.416535e-001
      vertex  1.438103e+000  3.287352e-003  5.398782e-001
    endloop
  endfacet
  facet normal  7.405611e-001  6.678433e-001  7.452913e-002
    outer loop
      vertex  1.438103e+000  3.287352e-003  5.398782e-001
      vertex  1.436387e+000  4.992014e-003  5.416535e-001
      vertex  1.438098e+000  3.143089e-003  5.412182e-001
    endloop
  endfacet
  facet normal  8.542886e-001  5.164810e-001  5.863794e-002
    outer loop
      vertex  1.438103e+000  3.287352e-003  5.398782e-001
      vertex  1.438098e+000  3.143089e-003  5.412182e-001
      vertex  1.439268e+000  1.356048e-003  5.399229e-001
    endloop
  endfacet
  facet normal  8.542671e-001  5.165257e-001  5.855691e-002
    outer loop
      vertex  1.439268e+000  1.356048e-003  5.399229e-001
      vertex  1.438098e+000  3.143089e-003  5.412182e-001
      vertex  1.439265e+000  1.264686e-003  5.407715e-001
    endloop
  endfacet
  facet normal  9.472385e-001  3.183236e-001  3.753996e-002
    outer loop
      vertex  1.439268e+000  1.356048e-003  5.399229e-001
      vertex  1.439265e+000  1.264686e-003  5.407715e-001
      vertex  1.439820e+000 -2.914474e-004  5.399613e-001
    endloop
  endfacet
  facet normal  9.472376e-001  3.183274e-001  3.753204e-002
    outer loop
      vertex  1.439820e+000 -2.914474e-004  5.399613e-001
      vertex  1.439265e+000  1.264686e-003  5.407715e-001
      vertex  1.439818e+000 -3.372826e-004  5.403870e-001
    endloop
  endfacet
  facet normal -2.440117e-003  8.236560e-001  5.670844e-001
    outer loop
      vertex  1.367764e+000  1.755201e-002  5.493680e-001
      vertex  1.377779e+000  1.453664e-002  5.537907e-001
      vertex  1.382975e+000  1.745054e-002  5.495808e-001
    endloop
  endfacet
  facet normal  5.531025e-002  7.877484e-001  6.135089e-001
    outer loop
      vertex  1.382975e+000  1.745054e-002  5.495808e-001
      vertex  1.377779e+000  1.453664e-002  5.537907e-001
      vertex  1.393802e+000  1.367049e-002  5.534583e-001
    endloop
  endfacet
  facet normal  8.252086e-002  8.189306e-001  5.679288e-001
    outer loop
      vertex  1.382975e+000  1.745054e-002  5.495808e-001
      vertex  1.393802e+000  1.367049e-002  5.534583e-001
      vertex  1.397994e+000  1.621958e-002  5.491735e-001
    endloop
  endfacet
  facet normal  1.245925e-001  7.943929e-001  5.944885e-001
    outer loop
      vertex  1.393802e+000  1.367049e-002  5.534583e-001
      vertex  1.401511e+000  1.286119e-002  5.529241e-001
      vertex  1.397994e+000  1.621958e-002  5.491735e-001
    endloop
  endfacet
  facet normal  6.124574e-001  6.492620e-001  4.509486e-001
    outer loop
      vertex  1.432608e+000  6.876700e-003  5.446826e-001
      vertex  1.436309e+000  3.268799e-003  5.448504e-001
      vertex  1.436722e+000  4.026453e-003  5.431989e-001
    endloop
  endfacet
  facet normal  7.359086e-001  5.266345e-001  4.255522e-001
    outer loop
      vertex  1.436722e+000  4.026453e-003  5.431989e-001
      vertex  1.436309e+000  3.268799e-003  5.448504e-001
      vertex  1.438042e+000  1.876745e-003  5.435766e-001
    endloop
  endfacet
  facet normal  8.044229e-001  5.381389e-001  2.516155e-001
    outer loop
      vertex  1.436722e+000  4.026453e-003  5.431989e-001
      vertex  1.438042e+000  1.876745e-003  5.435766e-001
      vertex  1.439200e+000  1.060030e-003  5.416229e-001
    endloop
  endfacet
  facet normal  9.949816e-001  7.786737e-002  6.283500e-002
    outer loop
      vertex  1.439969e+000 -1.936979e-003  5.400000e-001
      vertex  1.439800e+000 -4.400644e-004  5.408144e-001
      vertex  1.439803e+000 -7.374694e-004  5.411385e-001
    endloop
  endfacet
  facet normal  9.942698e-001  4.567286e-002  9.665141e-002
    outer loop
      vertex  1.439969e+000 -1.936979e-003  5.400000e-001
      vertex  1.439803e+000 -7.374694e-004  5.411385e-001
      vertex  1.439792e+000 -1.072626e-003  5.414087e-001
    endloop
  endfacet
  facet normal  9.933794e-001  1.812878e-002  1.134411e-001
    outer loop
      vertex  1.439969e+000 -1.936979e-003  5.400000e-001
      vertex  1.439792e+000 -1.072626e-003  5.414087e-001
      vertex  1.439780e+000 -1.466237e-003  5.415827e-001
    endloop
  endfacet
  facet normal  9.923829e-001 -1.280771e-002  1.225234e-001
    outer loop
      vertex  1.439969e+000 -1.936979e-003  5.400000e-001
      vertex  1.439780e+000 -1.466237e-003  5.415827e-001
      vertex  1.439766e+000 -1.891479e-003  5.416490e-001
    endloop
  endfacet
  facet normal  9.913255e-001 -4.551829e-002  1.232957e-001
    outer loop
      vertex  1.439969e+000 -1.936979e-003  5.400000e-001
      vertex  1.439766e+000 -1.891479e-003  5.416490e-001
      vertex  1.439752e+000 -2.319372e-003  5.416029e-001
    endloop
  endfacet
  facet normal  9.903149e-001 -7.672373e-002  1.157145e-001
    outer loop
      vertex  1.439969e+000 -1.936979e-003  5.400000e-001
      vertex  1.439752e+000 -2.319372e-003  5.416029e-001
      vertex  1.439739e+000 -2.720756e-003  5.414475e-001
    endloop
  endfacet
  facet normal  9.893967e-001 -1.051731e-001  1.001644e-001
    outer loop
      vertex  1.439969e+000 -1.936979e-003  5.400000e-001
      vertex  1.439739e+000 -2.720756e-003  5.414475e-001
      vertex  1.439728e+000 -3.068277e-003  5.411935e-001
    endloop
  endfacet
  facet normal  9.886451e-001 -1.284991e-001  7.790300e-002
    outer loop
      vertex  1.439969e+000 -1.936979e-003  5.400000e-001
      vertex  1.439728e+000 -3.068277e-003  5.411935e-001
      vertex  1.439719e+000 -3.338252e-003  5.408583e-001
    endloop
  endfacet
  facet normal  9.881014e-001 -1.453953e-001  5.015710e-002
    outer loop
      vertex  1.439969e+000 -1.936979e-003  5.400000e-001
      vertex  1.439719e+000 -3.338252e-003  5.408583e-001
      vertex  1.439713e+000 -3.512283e-003  5.404644e-001
    endloop
  endfacet
  facet normal  9.878040e-001 -1.545440e-001  1.895682e-002
    outer loop
      vertex  1.439969e+000 -1.936979e-003  5.400000e-001
      vertex  1.439713e+000 -3.512283e-003  5.404644e-001
      vertex  1.439711e+000 -3.578510e-003  5.400389e-001
    endloop
  endfacet
  facet normal  9.877763e-001 -1.553058e-001 -1.333880e-002
    outer loop
      vertex  1.439969e+000 -1.936979e-003  5.400000e-001
      vertex  1.439711e+000 -3.578510e-003  5.400389e-001
      vertex  1.439713e+000 -3.532420e-003  5.396108e-001
    endloop
  endfacet
  facet normal  9.880410e-001 -1.483276e-001 -4.211719e-002
    outer loop
      vertex  1.439969e+000 -1.936979e-003  5.400000e-001
      vertex  1.439713e+000 -3.532420e-003  5.396108e-001
      vertex  1.439720e+000 -3.369217e-003  5.392136e-001
    endloop
  endfacet
  facet normal -5.155712e-001 -8.488768e-001  1.165948e-001
    outer loop
      vertex  1.325692e+000 -6.929447e-003  5.400000e-001
      vertex  1.331107e+000 -1.018050e-002  5.402774e-001
      vertex  1.325763e+000 -6.648167e-003  5.423642e-001
    endloop
  endfacet
  facet normal -5.091888e-001 -8.500208e-001  1.348755e-001
    outer loop
      vertex  1.325763e+000 -6.648167e-003  5.423642e-001
      vertex  1.331107e+000 -1.018050e-002  5.402774e-001
      vertex  1.331123e+000 -9.708453e-003  5.433100e-001
    endloop
  endfacet
  facet normal -5.108160e-001 -7.891623e-001  3.410130e-001
    outer loop
      vertex  1.325763e+000 -6.648167e-003  5.423642e-001
      vertex  1.331123e+000 -9.708453e-003  5.433100e-001
      vertex  1.325974e+000 -5.822773e-003  5.445896e-001
    endloop
  endfacet
  facet normal -5.054250e-001 -7.865555e-001  3.547902e-001
    outer loop
      vertex  1.325974e+000 -5.822773e-003  5.445896e-001
      vertex  1.331123e+000 -9.708453e-003  5.433100e-001
      vertex  1.331163e+000 -8.468002e-003  5.461171e-001
    endloop
  endfacet
  facet normal -5.020220e-001 -6.664904e-001  5.511482e-001
    outer loop
      vertex  1.325974e+000 -5.822773e-003  5.445896e-001
      vertex  1.331163e+000 -8.468002e-003  5.461171e-001
      vertex  1.326360e+000 -4.314419e-003  5.467651e-001
    endloop
  endfacet
  facet normal -5.025868e-001 -6.669722e-001  5.500497e-001
    outer loop
      vertex  1.326360e+000 -4.314419e-003  5.467651e-001
      vertex  1.331163e+000 -8.468002e-003  5.461171e-001
      vertex  1.331225e+000 -6.543684e-003  5.485072e-001
    endloop
  endfacet
  facet normal -4.835597e-001 -4.868255e-001  7.274414e-001
    outer loop
      vertex  1.326360e+000 -4.314419e-003  5.467651e-001
      vertex  1.331225e+000 -6.543684e-003  5.485072e-001
      vertex  1.326880e+000 -2.296963e-003  5.484607e-001
    endloop
  endfacet
  facet normal -4.975293e-001 -5.013341e-001  7.079044e-001
    outer loop
      vertex  1.326880e+000 -2.296963e-003  5.484607e-001
      vertex  1.331225e+000 -6.543684e-003  5.485072e-001
      vertex  1.331305e+000 -4.066639e-003  5.503176e-001
    endloop
  endfacet
  facet normal -4.631550e-001 -2.736377e-001  8.429767e-001
    outer loop
      vertex  1.326880e+000 -2.296963e-003  5.484607e-001
      vertex  1.331305e+000 -4.066639e-003  5.503176e-001
      vertex  1.327477e+000  5.274796e-006  5.495362e-001
    endloop
  endfacet
  facet normal -4.877927e-001 -3.013436e-001  8.192986e-001
    outer loop
      vertex  1.327477e+000  5.274796e-006  5.495362e-001
      vertex  1.331305e+000 -4.066639e-003  5.503176e-001
      vertex  1.331397e+000 -1.205673e-003  5.514250e-001
    endloop
  endfacet
  facet normal -4.447143e-001 -4.448054e-002  8.945673e-001
    outer loop
      vertex  1.327477e+000  5.274796e-006  5.495362e-001
      vertex  1.331397e+000 -1.205673e-003  5.514250e-001
      vertex  1.328136e+000  2.521656e-003  5.499888e-001
    endloop
  endfacet
  facet normal -4.759662e-001 -7.901862e-002  8.759065e-001
    outer loop
      vertex  1.328136e+000  2.521656e-003  5.499888e-001
      vertex  1.331397e+000 -1.205673e-003  5.514250e-001
      vertex  1.331496e+000  1.844244e-003  5.517536e-001
    endloop
  endfacet
  facet normal -4.241365e-001  1.982207e-001  8.836384e-001
    outer loop
      vertex  1.328136e+000  2.521656e-003  5.499888e-001
      vertex  1.331496e+000  1.844244e-003  5.517536e-001
      vertex  1.328883e+000  5.349688e-003  5.497132e-001
    endloop
  endfacet
  facet normal -4.752009e-001  1.504315e-001  8.669223e-001
    outer loop
      vertex  1.328883e+000  5.349688e-003  5.497132e-001
      vertex  1.331496e+000  1.844244e-003  5.517536e-001
      vertex  1.331594e+000  4.875266e-003  5.512813e-001
    endloop
  endfacet
  facet normal -3.916847e-001  4.375231e-001  8.094175e-001
    outer loop
      vertex  1.328883e+000  5.349688e-003  5.497132e-001
      vertex  1.331594e+000  4.875266e-003  5.512813e-001
      vertex  1.329603e+000  8.043643e-003  5.486053e-001
    endloop
  endfacet
  facet normal -4.837205e-001  3.671034e-001  7.945122e-001
    outer loop
      vertex  1.329603e+000  8.043643e-003  5.486053e-001
      vertex  1.331594e+000  4.875266e-003  5.512813e-001
      vertex  1.331684e+000  7.680831e-003  5.500402e-001
    endloop
  endfacet
  facet normal -3.649750e-001  6.272252e-001  6.880276e-001
    outer loop
      vertex  1.329603e+000  8.043643e-003  5.486053e-001
      vertex  1.331684e+000  7.680831e-003  5.500402e-001
      vertex  1.330099e+000  9.882567e-003  5.471918e-001
    endloop
  endfacet
  facet normal -4.468390e-001  5.700896e-001  6.894438e-001
    outer loop
      vertex  1.330099e+000  9.882567e-003  5.471918e-001
      vertex  1.331684e+000  7.680831e-003  5.500402e-001
      vertex  1.331761e+000  1.006975e-002  5.481149e-001
    endloop
  endfacet
  facet normal -3.792063e-001  7.589815e-001  5.292916e-001
    outer loop
      vertex  1.330099e+000  9.882567e-003  5.471918e-001
      vertex  1.331761e+000  1.006975e-002  5.481149e-001
      vertex  1.330504e+000  1.137712e-002  5.453392e-001
    endloop
  endfacet
  facet normal -5.076981e-001 -8.548505e-001 -1.071126e-001
    outer loop
      vertex  1.325692e+000 -6.929447e-003  5.400000e-001
      vertex  1.325752e+000 -6.693470e-003  5.378321e-001
      vertex  1.331107e+000 -1.018050e-002  5.402774e-001
    endloop
  endfacet
  facet normal -5.128637e-001 -8.533462e-001 -9.365471e-002
    outer loop
      vertex  1.331107e+000 -1.018050e-002  5.402774e-001
      vertex  1.325752e+000 -6.693470e-003  5.378321e-001
      vertex  1.331118e+000 -9.851983e-003  5.372259e-001
    endloop
  endfacet
  facet normal -3.835992e-001 -9.180509e-001 -1.001708e-001
    outer loop
      vertex  1.331107e+000 -1.018050e-002  5.402774e-001
      vertex  1.331118e+000 -9.851983e-003  5.372259e-001
      vertex  1.338094e+000 -1.310678e-002  5.403411e-001
    endloop
  endfacet
  facet normal -3.835987e-001 -9.180511e-001 -1.001719e-001
    outer loop
      vertex  1.338094e+000 -1.310678e-002  5.403411e-001
      vertex  1.331118e+000 -9.851983e-003  5.372259e-001
      vertex  1.338107e+000 -1.270282e-002  5.365889e-001
    endloop
  endfacet
  facet normal -2.857214e-001 -9.527005e-001 -1.035615e-001
    outer loop
      vertex  1.338094e+000 -1.310678e-002  5.403411e-001
      vertex  1.338107e+000 -1.270282e-002  5.365889e-001
      vertex  1.346428e+000 -1.561182e-002  5.403939e-001
    endloop
  endfacet
  facet normal -2.857199e-001 -9.527006e-001 -1.035648e-001
    outer loop
      vertex  1.346428e+000 -1.561182e-002  5.403939e-001
      vertex  1.338107e+000 -1.270282e-002  5.365889e-001
      vertex  1.346443e+000 -1.514540e-002  5.360614e-001
    endloop
  endfacet
  facet normal -2.157340e-001 -9.707617e-001 -1.052647e-001
    outer loop
      vertex  1.346428e+000 -1.561182e-002  5.403939e-001
      vertex  1.346443e+000 -1.514540e-002  5.360614e-001
      vertex  1.353402e+000 -1.716515e-002  5.404252e-001
    endloop
  endfacet
  facet normal -2.157376e-001 -9.707615e-001 -1.052589e-001
    outer loop
      vertex  1.353402e+000 -1.716515e-002  5.404252e-001
      vertex  1.346443e+000 -1.514540e-002  5.360614e-001
      vertex  1.353418e+000 -1.666162e-002  5.357481e-001
    endloop
  endfacet
  facet normal -1.631465e-001 -9.808732e-001 -1.061649e-001
    outer loop
      vertex  1.353402e+000 -1.716515e-002  5.404252e-001
      vertex  1.353418e+000 -1.666162e-002  5.357481e-001
      vertex  1.360858e+000 -1.840780e-002  5.404489e-001
    endloop
  endfacet
  facet normal -1.631451e-001 -9.808731e-001 -1.061672e-001
    outer loop
      vertex  1.360858e+000 -1.840780e-002  5.404489e-001
      vertex  1.353418e+000 -1.666162e-002  5.357481e-001
      vertex  1.360875e+000 -1.787628e-002  5.355118e-001
    endloop
  endfacet
  facet normal -9.185746e-002 -9.900172e-001 -1.069031e-001
    outer loop
      vertex  1.360858e+000 -1.840780e-002  5.404489e-001
      vertex  1.360875e+000 -1.787628e-002  5.355118e-001
      vertex  1.376667e+000 -1.987712e-002  5.404714e-001
    endloop
  endfacet
  facet normal -9.185712e-002 -9.900171e-001 -1.069041e-001
    outer loop
      vertex  1.376667e+000 -1.987712e-002  5.404714e-001
      vertex  1.360875e+000 -1.787628e-002  5.355118e-001
      vertex  1.376686e+000 -1.931882e-002  5.352857e-001
    endloop
  endfacet
  facet normal -2.353769e-003 -9.942510e-001 -1.070481e-001
    outer loop
      vertex  1.376667e+000 -1.987712e-002  5.404714e-001
      vertex  1.376686e+000 -1.931882e-002  5.352857e-001
      vertex  1.392717e+000 -1.991389e-002  5.404601e-001
    endloop
  endfacet
  facet normal -2.353592e-003 -9.942510e-001 -1.070487e-001
    outer loop
      vertex  1.392717e+000 -1.991389e-002  5.404601e-001
      vertex  1.376686e+000 -1.931882e-002  5.352857e-001
      vertex  1.392735e+000 -1.936905e-002  5.353993e-001
    endloop
  endfacet
  facet normal  6.677566e-002 -9.920601e-001 -1.065727e-001
    outer loop
      vertex  1.392717e+000 -1.991389e-002  5.404601e-001
      vertex  1.392735e+000 -1.936905e-002  5.353993e-001
      vertex  1.400469e+000 -1.939015e-002  5.404419e-001
    endloop
  endfacet
  facet normal  6.677485e-002 -9.920602e-001 -1.065714e-001
    outer loop
      vertex  1.400469e+000 -1.939015e-002  5.404419e-001
      vertex  1.392735e+000 -1.936905e-002  5.353993e-001
      vertex  1.400486e+000 -1.886694e-002  5.355819e-001
    endloop
  endfacet
  facet normal  1.166415e-001 -9.875113e-001 -1.059076e-001
    outer loop
      vertex  1.400469e+000 -1.939015e-002  5.404419e-001
      vertex  1.400486e+000 -1.886694e-002  5.355819e-001
      vertex  1.407851e+000 -1.851546e-002  5.404156e-001
    endloop
  endfacet
  facet normal  1.166425e-001 -9.875109e-001 -1.059091e-001
    outer loop
      vertex  1.407851e+000 -1.851546e-002  5.404156e-001
      vertex  1.400486e+000 -1.886694e-002  5.355819e-001
      vertex  1.407866e+000 -1.802335e-002  5.358445e-001
    endloop
  endfacet
  facet normal  1.816783e-001 -9.777753e-001 -1.046352e-001
    outer loop
      vertex  1.407851e+000 -1.851546e-002  5.404156e-001
      vertex  1.407866e+000 -1.802335e-002  5.358445e-001
      vertex  1.416887e+000 -1.683153e-002  5.403690e-001
    endloop
  endfacet
  facet normal  1.816795e-001 -9.777748e-001 -1.046377e-001
    outer loop
      vertex  1.416887e+000 -1.683153e-002  5.403690e-001
      vertex  1.407866e+000 -1.802335e-002  5.358445e-001
      vertex  1.416901e+000 -1.639461e-002  5.363106e-001
    endloop
  endfacet
  facet normal  2.705427e-001 -9.572760e-001 -1.021235e-001
    outer loop
      vertex  1.416887e+000 -1.683153e-002  5.403690e-001
      vertex  1.416901e+000 -1.639461e-002  5.363106e-001
      vertex  1.424737e+000 -1.460665e-002  5.403105e-001
    endloop
  endfacet
  facet normal  2.705374e-001 -9.572788e-001 -1.021119e-001
    outer loop
      vertex  1.424737e+000 -1.460665e-002  5.403105e-001
      vertex  1.416901e+000 -1.639461e-002  5.363106e-001
      vertex  1.424749e+000 -1.423897e-002  5.368952e-001
    endloop
  endfacet
  facet normal  3.846236e-001 -9.179125e-001 -9.747412e-002
    outer loop
      vertex  1.424737e+000 -1.460665e-002  5.403105e-001
      vertex  1.424749e+000 -1.423897e-002  5.368952e-001
      vertex  1.431150e+000 -1.191233e-002  5.402421e-001
    endloop
  endfacet
  facet normal  3.846261e-001 -9.179109e-001 -9.748001e-002
    outer loop
      vertex  1.431150e+000 -1.191233e-002  5.402421e-001
      vertex  1.424749e+000 -1.423897e-002  5.368952e-001
      vertex  1.431159e+000 -1.162570e-002  5.375797e-001
    endloop
  endfacet
  facet normal  5.390877e-001 -8.376086e-001 -8.829661e-002
    outer loop
      vertex  1.431150e+000 -1.191233e-002  5.402421e-001
      vertex  1.431159e+000 -1.162570e-002  5.375797e-001
      vertex  1.435918e+000 -8.835160e-003  5.401658e-001
    endloop
  endfacet
  facet normal  5.390881e-001 -8.376083e-001 -8.829777e-002
    outer loop
      vertex  1.435918e+000 -8.835160e-003  5.401658e-001
      vertex  1.431159e+000 -1.162570e-002  5.375797e-001
      vertex  1.435925e+000 -8.638797e-003  5.383419e-001
    endloop
  endfacet
  facet normal  6.946392e-001 -7.154789e-001 -7.460843e-002
    outer loop
      vertex  1.435918e+000 -8.835160e-003  5.401658e-001
      vertex  1.435925e+000 -8.638797e-003  5.383419e-001
      vertex  1.437754e+000 -7.048509e-003  5.401223e-001
    endloop
  endfacet
  facet normal  6.946505e-001 -7.154653e-001 -7.463215e-002
    outer loop
      vertex  1.437754e+000 -7.048509e-003  5.401223e-001
      vertex  1.435925e+000 -8.638797e-003  5.383419e-001
      vertex  1.437758e+000 -6.903714e-003  5.387774e-001
    endloop
  endfacet
  facet normal  8.179584e-001 -5.722654e-001 -5.878974e-002
    outer loop
      vertex  1.437754e+000 -7.048509e-003  5.401223e-001
      vertex  1.437758e+000 -6.903714e-003  5.387774e-001
      vertex  1.439047e+000 -5.195660e-003  5.400776e-001
    endloop
  endfacet
  facet normal  8.179613e-001 -5.722604e-001 -5.879910e-002
    outer loop
      vertex  1.439047e+000 -5.195660e-003  5.400776e-001
      vertex  1.437758e+000 -6.903714e-003  5.387774e-001
      vertex  1.439050e+000 -5.103793e-003  5.392243e-001
    endloop
  endfacet
  facet normal  9.240173e-001 -3.804786e-001 -3.778850e-002
    outer loop
      vertex  1.439047e+000 -5.195660e-003  5.400776e-001
      vertex  1.439050e+000 -5.103793e-003  5.392243e-001
      vertex  1.439711e+000 -3.578510e-003  5.400389e-001
    endloop
  endfacet
  facet normal  9.240184e-001 -3.804752e-001 -3.779577e-002
    outer loop
      vertex  1.439711e+000 -3.578510e-003  5.400389e-001
      vertex  1.439050e+000 -5.103793e-003  5.392243e-001
      vertex  1.439713e+000 -3.532420e-003  5.396108e-001
    endloop
  endfacet
  facet normal -5.076863e-001 -8.022463e-001 -3.140948e-001
    outer loop
      vertex  1.325752e+000 -6.693470e-003  5.378321e-001
      vertex  1.325929e+000 -5.998572e-003  5.357711e-001
      vertex  1.331118e+000 -9.851983e-003  5.372259e-001
    endloop
  endfacet
  facet normal -5.040761e-001 -8.008624e-001 -3.233060e-001
    outer loop
      vertex  1.331118e+000 -9.851983e-003  5.372259e-001
      vertex  1.325929e+000 -5.998572e-003  5.357711e-001
      vertex  1.331411e+000 -8.857839e-003  5.343065e-001
    endloop
  endfacet
  facet normal -3.820466e-001 -8.624370e-001 -3.320282e-001
    outer loop
      vertex  1.331118e+000 -9.851983e-003  5.372259e-001
      vertex  1.331411e+000 -8.857839e-003  5.343065e-001
      vertex  1.338107e+000 -1.270282e-002  5.365889e-001
    endloop
  endfacet
  facet normal -3.775057e-001 -8.605019e-001 -3.420904e-001
    outer loop
      vertex  1.338107e+000 -1.270282e-002  5.365889e-001
      vertex  1.331411e+000 -8.857839e-003  5.343065e-001
      vertex  1.338446e+000 -1.143409e-002  5.330240e-001
    endloop
  endfacet
  facet normal -2.839622e-001 -8.944988e-001 -3.453075e-001
    outer loop
      vertex  1.338107e+000 -1.270282e-002  5.365889e-001
      vertex  1.338446e+000 -1.143409e-002  5.330240e-001
      vertex  1.346443e+000 -1.514540e-002  5.360614e-001
    endloop
  endfacet
  facet normal -2.806861e-001 -8.929210e-001 -3.520050e-001
    outer loop
      vertex  1.346443e+000 -1.514540e-002  5.360614e-001
      vertex  1.338446e+000 -1.143409e-002  5.330240e-001
      vertex  1.346808e+000 -1.364499e-002  5.319642e-001
    endloop
  endfacet
  facet normal -2.138561e-001 -9.109848e-001 -3.526646e-001
    outer loop
      vertex  1.346443e+000 -1.514540e-002  5.360614e-001
      vertex  1.346808e+000 -1.364499e-002  5.319642e-001
      vertex  1.353418e+000 -1.666162e-002  5.357481e-001
    endloop
  endfacet
  facet normal -2.112928e-001 -9.101108e-001 -3.564458e-001
    outer loop
      vertex  1.353418e+000 -1.666162e-002  5.357481e-001
      vertex  1.346808e+000 -1.364499e-002  5.319642e-001
      vertex  1.353792e+000 -1.502042e-002  5.313364e-001
    endloop
  endfacet
  facet normal -1.612226e-001 -9.204518e-001 -3.560562e-001
    outer loop
      vertex  1.353418e+000 -1.666162e-002  5.357481e-001
      vertex  1.353792e+000 -1.502042e-002  5.313364e-001
      vertex  1.360875e+000 -1.787628e-002  5.355118e-001
    endloop
  endfacet
  facet normal -1.590570e-001 -9.196213e-001 -3.591619e-001
    outer loop
      vertex  1.360875e+000 -1.787628e-002  5.355118e-001
      vertex  1.353792e+000 -1.502042e-002  5.313364e-001
      vertex  1.361247e+000 -1.612558e-002  5.308645e-001
    endloop
  endfacet
  facet normal -8.992873e-002 -9.296142e-001 -3.573937e-001
    outer loop
      vertex  1.360875e+000 -1.787628e-002  5.355118e-001
      vertex  1.361247e+000 -1.612558e-002  5.308645e-001
      vertex  1.376686e+000 -1.931882e-002  5.352857e-001
    endloop
  endfacet
  facet normal -8.812919e-002 -9.278464e-001 -3.624008e-001
    outer loop
      vertex  1.376686e+000 -1.931882e-002  5.352857e-001
      vertex  1.361247e+000 -1.612558e-002  5.308645e-001
      vertex  1.377030e+000 -1.745074e-002  5.304192e-001
    endloop
  endfacet
  facet normal -3.838621e-004 -9.335698e-001 -3.583954e-001
    outer loop
      vertex  1.376686e+000 -1.931882e-002  5.352857e-001
      vertex  1.377030e+000 -1.745074e-002  5.304192e-001
      vertex  1.392735e+000 -1.936905e-002  5.353993e-001
    endloop
  endfacet
  facet normal  1.109839e-003 -9.319848e-001 -3.624955e-001
    outer loop
      vertex  1.392735e+000 -1.936905e-002  5.353993e-001
      vertex  1.377030e+000 -1.745074e-002  5.304192e-001
      vertex  1.393025e+000 -1.752554e-002  5.306605e-001
    endloop
  endfacet
  facet normal  6.875511e-002 -9.311723e-001 -3.580374e-001
    outer loop
      vertex  1.392735e+000 -1.936905e-002  5.353993e-001
      vertex  1.393025e+000 -1.752554e-002  5.306605e-001
      vertex  1.400486e+000 -1.886694e-002  5.355819e-001
    endloop
  endfacet
  facet normal  7.011293e-002 -9.303623e-001 -3.598751e-001
    outer loop
      vertex  1.400486e+000 -1.886694e-002  5.355819e-001
      vertex  1.393025e+000 -1.752554e-002  5.306605e-001
      vertex  1.400743e+000 -1.708881e-002  5.310351e-001
    endloop
  endfacet
  facet normal  1.186167e-001 -9.269958e-001 -3.558214e-001
    outer loop
      vertex  1.400486e+000 -1.886694e-002  5.355819e-001
      vertex  1.400743e+000 -1.708881e-002  5.310351e-001
      vertex  1.407866e+000 -1.802335e-002  5.358445e-001
    endloop
  endfacet
  facet normal  1.199381e-001 -9.261366e-001 -3.576117e-001
    outer loop
      vertex  1.407866e+000 -1.802335e-002  5.358445e-001
      vertex  1.400743e+000 -1.708881e-002  5.310351e-001
      vertex  1.408087e+000 -1.634460e-002  5.315710e-001
    endloop
  endfacet
  facet normal  1.836440e-001 -9.181240e-001 -3.511741e-001
    outer loop
      vertex  1.407866e+000 -1.802335e-002  5.358445e-001
      vertex  1.408087e+000 -1.634460e-002  5.315710e-001
      vertex  1.416901e+000 -1.639461e-002  5.363106e-001
    endloop
  endfacet
  facet normal  1.849592e-001 -9.169253e-001 -3.536072e-001
    outer loop
      vertex  1.416901e+000 -1.639461e-002  5.363106e-001
      vertex  1.408087e+000 -1.634460e-002  5.315710e-001
      vertex  1.417072e+000 -1.489791e-002  5.325193e-001
    endloop
  endfacet
  facet normal  2.724731e-001 -8.990986e-001 -3.426079e-001
    outer loop
      vertex  1.416901e+000 -1.639461e-002  5.363106e-001
      vertex  1.417072e+000 -1.489791e-002  5.325193e-001
      vertex  1.424749e+000 -1.423897e-002  5.368952e-001
    endloop
  endfacet
  facet normal  2.738158e-001 -8.977085e-001 -3.451729e-001
    outer loop
      vertex  1.424749e+000 -1.423897e-002  5.368952e-001
      vertex  1.417072e+000 -1.489791e-002  5.325193e-001
      vertex  1.424873e+000 -1.297521e-002  5.337067e-001
    endloop
  endfacet
  facet normal  3.865006e-001 -8.624417e-001 -3.268206e-001
    outer loop
      vertex  1.424749e+000 -1.423897e-002  5.368952e-001
      vertex  1.424873e+000 -1.297521e-002  5.337067e-001
      vertex  1.431159e+000 -1.162570e-002  5.375797e-001
    endloop
  endfacet
  facet normal  3.878875e-001 -8.607339e-001 -3.296668e-001
    outer loop
      vertex  1.431159e+000 -1.162570e-002  5.375797e-001
      vertex  1.424873e+000 -1.297521e-002  5.337067e-001
      vertex  1.431239e+000 -1.063793e-002  5.350952e-001
    endloop
  endfacet
  facet normal  5.408264e-001 -7.874821e-001 -2.955992e-001
    outer loop
      vertex  1.431159e+000 -1.162570e-002  5.375797e-001
      vertex  1.431239e+000 -1.063793e-002  5.350952e-001
      vertex  1.435925e+000 -8.638797e-003  5.383419e-001
    endloop
  endfacet
  facet normal  5.421846e-001 -7.852975e-001 -2.989043e-001
    outer loop
      vertex  1.435925e+000 -8.638797e-003  5.383419e-001
      vertex  1.431239e+000 -1.063793e-002  5.350952e-001
      vertex  1.435969e+000 -7.960747e-003  5.366404e-001
    endloop
  endfacet
  facet normal  6.961058e-001 -6.729512e-001 -2.501470e-001
    outer loop
      vertex  1.435925e+000 -8.638797e-003  5.383419e-001
      vertex  1.435969e+000 -7.960747e-003  5.366404e-001
      vertex  1.437758e+000 -6.903714e-003  5.387774e-001
    endloop
  endfacet
  facet normal  6.974325e-001 -6.707531e-001 -2.523454e-001
    outer loop
      vertex  1.437758e+000 -6.903714e-003  5.387774e-001
      vertex  1.435969e+000 -7.960747e-003  5.366404e-001
      vertex  1.437790e+000 -6.399760e-003  5.375249e-001
    endloop
  endfacet
  facet normal  8.191383e-001 -5.389742e-001 -1.962630e-001
    outer loop
      vertex  1.437758e+000 -6.903714e-003  5.387774e-001
      vertex  1.437790e+000 -6.399760e-003  5.375249e-001
      vertex  1.439050e+000 -5.103793e-003  5.392243e-001
    endloop
  endfacet
  facet normal  8.204348e-001 -5.357310e-001 -1.996975e-001
    outer loop
      vertex  1.439050e+000 -5.103793e-003  5.392243e-001
      vertex  1.437790e+000 -6.399760e-003  5.375249e-001
      vertex  1.439069e+000 -4.778753e-003  5.384325e-001
    endloop
  endfacet
  facet normal  9.248016e-001 -3.594184e-001 -1.247404e-001
    outer loop
      vertex  1.439050e+000 -5.103793e-003  5.392243e-001
      vertex  1.439069e+000 -4.778753e-003  5.384325e-001
      vertex  1.439713e+000 -3.532420e-003  5.396108e-001
    endloop
  endfacet
  facet normal  9.255506e-001 -3.560897e-001 -1.286703e-001
    outer loop
      vertex  1.439713e+000 -3.532420e-003  5.396108e-001
      vertex  1.439069e+000 -4.778753e-003  5.384325e-001
      vertex  1.439720e+000 -3.369217e-003  5.392136e-001
    endloop
  endfacet
  facet normal -3.743552e-001  7.619433e-001  5.284889e-001
    outer loop
      vertex  1.330504e+000  1.137712e-002  5.453392e-001
      vertex  1.331761e+000  1.006975e-002  5.481149e-001
      vertex  1.334938e+000  1.291803e-002  5.462587e-001
    endloop
  endfacet
  facet normal -3.311033e-001  7.459116e-001  5.779157e-001
    outer loop
      vertex  1.334938e+000  1.291803e-002  5.462587e-001
      vertex  1.331761e+000  1.006975e-002  5.481149e-001
      vertex  1.338899e+000  1.179391e-002  5.499785e-001
    endloop
  endfacet
  facet normal -2.970473e-001  7.793143e-001  5.517535e-001
    outer loop
      vertex  1.334938e+000  1.291803e-002  5.462587e-001
      vertex  1.338899e+000  1.179391e-002  5.499785e-001
      vertex  1.340028e+000  1.427121e-002  5.470874e-001
    endloop
  endfacet
  facet normal -2.286143e-001  7.815716e-001  5.804148e-001
    outer loop
      vertex  1.340028e+000  1.427121e-002  5.470874e-001
      vertex  1.338899e+000  1.179391e-002  5.499785e-001
      vertex  1.346383e+000  1.553457e-002  5.478893e-001
    endloop
  endfacet
  facet normal -2.299566e-001  7.829335e-001  5.780442e-001
    outer loop
      vertex  1.346383e+000  1.553457e-002  5.478893e-001
      vertex  1.338899e+000  1.179391e-002  5.499785e-001
      vertex  1.347357e+000  1.313904e-002  5.515213e-001
    endloop
  endfacet
  facet normal -1.675210e-001  8.017431e-001  5.737112e-001
    outer loop
      vertex  1.346383e+000  1.553457e-002  5.478893e-001
      vertex  1.347357e+000  1.313904e-002  5.515213e-001
      vertex  1.353345e+000  1.651742e-002  5.485488e-001
    endloop
  endfacet
  facet normal -1.588136e-001  7.957461e-001  5.844368e-001
    outer loop
      vertex  1.353345e+000  1.651742e-002  5.485488e-001
      vertex  1.347357e+000  1.313904e-002  5.515213e-001
      vertex  1.354405e+000  1.387263e-002  5.524378e-001
    endloop
  endfacet
  facet normal -9.101780e-002  8.117613e-001  5.768529e-001
    outer loop
      vertex  1.353345e+000  1.651742e-002  5.485488e-001
      vertex  1.354405e+000  1.387263e-002  5.524378e-001
      vertex  1.367764e+000  1.755201e-002  5.493680e-001
    endloop
  endfacet
  facet normal -1.036400e-001  8.315699e-001  5.456651e-001
    outer loop
      vertex  1.367764e+000  1.755201e-002  5.493680e-001
      vertex  1.354405e+000  1.387263e-002  5.524378e-001
      vertex  1.361916e+000  1.435513e-002  5.531291e-001
    endloop
  endfacet
  facet normal -3.467533e-002  7.874541e-001  6.153972e-001
    outer loop
      vertex  1.367764e+000  1.755201e-002  5.493680e-001
      vertex  1.361916e+000  1.435513e-002  5.531291e-001
      vertex  1.377779e+000  1.453664e-002  5.537907e-001
    endloop
  endfacet
  facet normal  1.737633e-001  8.090350e-001  5.614879e-001
    outer loop
      vertex  1.397994e+000  1.621958e-002  5.491735e-001
      vertex  1.401511e+000  1.286119e-002  5.529241e-001
      vertex  1.411848e+000  1.393880e-002  5.481725e-001
    endloop
  endfacet
  facet normal  1.741010e-001  8.085315e-001  5.621083e-001
    outer loop
      vertex  1.411848e+000  1.393880e-002  5.481725e-001
      vertex  1.401511e+000  1.286119e-002  5.529241e-001
      vertex  1.408830e+000  1.181911e-002  5.521560e-001
    endloop
  endfacet
  facet normal  2.518015e-001  7.622300e-001  5.963233e-001
    outer loop
      vertex  1.411848e+000  1.393880e-002  5.481725e-001
      vertex  1.408830e+000  1.181911e-002  5.521560e-001
      vertex  1.418255e+000  1.239384e-002  5.474419e-001
    endloop
  endfacet
  facet normal  2.384640e-001  7.845480e-001  5.723802e-001
    outer loop
      vertex  1.418255e+000  1.239384e-002  5.474419e-001
      vertex  1.408830e+000  1.181911e-002  5.521560e-001
      vertex  1.417756e+000  1.010074e-002  5.507926e-001
    endloop
  endfacet
  facet normal  3.178408e-001  7.597627e-001  5.672194e-001
    outer loop
      vertex  1.418255e+000  1.239384e-002  5.474419e-001
      vertex  1.417756e+000  1.010074e-002  5.507926e-001
      vertex  1.423997e+000  1.063354e-002  5.465820e-001
    endloop
  endfacet
  facet normal  3.263066e-001  7.477651e-001  5.782484e-001
    outer loop
      vertex  1.423997e+000  1.063354e-002  5.465820e-001
      vertex  1.417756e+000  1.010074e-002  5.507926e-001
      vertex  1.425469e+000  8.057730e-003  5.490823e-001
    endloop
  endfacet
  facet normal  3.933575e-001  7.461675e-001  5.371256e-001
    outer loop
      vertex  1.423997e+000  1.063354e-002  5.465820e-001
      vertex  1.425469e+000  8.057730e-003  5.490823e-001
      vertex  1.428671e+000  8.821982e-003  5.456754e-001
    endloop
  endfacet
  facet normal  4.722517e-001  6.542823e-001  5.906716e-001
    outer loop
      vertex  1.428671e+000  8.821982e-003  5.456754e-001
      vertex  1.425469e+000  8.057730e-003  5.490823e-001
      vertex  1.432608e+000  6.876700e-003  5.446826e-001
    endloop
  endfacet
  facet normal  4.362366e-001  7.423084e-001  5.086018e-001
    outer loop
      vertex  1.432608e+000  6.876700e-003  5.446826e-001
      vertex  1.425469e+000  8.057730e-003  5.490823e-001
      vertex  1.431720e+000  5.755757e-003  5.470802e-001
    endloop
  endfacet
  facet normal  5.880560e-001  6.270187e-001  5.109186e-001
    outer loop
      vertex  1.432608e+000  6.876700e-003  5.446826e-001
      vertex  1.431720e+000  5.755757e-003  5.470802e-001
      vertex  1.436309e+000  3.268799e-003  5.448504e-001
    endloop
  endfacet
  facet normal  9.447010e-001  2.456557e-001  2.172403e-001
    outer loop
      vertex  1.439803e+000 -7.374694e-004  5.411385e-001
      vertex  1.439800e+000 -4.400644e-004  5.408144e-001
      vertex  1.439230e+000  4.670649e-004  5.422692e-001
    endloop
  endfacet
  facet normal  9.419121e-001  2.683053e-001  2.020242e-001
    outer loop
      vertex  1.439230e+000  4.670649e-004  5.422692e-001
      vertex  1.439800e+000 -4.400644e-004  5.408144e-001
      vertex  1.439200e+000  1.060030e-003  5.416229e-001
    endloop
  endfacet
  facet normal  8.503072e-001  4.070504e-001  3.335978e-001
    outer loop
      vertex  1.439230e+000  4.670649e-004  5.422692e-001
      vertex  1.439200e+000  1.060030e-003  5.416229e-001
      vertex  1.438042e+000  1.876745e-003  5.435766e-001
    endloop
  endfacet
  facet normal -3.346339e-001  5.978674e-001  7.284056e-001
    outer loop
      vertex  1.331761e+000  1.006975e-002  5.481149e-001
      vertex  1.331684e+000  7.680831e-003  5.500402e-001
      vertex  1.338899e+000  1.179391e-002  5.499785e-001
    endloop
  endfacet
  facet normal -3.346321e-001  5.978642e-001  7.284091e-001
    outer loop
      vertex  1.338899e+000  1.179391e-002  5.499785e-001
      vertex  1.331684e+000  7.680831e-003  5.500402e-001
      vertex  1.338804e+000  8.856387e-003  5.523460e-001
    endloop
  endfacet
  facet normal -2.350974e-001  6.145170e-001  7.530591e-001
    outer loop
      vertex  1.338899e+000  1.179391e-002  5.499785e-001
      vertex  1.338804e+000  8.856387e-003  5.523460e-001
      vertex  1.347357e+000  1.313904e-002  5.515213e-001
    endloop
  endfacet
  facet normal -2.351017e-001  6.145242e-001  7.530519e-001
    outer loop
      vertex  1.347357e+000  1.313904e-002  5.515213e-001
      vertex  1.338804e+000  8.856387e-003  5.523460e-001
      vertex  1.347247e+000  9.747306e-003  5.542549e-001
    endloop
  endfacet
  facet normal -1.642838e-001  6.222054e-001  7.654223e-001
    outer loop
      vertex  1.347357e+000  1.313904e-002  5.515213e-001
      vertex  1.347247e+000  9.747306e-003  5.542549e-001
      vertex  1.354405e+000  1.387263e-002  5.524378e-001
    endloop
  endfacet
  facet normal -1.642799e-001  6.222007e-001  7.654269e-001
    outer loop
      vertex  1.354405e+000  1.387263e-002  5.524378e-001
      vertex  1.347247e+000  9.747306e-003  5.542549e-001
      vertex  1.354286e+000  1.021111e-002  5.553887e-001
    endloop
  endfacet
  facet normal -1.112548e-001  6.257951e-001  7.720122e-001
    outer loop
      vertex  1.354405e+000  1.387263e-002  5.524378e-001
      vertex  1.354286e+000  1.021111e-002  5.553887e-001
      vertex  1.361916e+000  1.435513e-002  5.531291e-001
    endloop
  endfacet
  facet normal -1.112513e-001  6.257909e-001  7.720162e-001
    outer loop
      vertex  1.361916e+000  1.435513e-002  5.531291e-001
      vertex  1.354286e+000  1.021111e-002  5.553887e-001
      vertex  1.361791e+000  1.049009e-002  5.562441e-001
    endloop
  endfacet
  facet normal -3.960345e-002  6.277941e-001  7.773713e-001
    outer loop
      vertex  1.361916e+000  1.435513e-002  5.531291e-001
      vertex  1.361791e+000  1.049009e-002  5.562441e-001
      vertex  1.377779e+000  1.453664e-002  5.537907e-001
    endloop
  endfacet
  facet normal -3.960233e-002  6.277912e-001  7.773737e-001
    outer loop
      vertex  1.377779e+000  1.453664e-002  5.537907e-001
      vertex  1.361791e+000  1.049009e-002  5.562441e-001
      vertex  1.377648e+000  1.047686e-002  5.570626e-001
    endloop
  endfacet
  facet normal  4.997407e-002  6.257439e-001  7.784261e-001
    outer loop
      vertex  1.377779e+000  1.453664e-002  5.537907e-001
      vertex  1.377648e+000  1.047686e-002  5.570626e-001
      vertex  1.393802e+000  1.367049e-002  5.534583e-001
    endloop
  endfacet
  facet normal  4.997110e-002  6.257520e-001  7.784199e-001
    outer loop
      vertex  1.393802e+000  1.367049e-002  5.534583e-001
      vertex  1.377648e+000  1.047686e-002  5.570626e-001
      vertex  1.393674e+000  9.708554e-003  5.566514e-001
    endloop
  endfacet
  facet normal  1.188668e-001  6.207359e-001  7.749564e-001
    outer loop
      vertex  1.393802e+000  1.367049e-002  5.534583e-001
      vertex  1.393674e+000  9.708554e-003  5.566514e-001
      vertex  1.401511e+000  1.286119e-002  5.529241e-001
    endloop
  endfacet
  facet normal  1.188707e-001  6.207307e-001  7.749601e-001
    outer loop
      vertex  1.401511e+000  1.286119e-002  5.529241e-001
      vertex  1.393674e+000  9.708554e-003  5.566514e-001
      vertex  1.401388e+000  9.056512e-003  5.559905e-001
    endloop
  endfacet
  facet normal  1.684137e-001  6.152436e-001  7.701378e-001
    outer loop
      vertex  1.401511e+000  1.286119e-002  5.529241e-001
      vertex  1.401388e+000  9.056512e-003  5.559905e-001
      vertex  1.408830e+000  1.181911e-002  5.521560e-001
    endloop
  endfacet
  facet normal  1.684082e-001  6.152514e-001  7.701328e-001
    outer loop
      vertex  1.408830e+000  1.181911e-002  5.521560e-001
      vertex  1.401388e+000  9.056512e-003  5.559905e-001
      vertex  1.408715e+000  8.240554e-003  5.550401e-001
    endloop
  endfacet
  facet normal  2.328240e-001  6.057022e-001  7.608665e-001
    outer loop
      vertex  1.408830e+000  1.181911e-002  5.521560e-001
      vertex  1.408715e+000  8.240554e-003  5.550401e-001
      vertex  1.417756e+000  1.010074e-002  5.507926e-001
    endloop
  endfacet
  facet normal  2.328248e-001  6.057007e-001  7.608674e-001
    outer loop
      vertex  1.417756e+000  1.010074e-002  5.507926e-001
      vertex  1.408715e+000  8.240554e-003  5.550401e-001
      vertex  1.417654e+000  6.923544e-003  5.533533e-001
    endloop
  endfacet
  facet normal  3.204582e-001  5.881251e-001  7.425736e-001
    outer loop
      vertex  1.417756e+000  1.010074e-002  5.507926e-001
      vertex  1.417654e+000  6.923544e-003  5.533533e-001
      vertex  1.425469e+000  8.057730e-003  5.490823e-001
    endloop
  endfacet
  facet normal  3.204583e-001  5.881248e-001  7.425737e-001
    outer loop
      vertex  1.425469e+000  8.057730e-003  5.490823e-001
      vertex  1.417654e+000  6.923544e-003  5.533533e-001
      vertex  1.425383e+000  5.384019e-003  5.512372e-001
    endloop
  endfacet
  facet normal  4.322705e-001  5.573538e-001  7.088717e-001
    outer loop
      vertex  1.425469e+000  8.057730e-003  5.490823e-001
      vertex  1.425383e+000  5.384019e-003  5.512372e-001
      vertex  1.431720e+000  5.755757e-003  5.470802e-001
    endloop
  endfacet
  facet normal  4.322775e-001  5.573367e-001  7.088807e-001
    outer loop
      vertex  1.431720e+000  5.755757e-003  5.470802e-001
      vertex  1.425383e+000  5.384019e-003  5.512372e-001
      vertex  1.431653e+000  3.671457e-003  5.487600e-001
    endloop
  endfacet
  facet normal  5.822481e-001  4.986773e-001  6.421123e-001
    outer loop
      vertex  1.431720e+000  5.755757e-003  5.470802e-001
      vertex  1.431653e+000  3.671457e-003  5.487600e-001
      vertex  1.436309e+000  3.268799e-003  5.448504e-001
    endloop
  endfacet
  facet normal  5.822438e-001  4.986906e-001  6.421058e-001
    outer loop
      vertex  1.436309e+000  3.268799e-003  5.448504e-001
      vertex  1.431653e+000  3.671457e-003  5.487600e-001
      vertex  1.436263e+000  1.840899e-003  5.460013e-001
    endloop
  endfacet
  facet normal  7.311315e-001  4.136359e-001  5.425422e-001
    outer loop
      vertex  1.436309e+000  3.268799e-003  5.448504e-001
      vertex  1.436263e+000  1.840899e-003  5.460013e-001
      vertex  1.438042e+000  1.876745e-003  5.435766e-001
    endloop
  endfacet
  facet normal  7.311156e-001  4.136784e-001  5.425312e-001
    outer loop
      vertex  1.438042e+000  1.876745e-003  5.435766e-001
      vertex  1.436263e+000  1.840899e-003  5.460013e-001
      vertex  1.438008e+000  8.238353e-004  5.444252e-001
    endloop
  endfacet
  facet normal  8.466796e-001  3.170885e-001  4.273038e-001
    outer loop
      vertex  1.438042e+000  1.876745e-003  5.435766e-001
      vertex  1.438008e+000  8.238353e-004  5.444252e-001
      vertex  1.439230e+000  4.670649e-004  5.422692e-001
    endloop
  endfacet
  facet normal  8.466966e-001  3.170133e-001  4.273259e-001
    outer loop
      vertex  1.439230e+000  4.670649e-004  5.422692e-001
      vertex  1.438008e+000  8.238353e-004  5.444252e-001
      vertex  1.439208e+000 -2.009651e-004  5.428076e-001
    endloop
  endfacet
  facet normal  9.424554e-001  1.907883e-001  2.745502e-001
    outer loop
      vertex  1.439230e+000  4.670649e-004  5.422692e-001
      vertex  1.439208e+000 -2.009651e-004  5.428076e-001
      vertex  1.439803e+000 -7.374694e-004  5.411385e-001
    endloop
  endfacet
  facet normal  9.424589e-001  1.907520e-001  2.745631e-001
    outer loop
      vertex  1.439803e+000 -7.374694e-004  5.411385e-001
      vertex  1.439208e+000 -2.009651e-004  5.428076e-001
      vertex  1.439792e+000 -1.072626e-003  5.414087e-001
    endloop
  endfacet
  facet normal -3.413640e-001  3.894578e-001  8.554492e-001
    outer loop
      vertex  1.331684e+000  7.680831e-003  5.500402e-001
      vertex  1.331594e+000  4.875266e-003  5.512813e-001
      vertex  1.338804e+000  8.856387e-003  5.523460e-001
    endloop
  endfacet
  facet normal -3.413575e-001  3.894437e-001  8.554581e-001
    outer loop
      vertex  1.338804e+000  8.856387e-003  5.523460e-001
      vertex  1.331594e+000  4.875266e-003  5.512813e-001
      vertex  1.338692e+000  5.406525e-003  5.538720e-001
    endloop
  endfacet
  facet normal -2.420619e-001  3.990407e-001  8.844052e-001
    outer loop
      vertex  1.338804e+000  8.856387e-003  5.523460e-001
      vertex  1.338692e+000  5.406525e-003  5.538720e-001
      vertex  1.347247e+000  9.747306e-003  5.542549e-001
    endloop
  endfacet
  facet normal -2.420667e-001  3.990508e-001  8.843993e-001
    outer loop
      vertex  1.347247e+000  9.747306e-003  5.542549e-001
      vertex  1.338692e+000  5.406525e-003  5.538720e-001
      vertex  1.347118e+000  5.764025e-003  5.560170e-001
    endloop
  endfacet
  facet normal -1.713536e-001  4.031941e-001  8.989286e-001
    outer loop
      vertex  1.347247e+000  9.747306e-003  5.542549e-001
      vertex  1.347118e+000  5.764025e-003  5.560170e-001
      vertex  1.354286e+000  1.021111e-002  5.553887e-001
    endloop
  endfacet
  facet normal -1.713513e-001  4.031907e-001  8.989304e-001
    outer loop
      vertex  1.354286e+000  1.021111e-002  5.553887e-001
      vertex  1.347118e+000  5.764025e-003  5.560170e-001
      vertex  1.354148e+000  5.910987e-003  5.572910e-001
    endloop
  endfacet
  facet normal -1.183861e-001  4.049008e-001  9.066643e-001
    outer loop
      vertex  1.354286e+000  1.021111e-002  5.553887e-001
      vertex  1.354148e+000  5.910987e-003  5.572910e-001
      vertex  1.361791e+000  1.049009e-002  5.562441e-001
    endloop
  endfacet
  facet normal -1.183838e-001  4.048973e-001  9.066660e-001
    outer loop
      vertex  1.361791e+000  1.049009e-002  5.562441e-001
      vertex  1.354148e+000  5.910987e-003  5.572910e-001
      vertex  1.361645e+000  5.950963e-003  5.582520e-001
    endloop
  endfacet
  facet normal -4.678644e-002  4.053672e-001  9.129559e-001
    outer loop
      vertex  1.361791e+000  1.049009e-002  5.562441e-001
      vertex  1.361645e+000  5.950963e-003  5.582520e-001
      vertex  1.377648e+000  1.047686e-002  5.570626e-001
    endloop
  endfacet
  facet normal -4.678739e-002  4.053702e-001  9.129545e-001
    outer loop
      vertex  1.377648e+000  1.047686e-002  5.570626e-001
      vertex  1.361645e+000  5.950963e-003  5.582520e-001
      vertex  1.377494e+000  5.709013e-003  5.591717e-001
    endloop
  endfacet
  facet normal  4.277697e-002  4.030246e-001  9.141889e-001
    outer loop
      vertex  1.377648e+000  1.047686e-002  5.570626e-001
      vertex  1.377494e+000  5.709013e-003  5.591717e-001
      vertex  1.393674e+000  9.708554e-003  5.566514e-001
    endloop
  endfacet
  facet normal  4.277773e-002  4.030222e-001  9.141899e-001
    outer loop
      vertex  1.393674e+000  9.708554e-003  5.566514e-001
      vertex  1.377494e+000  5.709013e-003  5.591717e-001
      vertex  1.393524e+000  5.055614e-003  5.587097e-001
    endloop
  endfacet
  facet normal  1.117089e-001  3.989967e-001  9.101223e-001
    outer loop
      vertex  1.393674e+000  9.708554e-003  5.566514e-001
      vertex  1.393524e+000  5.055614e-003  5.587097e-001
      vertex  1.401388e+000  9.056512e-003  5.559905e-001
    endloop
  endfacet
  facet normal  1.117049e-001  3.990031e-001  9.101201e-001
    outer loop
      vertex  1.401388e+000  9.056512e-003  5.559905e-001
      vertex  1.393524e+000  5.055614e-003  5.587097e-001
      vertex  1.401244e+000  4.588258e-003  5.579671e-001
    endloop
  endfacet
  facet normal  1.612905e-001  3.948966e-001  9.044567e-001
    outer loop
      vertex  1.401388e+000  9.056512e-003  5.559905e-001
      vertex  1.401244e+000  4.588258e-003  5.579671e-001
      vertex  1.408715e+000  8.240554e-003  5.550401e-001
    endloop
  endfacet
  facet normal  1.612933e-001  3.948921e-001  9.044582e-001
    outer loop
      vertex  1.408715e+000  8.240554e-003  5.550401e-001
      vertex  1.401244e+000  4.588258e-003  5.579671e-001
      vertex  1.408579e+000  4.037856e-003  5.568992e-001
    endloop
  endfacet
  facet normal  2.257931e-001  3.879948e-001  8.935758e-001
    outer loop
      vertex  1.408715e+000  8.240554e-003  5.550401e-001
      vertex  1.408579e+000  4.037856e-003  5.568992e-001
      vertex  1.417654e+000  6.923544e-003  5.533533e-001
    endloop
  endfacet
  facet normal  2.257958e-001  3.879885e-001  8.935777e-001
    outer loop
      vertex  1.417654e+000  6.923544e-003  5.533533e-001
      vertex  1.408579e+000  4.037856e-003  5.568992e-001
      vertex  1.417533e+000  3.192219e-003  5.550038e-001
    endloop
  endfacet
  facet normal  3.135960e-001  3.756494e-001  8.720924e-001
    outer loop
      vertex  1.417654e+000  6.923544e-003  5.533533e-001
      vertex  1.417533e+000  3.192219e-003  5.550038e-001
      vertex  1.425383e+000  5.384019e-003  5.512372e-001
    endloop
  endfacet
  facet normal  3.135888e-001  3.756667e-001  8.720874e-001
    outer loop
      vertex  1.425383e+000  5.384019e-003  5.512372e-001
      vertex  1.417533e+000  3.192219e-003  5.550038e-001
      vertex  1.425281e+000  2.243988e-003  5.526263e-001
    endloop
  endfacet
  facet normal  4.257264e-001  3.545331e-001  8.325043e-001
    outer loop
      vertex  1.425383e+000  5.384019e-003  5.512372e-001
      vertex  1.425281e+000  2.243988e-003  5.526263e-001
      vertex  1.431653e+000  3.671457e-003  5.487600e-001
    endloop
  endfacet
  facet normal  4.257337e-001  3.545133e-001  8.325089e-001
    outer loop
      vertex  1.431653e+000  3.671457e-003  5.487600e-001
      vertex  1.425281e+000  2.243988e-003  5.526263e-001
      vertex  1.431574e+000  1.223636e-003  5.498428e-001
    endloop
  endfacet
  facet normal  5.763085e-001  3.149624e-001  7.541002e-001
    outer loop
      vertex  1.431653e+000  3.671457e-003  5.487600e-001
      vertex  1.431574e+000  1.223636e-003  5.498428e-001
      vertex  1.436263e+000  1.840899e-003  5.460013e-001
    endloop
  endfacet
  facet normal  5.763087e-001  3.149619e-001  7.541004e-001
    outer loop
      vertex  1.436263e+000  1.840899e-003  5.460013e-001
      vertex  1.431574e+000  1.223636e-003  5.498428e-001
      vertex  1.436209e+000  1.639585e-004  5.467431e-001
    endloop
  endfacet
  facet normal  7.261023e-001  2.584010e-001  6.371847e-001
    outer loop
      vertex  1.436263e+000  1.840899e-003  5.460013e-001
      vertex  1.436209e+000  1.639585e-004  5.467431e-001
      vertex  1.438008e+000  8.238353e-004  5.444252e-001
    endloop
  endfacet
  facet normal  7.261084e-001  2.583843e-001  6.371847e-001
    outer loop
      vertex  1.438008e+000  8.238353e-004  5.444252e-001
      vertex  1.436209e+000  1.639585e-004  5.467431e-001
      vertex  1.437968e+000 -4.127117e-004  5.449722e-001
    endloop
  endfacet
  facet normal  8.427421e-001  1.947387e-001  5.018591e-001
    outer loop
      vertex  1.438008e+000  8.238353e-004  5.444252e-001
      vertex  1.437968e+000 -4.127117e-004  5.449722e-001
      vertex  1.439208e+000 -2.009651e-004  5.428076e-001
    endloop
  endfacet
  facet normal  8.427167e-001  1.948565e-001  5.018560e-001
    outer loop
      vertex  1.439208e+000 -2.009651e-004  5.428076e-001
      vertex  1.437968e+000 -4.127117e-004  5.449722e-001
      vertex  1.439183e+000 -9.855059e-004  5.431547e-001
    endloop
  endfacet
  facet normal  9.399259e-001  1.123284e-001  3.223688e-001
    outer loop
      vertex  1.439208e+000 -2.009651e-004  5.428076e-001
      vertex  1.439183e+000 -9.855059e-004  5.431547e-001
      vertex  1.439792e+000 -1.072626e-003  5.414087e-001
    endloop
  endfacet
  facet normal  9.399328e-001  1.122524e-001  3.223751e-001
    outer loop
      vertex  1.439792e+000 -1.072626e-003  5.414087e-001
      vertex  1.439183e+000 -9.855059e-004  5.431547e-001
      vertex  1.439780e+000 -1.466237e-003  5.415827e-001
    endloop
  endfacet
  facet normal -3.489201e-001  1.552775e-001  9.241989e-001
    outer loop
      vertex  1.331594e+000  4.875266e-003  5.512813e-001
      vertex  1.331496e+000  1.844244e-003  5.517536e-001
      vertex  1.338692e+000  5.406525e-003  5.538720e-001
    endloop
  endfacet
  facet normal -3.489250e-001  1.552898e-001  9.241950e-001
    outer loop
      vertex  1.338692e+000  5.406525e-003  5.538720e-001
      vertex  1.331496e+000  1.844244e-003  5.517536e-001
      vertex  1.338572e+000  1.679434e-003  5.544528e-001
    endloop
  endfacet
  facet normal -2.498869e-001  1.569649e-001  9.554677e-001
    outer loop
      vertex  1.338692e+000  5.406525e-003  5.538720e-001
      vertex  1.338572e+000  1.679434e-003  5.544528e-001
      vertex  1.347118e+000  5.764025e-003  5.560170e-001
    endloop
  endfacet
  facet normal -2.498779e-001  1.569437e-001  9.554735e-001
    outer loop
      vertex  1.347118e+000  5.764025e-003  5.560170e-001
      vertex  1.338572e+000  1.679434e-003  5.544528e-001
      vertex  1.346979e+000  1.460648e-003  5.566875e-001
    endloop
  endfacet
  facet normal -1.792989e-001  1.571109e-001  9.711685e-001
    outer loop
      vertex  1.347118e+000  5.764025e-003  5.560170e-001
      vertex  1.346979e+000  1.460648e-003  5.566875e-001
      vertex  1.354148e+000  5.910987e-003  5.572910e-001
    endloop
  endfacet
  facet normal -1.793013e-001  1.571149e-001  9.711674e-001
    outer loop
      vertex  1.354148e+000  5.910987e-003  5.572910e-001
      vertex  1.346979e+000  1.460648e-003  5.566875e-001
      vertex  1.353997e+000  1.265309e-003  5.580149e-001
    endloop
  endfacet
  facet normal -1.263999e-001  1.567085e-001  9.795231e-001
    outer loop
      vertex  1.354148e+000  5.910987e-003  5.572910e-001
      vertex  1.353997e+000  1.265309e-003  5.580149e-001
      vertex  1.361645e+000  5.950963e-003  5.582520e-001
    endloop
  endfacet
  facet normal -1.264070e-001  1.567202e-001  9.795203e-001
    outer loop
      vertex  1.361645e+000  5.950963e-003  5.582520e-001
      vertex  1.353997e+000  1.265309e-003  5.580149e-001
      vertex  1.361486e+000  1.047068e-003  5.590162e-001
    endloop
  endfacet
  facet normal -5.485928e-002  1.554675e-001  9.863166e-001
    outer loop
      vertex  1.361645e+000  5.950963e-003  5.582520e-001
      vertex  1.361486e+000  1.047068e-003  5.590162e-001
      vertex  1.377494e+000  5.709013e-003  5.591717e-001
    endloop
  endfacet
  facet normal -5.485964e-002  1.554687e-001  9.863163e-001
    outer loop
      vertex  1.377494e+000  5.709013e-003  5.591717e-001
      vertex  1.361486e+000  1.047068e-003  5.590162e-001
      vertex  1.377328e+000  5.580245e-004  5.599744e-001
    endloop
  endfacet
  facet normal  3.469509e-002  1.527839e-001  9.876504e-001
    outer loop
      vertex  1.377494e+000  5.709013e-003  5.591717e-001
      vertex  1.377328e+000  5.580245e-004  5.599744e-001
      vertex  1.393524e+000  5.055614e-003  5.587097e-001
    endloop
  endfacet
  facet normal  3.469526e-002  1.527833e-001  9.876505e-001
    outer loop
      vertex  1.393524e+000  5.055614e-003  5.587097e-001
      vertex  1.377328e+000  5.580245e-004  5.599744e-001
      vertex  1.393362e+000  2.876439e-005  5.594930e-001
    endloop
  endfacet
  facet normal  1.036580e-001  1.498713e-001  9.832566e-001
    outer loop
      vertex  1.393524e+000  5.055614e-003  5.587097e-001
      vertex  1.393362e+000  2.876439e-005  5.594930e-001
      vertex  1.401244e+000  4.588258e-003  5.579671e-001
    endloop
  endfacet
  facet normal  1.036621e-001  1.498645e-001  9.832572e-001
    outer loop
      vertex  1.401244e+000  4.588258e-003  5.579671e-001
      vertex  1.393362e+000  2.876439e-005  5.594930e-001
      vertex  1.401088e+000 -2.390657e-004  5.587193e-001
    endloop
  endfacet
  facet normal  1.532962e-001  1.473083e-001  9.771389e-001
    outer loop
      vertex  1.401244e+000  4.588258e-003  5.579671e-001
      vertex  1.401088e+000 -2.390657e-004  5.587193e-001
      vertex  1.408579e+000  4.037856e-003  5.568992e-001
    endloop
  endfacet
  facet normal  1.533002e-001  1.473014e-001  9.771394e-001
    outer loop
      vertex  1.408579e+000  4.037856e-003  5.568992e-001
      vertex  1.401088e+000 -2.390657e-004  5.587193e-001
      vertex  1.408432e+000 -5.025687e-004  5.576067e-001
    endloop
  endfacet
  facet normal  2.178951e-001  1.433837e-001  9.653822e-001
    outer loop
      vertex  1.408579e+000  4.037856e-003  5.568992e-001
      vertex  1.408432e+000 -5.025687e-004  5.576067e-001
      vertex  1.417533e+000  3.192219e-003  5.550038e-001
    endloop
  endfacet
  facet normal  2.178906e-001  1.433944e-001  9.653817e-001
    outer loop
      vertex  1.417533e+000  3.192219e-003  5.550038e-001
      vertex  1.408432e+000 -5.025687e-004  5.576067e-001
      vertex  1.417403e+000 -8.389543e-004  5.556320e-001
    endloop
  endfacet
  facet normal  3.058779e-001  1.369347e-001  9.421718e-001
    outer loop
      vertex  1.417533e+000  3.192219e-003  5.550038e-001
      vertex  1.417403e+000 -8.389543e-004  5.556320e-001
      vertex  1.425281e+000  2.243988e-003  5.526263e-001
    endloop
  endfacet
  facet normal  3.058810e-001  1.369268e-001  9.421718e-001
    outer loop
      vertex  1.425281e+000  2.243988e-003  5.526263e-001
      vertex  1.417403e+000 -8.389543e-004  5.556320e-001
      vertex  1.425172e+000 -1.148377e-003  5.531548e-001
    endloop
  endfacet
  facet normal  4.183729e-001  1.266322e-001  8.994045e-001
    outer loop
      vertex  1.425281e+000  2.243988e-003  5.526263e-001
      vertex  1.425172e+000 -1.148377e-003  5.531548e-001
      vertex  1.431574e+000  1.223636e-003  5.498428e-001
    endloop
  endfacet
  facet normal  4.183630e-001  1.266599e-001  8.994052e-001
    outer loop
      vertex  1.431574e+000  1.223636e-003  5.498428e-001
      vertex  1.425172e+000 -1.148377e-003  5.531548e-001
      vertex  1.431489e+000 -1.420892e-003  5.502549e-001
    endloop
  endfacet
  facet normal  5.696434e-001  1.085769e-001  8.146886e-001
    outer loop
      vertex  1.431574e+000  1.223636e-003  5.498428e-001
      vertex  1.431489e+000 -1.420892e-003  5.502549e-001
      vertex  1.436209e+000  1.639585e-004  5.467431e-001
    endloop
  endfacet
  facet normal  5.696499e-001  1.085543e-001  8.146870e-001
    outer loop
      vertex  1.436209e+000  1.639585e-004  5.467431e-001
      vertex  1.431489e+000 -1.420892e-003  5.502549e-001
      vertex  1.436150e+000 -1.647740e-003  5.470254e-001
    endloop
  endfacet
  facet normal  7.204743e-001  8.400530e-002  6.883747e-001
    outer loop
      vertex  1.436209e+000  1.639585e-004  5.467431e-001
      vertex  1.436150e+000 -1.647740e-003  5.470254e-001
      vertex  1.437968e+000 -4.127117e-004  5.449722e-001
    endloop
  endfacet
  facet normal  7.204739e-001  8.400651e-002  6.883751e-001
    outer loop
      vertex  1.437968e+000 -4.127117e-004  5.449722e-001
      vertex  1.436150e+000 -1.647740e-003  5.470254e-001
      vertex  1.437925e+000 -1.748628e-003  5.451804e-001
    endloop
  endfacet
  facet normal  8.382835e-001  5.743320e-002  5.422010e-001
    outer loop
      vertex  1.437968e+000 -4.127117e-004  5.449722e-001
      vertex  1.437925e+000 -1.748628e-003  5.451804e-001
      vertex  1.439183e+000 -9.855059e-004  5.431547e-001
    endloop
  endfacet
  facet normal  8.383083e-001  5.732235e-002  5.421746e-001
    outer loop
      vertex  1.439183e+000 -9.855059e-004  5.431547e-001
      vertex  1.437925e+000 -1.748628e-003  5.451804e-001
      vertex  1.439155e+000 -1.833092e-003  5.432867e-001
    endloop
  endfacet
  facet normal  9.370756e-001  2.391125e-002  3.483069e-001
    outer loop
      vertex  1.439183e+000 -9.855059e-004  5.431547e-001
      vertex  1.439155e+000 -1.833092e-003  5.432867e-001
      vertex  1.439780e+000 -1.466237e-003  5.415827e-001
    endloop
  endfacet
  facet normal  9.370512e-001  2.417243e-002  3.483542e-001
    outer loop
      vertex  1.439780e+000 -1.466237e-003  5.415827e-001
      vertex  1.439155e+000 -1.833092e-003  5.432867e-001
      vertex  1.439766e+000 -1.891479e-003  5.416490e-001
    endloop
  endfacet
  facet normal -3.568063e-001 -8.869234e-002  9.299586e-001
    outer loop
      vertex  1.331496e+000  1.844244e-003  5.517536e-001
      vertex  1.331397e+000 -1.205673e-003  5.514250e-001
      vertex  1.338572e+000  1.679434e-003  5.544528e-001
    endloop
  endfacet
  facet normal -3.568028e-001 -8.870146e-002  9.299590e-001
    outer loop
      vertex  1.338572e+000  1.679434e-003  5.544528e-001
      vertex  1.331397e+000 -1.205673e-003  5.514250e-001
      vertex  1.338451e+000 -2.070893e-003  5.540487e-001
    endloop
  endfacet
  facet normal -2.580243e-001 -9.528238e-002  9.614285e-001
    outer loop
      vertex  1.338572e+000  1.679434e-003  5.544528e-001
      vertex  1.338451e+000 -2.070893e-003  5.540487e-001
      vertex  1.346979e+000  1.460648e-003  5.566875e-001
    endloop
  endfacet
  facet normal -2.580256e-001 -9.527922e-002  9.614285e-001
    outer loop
      vertex  1.346979e+000  1.460648e-003  5.566875e-001
      vertex  1.338451e+000 -2.070893e-003  5.540487e-001
      vertex  1.346839e+000 -2.869557e-003  5.562208e-001
    endloop
  endfacet
  facet normal -1.875819e-001 -9.925700e-002  9.772211e-001
    outer loop
      vertex  1.346979e+000  1.460648e-003  5.566875e-001
      vertex  1.346839e+000 -2.869557e-003  5.562208e-001
      vertex  1.353997e+000  1.265309e-003  5.580149e-001
    endloop
  endfacet
  facet normal -1.875828e-001 -9.925540e-002  9.772210e-001
    outer loop
      vertex  1.353997e+000  1.265309e-003  5.580149e-001
      vertex  1.346839e+000 -2.869557e-003  5.562208e-001
      vertex  1.353847e+000 -3.409331e-003  5.575111e-001
    endloop
  endfacet
  facet normal -1.347596e-001 -1.018677e-001  9.856281e-001
    outer loop
      vertex  1.353997e+000  1.265309e-003  5.580149e-001
      vertex  1.353847e+000 -3.409331e-003  5.575111e-001
      vertex  1.361486e+000  1.047068e-003  5.590162e-001
    endloop
  endfacet
  facet normal -1.347584e-001 -1.018697e-001  9.856281e-001
    outer loop
      vertex  1.361486e+000  1.047068e-003  5.590162e-001
      vertex  1.353847e+000 -3.409331e-003  5.575111e-001
      vertex  1.361327e+000 -3.887399e-003  5.584844e-001
    endloop
  endfacet
  facet normal -6.327008e-002 -1.049163e-001  9.924664e-001
    outer loop
      vertex  1.361486e+000  1.047068e-003  5.590162e-001
      vertex  1.361327e+000 -3.887399e-003  5.584844e-001
      vertex  1.377328e+000  5.580245e-004  5.599744e-001
    endloop
  endfacet
  facet normal -6.327024e-002 -1.049158e-001  9.924664e-001
    outer loop
      vertex  1.377328e+000  5.580245e-004  5.599744e-001
      vertex  1.361327e+000 -3.887399e-003  5.584844e-001
      vertex  1.377160e+000 -4.625077e-003  5.594158e-001
    endloop
  endfacet
  facet normal  2.627353e-002 -1.079538e-001  9.938086e-001
    outer loop
      vertex  1.377328e+000  5.580245e-004  5.599744e-001
      vertex  1.377160e+000 -4.625077e-003  5.594158e-001
      vertex  1.393362e+000  2.876439e-005  5.594930e-001
    endloop
  endfacet
  facet normal  2.627549e-002 -1.079606e-001  9.938079e-001
    outer loop
      vertex  1.393362e+000  2.876439e-005  5.594930e-001
      vertex  1.377160e+000 -4.625077e-003  5.594158e-001
      vertex  1.393198e+000 -5.029424e-003  5.589479e-001
    endloop
  endfacet
  facet normal  9.527768e-002 -1.097138e-001  9.893862e-001
    outer loop
      vertex  1.393362e+000  2.876439e-005  5.594930e-001
      vertex  1.393198e+000 -5.029424e-003  5.589479e-001
      vertex  1.401088e+000 -2.390657e-004  5.587193e-001
    endloop
  endfacet
  facet normal  9.527437e-002 -1.097083e-001  9.893872e-001
    outer loop
      vertex  1.401088e+000 -2.390657e-004  5.587193e-001
      vertex  1.393198e+000 -5.029424e-003  5.589479e-001
      vertex  1.400931e+000 -5.096484e-003  5.581958e-001
    endloop
  endfacet
  facet normal  1.449682e-001 -1.106507e-001  9.832298e-001
    outer loop
      vertex  1.401088e+000 -2.390657e-004  5.587193e-001
      vertex  1.400931e+000 -5.096484e-003  5.581958e-001
      vertex  1.408432e+000 -5.025687e-004  5.576067e-001
    endloop
  endfacet
  facet normal  1.449649e-001 -1.106452e-001  9.832309e-001
    outer loop
      vertex  1.408432e+000 -5.025687e-004  5.576067e-001
      vertex  1.400931e+000 -5.096484e-003  5.581958e-001
      vertex  1.408285e+000 -5.071300e-003  5.571144e-001
    endloop
  endfacet
  facet normal  2.096589e-001 -1.114601e-001  9.714009e-001
    outer loop
      vertex  1.408432e+000 -5.025687e-004  5.576067e-001
      vertex  1.408285e+000 -5.071300e-003  5.571144e-001
      vertex  1.417403e+000 -8.389543e-004  5.556320e-001
    endloop
  endfacet
  facet normal  2.096565e-001 -1.114546e-001  9.714020e-001
    outer loop
      vertex  1.417403e+000 -8.389543e-004  5.556320e-001
      vertex  1.408285e+000 -5.071300e-003  5.571144e-001
      vertex  1.417272e+000 -4.895259e-003  5.551949e-001
    endloop
  endfacet
  facet normal  2.978479e-001 -1.117853e-001  9.480457e-001
    outer loop
      vertex  1.417403e+000 -8.389543e-004  5.556320e-001
      vertex  1.417272e+000 -4.895259e-003  5.551949e-001
      vertex  1.425172e+000 -1.148377e-003  5.531548e-001
    endloop
  endfacet
  facet normal  2.978520e-001 -1.117953e-001  9.480432e-001
    outer loop
      vertex  1.425172e+000 -1.148377e-003  5.531548e-001
      vertex  1.417272e+000 -4.895259e-003  5.551949e-001
      vertex  1.425061e+000 -4.561890e-003  5.527869e-001
    endloop
  endfacet
  facet normal  4.106939e-001 -1.108063e-001  9.050153e-001
    outer loop
      vertex  1.425172e+000 -1.148377e-003  5.531548e-001
      vertex  1.425061e+000 -4.561890e-003  5.527869e-001
      vertex  1.431489e+000 -1.420892e-003  5.502549e-001
    endloop
  endfacet
  facet normal  4.106937e-001 -1.108060e-001  9.050153e-001
    outer loop
      vertex  1.431489e+000 -1.420892e-003  5.502549e-001
      vertex  1.425061e+000 -4.561890e-003  5.527869e-001
      vertex  1.431403e+000 -4.081905e-003  5.499681e-001
    endloop
  endfacet
  facet normal  5.627030e-001 -1.065270e-001  8.197666e-001
    outer loop
      vertex  1.431489e+000 -1.420892e-003  5.502549e-001
      vertex  1.431403e+000 -4.081905e-003  5.499681e-001
      vertex  1.436150e+000 -1.647740e-003  5.470254e-001
    endloop
  endfacet
  facet normal  5.626984e-001 -1.065118e-001  8.197718e-001
    outer loop
      vertex  1.436150e+000 -1.647740e-003  5.470254e-001
      vertex  1.431403e+000 -4.081905e-003  5.499681e-001
      vertex  1.436092e+000 -3.470734e-003  5.468289e-001
    endloop
  endfacet
  facet normal  7.146062e-001 -9.771622e-002  6.926684e-001
    outer loop
      vertex  1.436150e+000 -1.647740e-003  5.470254e-001
      vertex  1.436092e+000 -3.470734e-003  5.468289e-001
      vertex  1.437925e+000 -1.748628e-003  5.451804e-001
    endloop
  endfacet
  facet normal  7.146133e-001 -9.773311e-002  6.926586e-001
    outer loop
      vertex  1.437925e+000 -1.748628e-003  5.451804e-001
      vertex  1.436092e+000 -3.470734e-003  5.468289e-001
      vertex  1.437882e+000 -3.092872e-003  5.450355e-001
    endloop
  endfacet
  facet normal  8.336821e-001 -8.573203e-002  5.455495e-001
    outer loop
      vertex  1.437925e+000 -1.748628e-003  5.451804e-001
      vertex  1.437882e+000 -3.092872e-003  5.450355e-001
      vertex  1.439155e+000 -1.833092e-003  5.432867e-001
    endloop
  endfacet
  facet normal  8.336614e-001 -8.564916e-002  5.455942e-001
    outer loop
      vertex  1.439155e+000 -1.833092e-003  5.432867e-001
      vertex  1.437882e+000 -3.092872e-003  5.450355e-001
      vertex  1.439128e+000 -2.685963e-003  5.431948e-001
    endloop
  endfacet
  facet normal  9.340892e-001 -6.786025e-002  3.505314e-001
    outer loop
      vertex  1.439155e+000 -1.833092e-003  5.432867e-001
      vertex  1.439128e+000 -2.685963e-003  5.431948e-001
      vertex  1.439766e+000 -1.891479e-003  5.416490e-001
    endloop
  endfacet
  facet normal  9.341159e-001 -6.811664e-002  3.504106e-001
    outer loop
      vertex  1.439766e+000 -1.891479e-003  5.416490e-001
      vertex  1.439128e+000 -2.685963e-003  5.431948e-001
      vertex  1.439752e+000 -2.319372e-003  5.416029e-001
    endloop
  endfacet
  facet normal -3.644624e-001 -3.258575e-001  8.723440e-001
    outer loop
      vertex  1.331397e+000 -1.205673e-003  5.514250e-001
      vertex  1.331305e+000 -4.066639e-003  5.503176e-001
      vertex  1.338451e+000 -2.070893e-003  5.540487e-001
    endloop
  endfacet
  facet normal -3.644647e-001 -3.258516e-001  8.723452e-001
    outer loop
      vertex  1.338451e+000 -2.070893e-003  5.540487e-001
      vertex  1.331305e+000 -4.066639e-003  5.503176e-001
      vertex  1.338337e+000 -5.588877e-003  5.526871e-001
    endloop
  endfacet
  facet normal -2.659451e-001 -3.404594e-001  9.018651e-001
    outer loop
      vertex  1.338451e+000 -2.070893e-003  5.540487e-001
      vertex  1.338337e+000 -5.588877e-003  5.526871e-001
      vertex  1.346839e+000 -2.869557e-003  5.562208e-001
    endloop
  endfacet
  facet normal -2.659467e-001 -3.404555e-001  9.018661e-001
    outer loop
      vertex  1.346839e+000 -2.869557e-003  5.562208e-001
      vertex  1.338337e+000 -5.588877e-003  5.526871e-001
      vertex  1.346708e+000 -6.931494e-003  5.546488e-001
    endloop
  endfacet
  facet normal -1.956324e-001 -3.484607e-001  9.166805e-001
    outer loop
      vertex  1.346839e+000 -2.869557e-003  5.562208e-001
      vertex  1.346708e+000 -6.931494e-003  5.546488e-001
      vertex  1.353847e+000 -3.409331e-003  5.575111e-001
    endloop
  endfacet
  facet normal -1.956323e-001 -3.484609e-001  9.166804e-001
    outer loop
      vertex  1.353847e+000 -3.409331e-003  5.575111e-001
      vertex  1.346708e+000 -6.931494e-003  5.546488e-001
      vertex  1.353705e+000 -7.794365e-003  5.558139e-001
    endloop
  endfacet
  facet normal -1.428769e-001 -3.532181e-001  9.245665e-001
    outer loop
      vertex  1.353847e+000 -3.409331e-003  5.575111e-001
      vertex  1.353705e+000 -7.794365e-003  5.558139e-001
      vertex  1.361327e+000 -3.887399e-003  5.584844e-001
    endloop
  endfacet
  facet normal -1.428772e-001 -3.532176e-001  9.245666e-001
    outer loop
      vertex  1.361327e+000 -3.887399e-003  5.584844e-001
      vertex  1.353705e+000 -7.794365e-003  5.558139e-001
      vertex  1.361177e+000 -8.516163e-003  5.566930e-001
    endloop
  endfacet
  facet normal -7.144498e-002 -3.580062e-001  9.309819e-001
    outer loop
      vertex  1.361327e+000 -3.887399e-003  5.584844e-001
      vertex  1.361177e+000 -8.516163e-003  5.566930e-001
      vertex  1.377160e+000 -4.625077e-003  5.594158e-001
    endloop
  endfacet
  facet normal -7.144172e-002 -3.580169e-001  9.309780e-001
    outer loop
      vertex  1.377160e+000 -4.625077e-003  5.594158e-001
      vertex  1.361177e+000 -8.516163e-003  5.566930e-001
      vertex  1.377003e+000 -9.487070e-003  5.575340e-001
    endloop
  endfacet
  facet normal  1.808943e-002 -3.613951e-001  9.322373e-001
    outer loop
      vertex  1.377160e+000 -4.625077e-003  5.594158e-001
      vertex  1.377003e+000 -9.487070e-003  5.575340e-001
      vertex  1.393198e+000 -5.029424e-003  5.589479e-001
    endloop
  endfacet
  facet normal  1.808626e-002 -3.613849e-001  9.322414e-001
    outer loop
      vertex  1.393198e+000 -5.029424e-003  5.589479e-001
      vertex  1.377003e+000 -9.487070e-003  5.575340e-001
      vertex  1.393045e+000 -9.774243e-003  5.571115e-001
    endloop
  endfacet
  facet normal  8.712517e-002 -3.620089e-001  9.280942e-001
    outer loop
      vertex  1.393198e+000 -5.029424e-003  5.589479e-001
      vertex  1.393045e+000 -9.774243e-003  5.571115e-001
      vertex  1.400931e+000 -5.096484e-003  5.581958e-001
    endloop
  endfacet
  facet normal  8.712649e-002 -3.620109e-001  9.280933e-001
    outer loop
      vertex  1.400931e+000 -5.096484e-003  5.581958e-001
      vertex  1.393045e+000 -9.774243e-003  5.571115e-001
      vertex  1.400784e+000 -9.652970e-003  5.564323e-001
    endloop
  endfacet
  facet normal  1.368663e-001 -3.613815e-001  9.223183e-001
    outer loop
      vertex  1.400931e+000 -5.096484e-003  5.581958e-001
      vertex  1.400784e+000 -9.652970e-003  5.564323e-001
      vertex  1.408285e+000 -5.071300e-003  5.571144e-001
    endloop
  endfacet
  facet normal  1.368689e-001 -3.613855e-001  9.223163e-001
    outer loop
      vertex  1.408285e+000 -5.071300e-003  5.571144e-001
      vertex  1.400784e+000 -9.652970e-003  5.564323e-001
      vertex  1.408146e+000 -9.356986e-003  5.554556e-001
    endloop
  endfacet
  facet normal  2.016553e-001 -3.591836e-001  9.112203e-001
    outer loop
      vertex  1.408285e+000 -5.071300e-003  5.571144e-001
      vertex  1.408146e+000 -9.356986e-003  5.554556e-001
      vertex  1.417272e+000 -4.895259e-003  5.551949e-001
    endloop
  endfacet
  facet normal  2.016561e-001 -3.591852e-001  9.112194e-001
    outer loop
      vertex  1.417272e+000 -4.895259e-003  5.551949e-001
      vertex  1.408146e+000 -9.356986e-003  5.554556e-001
      vertex  1.417149e+000 -8.700265e-003  5.537222e-001
    endloop
  endfacet
  facet normal  2.900426e-001 -3.535605e-001  8.893089e-001
    outer loop
      vertex  1.417272e+000 -4.895259e-003  5.551949e-001
      vertex  1.417149e+000 -8.700265e-003  5.537222e-001
      vertex  1.425061e+000 -4.561890e-003  5.527869e-001
    endloop
  endfacet
  facet normal  2.900376e-001 -3.535495e-001  8.893148e-001
    outer loop
      vertex  1.425061e+000 -4.561890e-003  5.527869e-001
      vertex  1.417149e+000 -8.700265e-003  5.537222e-001
      vertex  1.424958e+000 -7.763926e-003  5.515477e-001
    endloop
  endfacet
  facet normal  4.032399e-001 -3.415833e-001  8.489514e-001
    outer loop
      vertex  1.425061e+000 -4.561890e-003  5.527869e-001
      vertex  1.424958e+000 -7.763926e-003  5.515477e-001
      vertex  1.431403e+000 -4.081905e-003  5.499681e-001
    endloop
  endfacet
  facet normal  4.032445e-001 -3.415941e-001  8.489449e-001
    outer loop
      vertex  1.431403e+000 -4.081905e-003  5.499681e-001
      vertex  1.424958e+000 -7.763926e-003  5.515477e-001
      vertex  1.431322e+000 -6.578063e-003  5.490021e-001
    endloop
  endfacet
  facet normal  5.559456e-001 -3.155826e-001  7.689812e-001
    outer loop
      vertex  1.431403e+000 -4.081905e-003  5.499681e-001
      vertex  1.431322e+000 -6.578063e-003  5.490021e-001
      vertex  1.436092e+000 -3.470734e-003  5.468289e-001
    endloop
  endfacet
  facet normal  5.559447e-001 -3.155800e-001  7.689829e-001
    outer loop
      vertex  1.436092e+000 -3.470734e-003  5.468289e-001
      vertex  1.431322e+000 -6.578063e-003  5.490021e-001
      vertex  1.436036e+000 -5.180787e-003  5.461671e-001
    endloop
  endfacet
  facet normal  7.089072e-001 -2.743797e-001  6.497434e-001
    outer loop
      vertex  1.436092e+000 -3.470734e-003  5.468289e-001
      vertex  1.436036e+000 -5.180787e-003  5.461671e-001
      vertex  1.437882e+000 -3.092872e-003  5.450355e-001
    endloop
  endfacet
  facet normal  7.088867e-001 -2.743405e-001  6.497821e-001
    outer loop
      vertex  1.437882e+000 -3.092872e-003  5.450355e-001
      vertex  1.436036e+000 -5.180787e-003  5.461671e-001
      vertex  1.437841e+000 -4.353836e-003  5.445475e-001
    endloop
  endfacet
  facet normal  8.291737e-001 -2.248111e-001  5.117918e-001
    outer loop
      vertex  1.437882e+000 -3.092872e-003  5.450355e-001
      vertex  1.437841e+000 -4.353836e-003  5.445475e-001
      vertex  1.439128e+000 -2.685963e-003  5.431948e-001
    endloop
  endfacet
  facet normal  8.291933e-001 -2.248745e-001  5.117323e-001
    outer loop
      vertex  1.439128e+000 -2.685963e-003  5.431948e-001
      vertex  1.437841e+000 -4.353836e-003  5.445475e-001
      vertex  1.439102e+000 -3.485996e-003  5.428852e-001
    endloop
  endfacet
  facet normal  9.312243e-001 -1.573483e-001  3.287289e-001
    outer loop
      vertex  1.439128e+000 -2.685963e-003  5.431948e-001
      vertex  1.439102e+000 -3.485996e-003  5.428852e-001
      vertex  1.439752e+000 -2.319372e-003  5.416029e-001
    endloop
  endfacet
  facet normal  9.312184e-001 -1.573022e-001  3.287679e-001
    outer loop
      vertex  1.439752e+000 -2.319372e-003  5.416029e-001
      vertex  1.439102e+000 -3.485996e-003  5.428852e-001
      vertex  1.439739e+000 -2.720756e-003  5.414475e-001
    endloop
  endfacet
  facet normal -3.713819e-001 -5.400298e-001  7.552770e-001
    outer loop
      vertex  1.331305e+000 -4.066639e-003  5.503176e-001
      vertex  1.331225e+000 -6.543684e-003  5.485072e-001
      vertex  1.338337e+000 -5.588877e-003  5.526871e-001
    endloop
  endfacet
  facet normal -3.713839e-001 -5.400251e-001  7.552794e-001
    outer loop
      vertex  1.338337e+000 -5.588877e-003  5.526871e-001
      vertex  1.331225e+000 -6.543684e-003  5.485072e-001
      vertex  1.338239e+000 -8.634773e-003  5.504609e-001
    endloop
  endfacet
  facet normal -2.730989e-001 -5.618802e-001  7.808379e-001
    outer loop
      vertex  1.338337e+000 -5.588877e-003  5.526871e-001
      vertex  1.338239e+000 -8.634773e-003  5.504609e-001
      vertex  1.346708e+000 -6.931494e-003  5.546488e-001
    endloop
  endfacet
  facet normal -2.730997e-001 -5.618783e-001  7.808388e-001
    outer loop
      vertex  1.346708e+000 -6.931494e-003  5.546488e-001
      vertex  1.338239e+000 -8.634773e-003  5.504609e-001
      vertex  1.346595e+000 -1.044835e-002  5.520784e-001
    endloop
  endfacet
  facet normal -2.029023e-001 -5.735194e-001  7.936662e-001
    outer loop
      vertex  1.346708e+000 -6.931494e-003  5.546488e-001
      vertex  1.346595e+000 -1.044835e-002  5.520784e-001
      vertex  1.353705e+000 -7.794365e-003  5.558139e-001
    endloop
  endfacet
  facet normal -2.029071e-001 -5.735122e-001  7.936702e-001
    outer loop
      vertex  1.353705e+000 -7.794365e-003  5.558139e-001
      vertex  1.346595e+000 -1.044835e-002  5.520784e-001
      vertex  1.353582e+000 -1.159096e-002  5.530391e-001
    endloop
  endfacet
  facet normal -1.502080e-001 -5.802048e-001  8.004998e-001
    outer loop
      vertex  1.353705e+000 -7.794365e-003  5.558139e-001
      vertex  1.353582e+000 -1.159096e-002  5.530391e-001
      vertex  1.361177e+000 -8.516163e-003  5.566930e-001
    endloop
  endfacet
  facet normal -1.502040e-001 -5.802106e-001  8.004964e-001
    outer loop
      vertex  1.361177e+000 -8.516163e-003  5.566930e-001
      vertex  1.353582e+000 -1.159096e-002  5.530391e-001
      vertex  1.361048e+000 -1.252378e-002  5.537639e-001
    endloop
  endfacet
  facet normal -7.882445e-002 -5.865759e-001  8.060493e-001
    outer loop
      vertex  1.361177e+000 -8.516163e-003  5.566930e-001
      vertex  1.361048e+000 -1.252378e-002  5.537639e-001
      vertex  1.377003e+000 -9.487070e-003  5.575340e-001
    endloop
  endfacet
  facet normal -7.882440e-002 -5.865760e-001  8.060492e-001
    outer loop
      vertex  1.377003e+000 -9.487070e-003  5.575340e-001
      vertex  1.361048e+000 -1.252378e-002  5.537639e-001
      vertex  1.376867e+000 -1.369662e-002  5.544574e-001
    endloop
  endfacet
  facet normal  1.069370e-002 -5.902644e-001  8.071392e-001
    outer loop
      vertex  1.377003e+000 -9.487070e-003  5.575340e-001
      vertex  1.376867e+000 -1.369662e-002  5.544574e-001
      vertex  1.393045e+000 -9.774243e-003  5.571115e-001
    endloop
  endfacet
  facet normal  1.069320e-002 -5.902631e-001  8.071402e-001
    outer loop
      vertex  1.393045e+000 -9.774243e-003  5.571115e-001
      vertex  1.376867e+000 -1.369662e-002  5.544574e-001
      vertex  1.392912e+000 -1.388234e-002  5.541090e-001
    endloop
  endfacet
  facet normal  7.976662e-002 -5.898696e-001  8.035491e-001
    outer loop
      vertex  1.393045e+000 -9.774243e-003  5.571115e-001
      vertex  1.392912e+000 -1.388234e-002  5.541090e-001
      vertex  1.400784e+000 -9.652970e-003  5.564323e-001
    endloop
  endfacet
  facet normal  7.976419e-002 -5.898665e-001  8.035518e-001
    outer loop
      vertex  1.400784e+000 -9.652970e-003  5.564323e-001
      vertex  1.392912e+000 -1.388234e-002  5.541090e-001
      vertex  1.400656e+000 -1.359801e-002  5.535490e-001
    endloop
  endfacet
  facet normal  1.295548e-001 -5.878199e-001  7.985508e-001
    outer loop
      vertex  1.400784e+000 -9.652970e-003  5.564323e-001
      vertex  1.400656e+000 -1.359801e-002  5.535490e-001
      vertex  1.408146e+000 -9.356986e-003  5.554556e-001
    endloop
  endfacet
  facet normal  1.295587e-001 -5.878247e-001  7.985466e-001
    outer loop
      vertex  1.408146e+000 -9.356986e-003  5.554556e-001
      vertex  1.400656e+000 -1.359801e-002  5.535490e-001
      vertex  1.408027e+000 -1.306756e-002  5.527437e-001
    endloop
  endfacet
  facet normal  1.944305e-001 -5.828989e-001  7.889395e-001
    outer loop
      vertex  1.408146e+000 -9.356986e-003  5.554556e-001
      vertex  1.408027e+000 -1.306756e-002  5.527437e-001
      vertex  1.417149e+000 -8.700265e-003  5.537222e-001
    endloop
  endfacet
  facet normal  1.944313e-001 -5.829003e-001  7.889383e-001
    outer loop
      vertex  1.417149e+000 -8.700265e-003  5.537222e-001
      vertex  1.408027e+000 -1.306756e-002  5.527437e-001
      vertex  1.417043e+000 -1.199467e-002  5.513144e-001
    endloop
  endfacet
  facet normal  2.829856e-001 -5.718951e-001  7.699708e-001
    outer loop
      vertex  1.417149e+000 -8.700265e-003  5.537222e-001
      vertex  1.417043e+000 -1.199467e-002  5.513144e-001
      vertex  1.424958e+000 -7.763926e-003  5.515477e-001
    endloop
  endfacet
  facet normal  2.829872e-001 -5.718980e-001  7.699681e-001
    outer loop
      vertex  1.424958e+000 -7.763926e-003  5.515477e-001
      vertex  1.417043e+000 -1.199467e-002  5.513144e-001
      vertex  1.424868e+000 -1.053627e-002  5.495214e-001
    endloop
  endfacet
  facet normal  3.965116e-001 -5.500235e-001  7.350189e-001
    outer loop
      vertex  1.424958e+000 -7.763926e-003  5.515477e-001
      vertex  1.424868e+000 -1.053627e-002  5.495214e-001
      vertex  1.431322e+000 -6.578063e-003  5.490021e-001
    endloop
  endfacet
  facet normal  3.965128e-001 -5.500259e-001  7.350164e-001
    outer loop
      vertex  1.431322e+000 -6.578063e-003  5.490021e-001
      vertex  1.424868e+000 -1.053627e-002  5.495214e-001
      vertex  1.431252e+000 -8.739254e-003  5.474225e-001
    endloop
  endfacet
  facet normal  5.498456e-001 -5.043799e-001  6.657858e-001
    outer loop
      vertex  1.431322e+000 -6.578063e-003  5.490021e-001
      vertex  1.431252e+000 -8.739254e-003  5.474225e-001
      vertex  1.436036e+000 -5.180787e-003  5.461671e-001
    endloop
  endfacet
  facet normal  5.498489e-001 -5.043874e-001  6.657774e-001
    outer loop
      vertex  1.436036e+000 -5.180787e-003  5.461671e-001
      vertex  1.431252e+000 -8.739254e-003  5.474225e-001
      vertex  1.435988e+000 -6.661364e-003  5.450850e-001
    endloop
  endfacet
  facet normal  7.037336e-001 -4.339190e-001  5.625596e-001
    outer loop
      vertex  1.436036e+000 -5.180787e-003  5.461671e-001
      vertex  1.435988e+000 -6.661364e-003  5.450850e-001
      vertex  1.437841e+000 -4.353836e-003  5.445475e-001
    endloop
  endfacet
  facet normal  7.037343e-001 -4.339199e-001  5.625580e-001
    outer loop
      vertex  1.437841e+000 -4.353836e-003  5.445475e-001
      vertex  1.435988e+000 -6.661364e-003  5.450850e-001
      vertex  1.437806e+000 -5.445588e-003  5.437495e-001
    endloop
  endfacet
  facet normal  8.251319e-001 -3.505028e-001  4.430634e-001
    outer loop
      vertex  1.437841e+000 -4.353836e-003  5.445475e-001
      vertex  1.437806e+000 -5.445588e-003  5.437495e-001
      vertex  1.439102e+000 -3.485996e-003  5.428852e-001
    endloop
  endfacet
  facet normal  8.251217e-001 -3.504797e-001  4.431005e-001
    outer loop
      vertex  1.439102e+000 -3.485996e-003  5.428852e-001
      vertex  1.437806e+000 -5.445588e-003  5.437495e-001
      vertex  1.439080e+000 -4.178670e-003  5.423789e-001
    endloop
  endfacet
  facet normal  9.286134e-001 -2.380080e-001  2.846564e-001
    outer loop
      vertex  1.439102e+000 -3.485996e-003  5.428852e-001
      vertex  1.439080e+000 -4.178670e-003  5.423789e-001
      vertex  1.439739e+000 -2.720756e-003  5.414475e-001
    endloop
  endfacet
  facet normal  9.286159e-001 -2.380212e-001  2.846375e-001
    outer loop
      vertex  1.439739e+000 -2.720756e-003  5.414475e-001
      vertex  1.439080e+000 -4.178670e-003  5.423789e-001
      vertex  1.439728e+000 -3.068277e-003  5.411935e-001
    endloop
  endfacet
  facet normal -3.770874e-001 -7.166093e-001  5.867504e-001
    outer loop
      vertex  1.331225e+000 -6.543684e-003  5.485072e-001
      vertex  1.331163e+000 -8.468002e-003  5.461171e-001
      vertex  1.338239e+000 -8.634773e-003  5.504609e-001
    endloop
  endfacet
  facet normal -3.770881e-001 -7.166080e-001  5.867517e-001
    outer loop
      vertex  1.338239e+000 -8.634773e-003  5.504609e-001
      vertex  1.331163e+000 -8.468002e-003  5.461171e-001
      vertex  1.338162e+000 -1.100101e-002  5.475219e-001
    endloop
  endfacet
  facet normal -2.789959e-001 -7.444384e-001  6.066077e-001
    outer loop
      vertex  1.338239e+000 -8.634773e-003  5.504609e-001
      vertex  1.338162e+000 -1.100101e-002  5.475219e-001
      vertex  1.346595e+000 -1.044835e-002  5.520784e-001
    endloop
  endfacet
  facet normal -2.789947e-001 -7.444405e-001  6.066056e-001
    outer loop
      vertex  1.346595e+000 -1.044835e-002  5.520784e-001
      vertex  1.338162e+000 -1.100101e-002  5.475219e-001
      vertex  1.346506e+000 -1.318045e-002  5.486849e-001
    endloop
  endfacet
  facet normal -2.089008e-001 -7.590802e-001  6.165691e-001
    outer loop
      vertex  1.346595e+000 -1.044835e-002  5.520784e-001
      vertex  1.346506e+000 -1.318045e-002  5.486849e-001
      vertex  1.353582e+000 -1.159096e-002  5.530391e-001
    endloop
  endfacet
  facet normal -2.089000e-001 -7.590814e-001  6.165681e-001
    outer loop
      vertex  1.353582e+000 -1.159096e-002  5.530391e-001
      vertex  1.346506e+000 -1.318045e-002  5.486849e-001
      vertex  1.353487e+000 -1.454038e-002  5.493757e-001
    endloop
  endfacet
  facet normal -1.562496e-001 -7.673723e-001  6.218729e-001
    outer loop
      vertex  1.353582e+000 -1.159096e-002  5.530391e-001
      vertex  1.353487e+000 -1.454038e-002  5.493757e-001
      vertex  1.361048e+000 -1.252378e-002  5.537639e-001
    endloop
  endfacet
  facet normal -1.562492e-001 -7.673726e-001  6.218725e-001
    outer loop
      vertex  1.361048e+000 -1.252378e-002  5.537639e-001
      vertex  1.353487e+000 -1.454038e-002  5.493757e-001
      vertex  1.360947e+000 -1.563714e-002  5.498968e-001
    endloop
  endfacet
  facet normal -8.491204e-002 -7.750357e-001  6.261865e-001
    outer loop
      vertex  1.361048e+000 -1.252378e-002  5.537639e-001
      vertex  1.360947e+000 -1.563714e-002  5.498968e-001
      vertex  1.376867e+000 -1.369662e-002  5.544574e-001
    endloop
  endfacet
  facet normal -8.491269e-002 -7.750342e-001  6.261882e-001
    outer loop
      vertex  1.376867e+000 -1.369662e-002  5.544574e-001
      vertex  1.360947e+000 -1.563714e-002  5.498968e-001
      vertex  1.376762e+000 -1.696685e-002  5.503955e-001
    endloop
  endfacet
  facet normal  4.598175e-003 -7.789770e-001  6.270357e-001
    outer loop
      vertex  1.376867e+000 -1.369662e-002  5.544574e-001
      vertex  1.376762e+000 -1.696685e-002  5.503955e-001
      vertex  1.392912e+000 -1.388234e-002  5.541090e-001
    endloop
  endfacet
  facet normal  4.597876e-003 -7.789763e-001  6.270364e-001
    outer loop
      vertex  1.392912e+000 -1.388234e-002  5.541090e-001
      vertex  1.376762e+000 -1.696685e-002  5.503955e-001
      vertex  1.392809e+000 -1.707376e-002  5.501450e-001
    endloop
  endfacet
  facet normal  7.369624e-002 -7.777440e-001  6.242461e-001
    outer loop
      vertex  1.392912e+000 -1.388234e-002  5.541090e-001
      vertex  1.392809e+000 -1.707376e-002  5.501450e-001
      vertex  1.400656e+000 -1.359801e-002  5.535490e-001
    endloop
  endfacet
  facet normal  7.369984e-002 -7.777475e-001  6.242414e-001
    outer loop
      vertex  1.400656e+000 -1.359801e-002  5.535490e-001
      vertex  1.392809e+000 -1.707376e-002  5.501450e-001
      vertex  1.400557e+000 -1.666275e-002  5.497423e-001
    endloop
  endfacet
  facet normal  1.235266e-001 -7.745315e-001  6.203564e-001
    outer loop
      vertex  1.400656e+000 -1.359801e-002  5.535490e-001
      vertex  1.400557e+000 -1.666275e-002  5.497423e-001
      vertex  1.408027e+000 -1.306756e-002  5.527437e-001
    endloop
  endfacet
  facet normal  1.235205e-001 -7.745259e-001  6.203647e-001
    outer loop
      vertex  1.408027e+000 -1.306756e-002  5.527437e-001
      vertex  1.400557e+000 -1.666275e-002  5.497423e-001
      vertex  1.407933e+000 -1.595016e-002  5.491633e-001
    endloop
  endfacet
  facet normal  1.884736e-001 -7.673532e-001  6.129003e-001
    outer loop
      vertex  1.408027e+000 -1.306756e-002  5.527437e-001
      vertex  1.407933e+000 -1.595016e-002  5.491633e-001
      vertex  1.417043e+000 -1.199467e-002  5.513144e-001
    endloop
  endfacet
  facet normal  1.884766e-001 -7.673571e-001  6.128945e-001
    outer loop
      vertex  1.417043e+000 -1.199467e-002  5.513144e-001
      vertex  1.407933e+000 -1.595016e-002  5.491633e-001
      vertex  1.416960e+000 -1.455395e-002  5.481355e-001
    endloop
  endfacet
  facet normal  2.771731e-001 -7.519199e-001  5.981568e-001
    outer loop
      vertex  1.417043e+000 -1.199467e-002  5.513144e-001
      vertex  1.416960e+000 -1.455395e-002  5.481355e-001
      vertex  1.424868e+000 -1.053627e-002  5.495214e-001
    endloop
  endfacet
  facet normal  2.771679e-001 -7.519135e-001  5.981672e-001
    outer loop
      vertex  1.424868e+000 -1.053627e-002  5.495214e-001
      vertex  1.416960e+000 -1.455395e-002  5.481355e-001
      vertex  1.424799e+000 -1.269000e-002  5.468463e-001
    endloop
  endfacet
  facet normal  3.909618e-001 -7.218630e-001  5.710191e-001
    outer loop
      vertex  1.424868e+000 -1.053627e-002  5.495214e-001
      vertex  1.424799e+000 -1.269000e-002  5.468463e-001
      vertex  1.431252e+000 -8.739254e-003  5.474225e-001
    endloop
  endfacet
  facet normal  3.909645e-001 -7.218665e-001  5.710128e-001
    outer loop
      vertex  1.431252e+000 -8.739254e-003  5.474225e-001
      vertex  1.424799e+000 -1.269000e-002  5.468463e-001
      vertex  1.431198e+000 -1.041820e-002  5.453371e-001
    endloop
  endfacet
  facet normal  5.448204e-001 -6.600322e-001  5.172313e-001
    outer loop
      vertex  1.431252e+000 -8.739254e-003  5.474225e-001
      vertex  1.431198e+000 -1.041820e-002  5.453371e-001
      vertex  1.435988e+000 -6.661364e-003  5.450850e-001
    endloop
  endfacet
  facet normal  5.448188e-001 -6.600298e-001  5.172361e-001
    outer loop
      vertex  1.435988e+000 -6.661364e-003  5.450850e-001
      vertex  1.431198e+000 -1.041820e-002  5.453371e-001
      vertex  1.435951e+000 -7.811566e-003  5.436563e-001
    endloop
  endfacet
  facet normal  6.994862e-001 -5.654243e-001  4.370520e-001
    outer loop
      vertex  1.435988e+000 -6.661364e-003  5.450850e-001
      vertex  1.435951e+000 -7.811566e-003  5.436563e-001
      vertex  1.437806e+000 -5.445588e-003  5.437495e-001
    endloop
  endfacet
  facet normal  6.995009e-001 -5.654344e-001  4.370154e-001
    outer loop
      vertex  1.437806e+000 -5.445588e-003  5.437495e-001
      vertex  1.435951e+000 -7.811566e-003  5.436563e-001
      vertex  1.437778e+000 -6.293727e-003  5.426961e-001
    endloop
  endfacet
  facet normal  8.217736e-001 -4.541110e-001  3.441964e-001
    outer loop
      vertex  1.437806e+000 -5.445588e-003  5.437495e-001
      vertex  1.437778e+000 -6.293727e-003  5.426961e-001
      vertex  1.439080e+000 -4.178670e-003  5.423789e-001
    endloop
  endfacet
  facet normal  8.217801e-001 -4.541188e-001  3.441708e-001
    outer loop
      vertex  1.439080e+000 -4.178670e-003  5.423789e-001
      vertex  1.437778e+000 -6.293727e-003  5.426961e-001
      vertex  1.439062e+000 -4.716781e-003  5.417106e-001
    endloop
  endfacet
  facet normal  9.264623e-001 -3.046236e-001  2.210703e-001
    outer loop
      vertex  1.439080e+000 -4.178670e-003  5.423789e-001
      vertex  1.439062e+000 -4.716781e-003  5.417106e-001
      vertex  1.439728e+000 -3.068277e-003  5.411935e-001
    endloop
  endfacet
  facet normal  9.264401e-001 -3.045563e-001  2.212562e-001
    outer loop
      vertex  1.439728e+000 -3.068277e-003  5.411935e-001
      vertex  1.439062e+000 -4.716781e-003  5.417106e-001
      vertex  1.439719e+000 -3.338252e-003  5.408583e-001
    endloop
  endfacet
  facet normal -3.811890e-001 -8.435895e-001  3.782217e-001
    outer loop
      vertex  1.331163e+000 -8.468002e-003  5.461171e-001
      vertex  1.331123e+000 -9.708453e-003  5.433100e-001
      vertex  1.338162e+000 -1.100101e-002  5.475219e-001
    endloop
  endfacet
  facet normal -3.811944e-001 -8.435822e-001  3.782328e-001
    outer loop
      vertex  1.338162e+000 -1.100101e-002  5.475219e-001
      vertex  1.331123e+000 -9.708453e-003  5.433100e-001
      vertex  1.338113e+000 -1.252633e-002  5.440702e-001
    endloop
  endfacet
  facet normal -2.832350e-001 -8.757123e-001  3.910318e-001
    outer loop
      vertex  1.338162e+000 -1.100101e-002  5.475219e-001
      vertex  1.338113e+000 -1.252633e-002  5.440702e-001
      vertex  1.346506e+000 -1.318045e-002  5.486849e-001
    endloop
  endfacet
  facet normal -2.832337e-001 -8.757138e-001  3.910292e-001
    outer loop
      vertex  1.346506e+000 -1.318045e-002  5.486849e-001
      vertex  1.338113e+000 -1.252633e-002  5.440702e-001
      vertex  1.346449e+000 -1.494162e-002  5.446995e-001
    endloop
  endfacet
  facet normal -2.132103e-001 -8.925095e-001  3.974519e-001
    outer loop
      vertex  1.346506e+000 -1.318045e-002  5.486849e-001
      vertex  1.346449e+000 -1.494162e-002  5.446995e-001
      vertex  1.353487e+000 -1.454038e-002  5.493757e-001
    endloop
  endfacet
  facet normal -2.132094e-001 -8.925104e-001  3.974507e-001
    outer loop
      vertex  1.353487e+000 -1.454038e-002  5.493757e-001
      vertex  1.346449e+000 -1.494162e-002  5.446995e-001
      vertex  1.353426e+000 -1.644163e-002  5.450733e-001
    endloop
  endfacet
  facet normal -1.605961e-001 -9.019488e-001  4.008707e-001
    outer loop
      vertex  1.353487e+000 -1.454038e-002  5.493757e-001
      vertex  1.353426e+000 -1.644163e-002  5.450733e-001
      vertex  1.360947e+000 -1.563714e-002  5.498968e-001
    endloop
  endfacet
  facet normal -1.605962e-001 -9.019487e-001  4.008710e-001
    outer loop
      vertex  1.360947e+000 -1.563714e-002  5.498968e-001
      vertex  1.353426e+000 -1.644163e-002  5.450733e-001
      vertex  1.360883e+000 -1.764407e-002  5.453553e-001
    endloop
  endfacet
  facet normal -8.928984e-002 -9.105451e-001  4.036520e-001
    outer loop
      vertex  1.360947e+000 -1.563714e-002  5.498968e-001
      vertex  1.360883e+000 -1.764407e-002  5.453553e-001
      vertex  1.376762e+000 -1.696685e-002  5.503955e-001
    endloop
  endfacet
  facet normal -8.929033e-002 -9.105444e-001  4.036535e-001
    outer loop
      vertex  1.376762e+000 -1.696685e-002  5.503955e-001
      vertex  1.360883e+000 -1.764407e-002  5.453553e-001
      vertex  1.376693e+000 -1.907490e-002  5.456252e-001
    endloop
  endfacet
  facet normal  2.155471e-004 -9.146711e-001  4.041990e-001
    outer loop
      vertex  1.376762e+000 -1.696685e-002  5.503955e-001
      vertex  1.376693e+000 -1.907490e-002  5.456252e-001
      vertex  1.392809e+000 -1.707376e-002  5.501450e-001
    endloop
  endfacet
  facet normal  2.165262e-004 -9.146723e-001  4.041961e-001
    outer loop
      vertex  1.392809e+000 -1.707376e-002  5.501450e-001
      vertex  1.376693e+000 -1.907490e-002  5.456252e-001
      vertex  1.392743e+000 -1.913101e-002  5.454896e-001
    endloop
  endfacet
  facet normal  6.933548e-002 -9.128352e-001  4.023983e-001
    outer loop
      vertex  1.392809e+000 -1.707376e-002  5.501450e-001
      vertex  1.392743e+000 -1.913101e-002  5.454896e-001
      vertex  1.400557e+000 -1.666275e-002  5.497423e-001
    endloop
  endfacet
  facet normal  6.933434e-002 -9.128345e-001  4.024000e-001
    outer loop
      vertex  1.400557e+000 -1.666275e-002  5.497423e-001
      vertex  1.392743e+000 -1.913101e-002  5.454896e-001
      vertex  1.400494e+000 -1.863835e-002  5.452717e-001
    endloop
  endfacet
  facet normal  1.191849e-001 -9.087785e-001  3.998957e-001
    outer loop
      vertex  1.400557e+000 -1.666275e-002  5.497423e-001
      vertex  1.400494e+000 -1.863835e-002  5.452717e-001
      vertex  1.407933e+000 -1.595016e-002  5.491633e-001
    endloop
  endfacet
  facet normal  1.191837e-001 -9.087778e-001  3.998976e-001
    outer loop
      vertex  1.407933e+000 -1.595016e-002  5.491633e-001
      vertex  1.400494e+000 -1.863835e-002  5.452717e-001
      vertex  1.407874e+000 -1.780834e-002  5.449584e-001
    endloop
  endfacet
  facet normal  1.841921e-001 -8.999887e-001  3.950870e-001
    outer loop
      vertex  1.407933e+000 -1.595016e-002  5.491633e-001
      vertex  1.407874e+000 -1.780834e-002  5.449584e-001
      vertex  1.416960e+000 -1.455395e-002  5.481355e-001
    endloop
  endfacet
  facet normal  1.841922e-001 -8.999888e-001  3.950866e-001
    outer loop
      vertex  1.416960e+000 -1.455395e-002  5.481355e-001
      vertex  1.407874e+000 -1.780834e-002  5.449584e-001
      vertex  1.416907e+000 -1.620372e-002  5.444022e-001
    endloop
  endfacet
  facet normal  2.729880e-001 -8.813618e-001  3.855893e-001
    outer loop
      vertex  1.416960e+000 -1.455395e-002  5.481355e-001
      vertex  1.416907e+000 -1.620372e-002  5.444022e-001
      vertex  1.424799e+000 -1.269000e-002  5.468463e-001
    endloop
  endfacet
  facet normal  2.729919e-001 -8.813644e-001  3.855804e-001
    outer loop
      vertex  1.424799e+000 -1.269000e-002  5.468463e-001
      vertex  1.416907e+000 -1.620372e-002  5.444022e-001
      vertex  1.424754e+000 -1.407833e-002  5.437047e-001
    endloop
  endfacet
  facet normal  3.869720e-001 -8.454423e-001  3.680762e-001
    outer loop
      vertex  1.424799e+000 -1.269000e-002  5.468463e-001
      vertex  1.424754e+000 -1.407833e-002  5.437047e-001
      vertex  1.431198e+000 -1.041820e-002  5.453371e-001
    endloop
  endfacet
  facet normal  3.869663e-001 -8.454387e-001  3.680905e-001
    outer loop
      vertex  1.431198e+000 -1.041820e-002  5.453371e-001
      vertex  1.424754e+000 -1.407833e-002  5.437047e-001
      vertex  1.431163e+000 -1.150047e-002  5.428880e-001
    endloop
  endfacet
  facet normal  5.412042e-001 -7.719634e-001  3.334225e-001
    outer loop
      vertex  1.431198e+000 -1.041820e-002  5.453371e-001
      vertex  1.431163e+000 -1.150047e-002  5.428880e-001
      vertex  1.435951e+000 -7.811566e-003  5.436563e-001
    endloop
  endfacet
  facet normal  5.412039e-001 -7.719632e-001  3.334234e-001
    outer loop
      vertex  1.435951e+000 -7.811566e-003  5.436563e-001
      vertex  1.431163e+000 -1.150047e-002  5.428880e-001
      vertex  1.435927e+000 -8.553007e-003  5.419785e-001
    endloop
  endfacet
  facet normal  6.964486e-001 -6.599916e-001  2.817278e-001
    outer loop
      vertex  1.435951e+000 -7.811566e-003  5.436563e-001
      vertex  1.435927e+000 -8.553007e-003  5.419785e-001
      vertex  1.437778e+000 -6.293727e-003  5.426961e-001
    endloop
  endfacet
  facet normal  6.964399e-001 -6.599914e-001  2.817492e-001
    outer loop
      vertex  1.437778e+000 -6.293727e-003  5.426961e-001
      vertex  1.435927e+000 -8.553007e-003  5.419785e-001
      vertex  1.437761e+000 -6.840453e-003  5.414589e-001
    endloop
  endfacet
  facet normal  8.193744e-001 -5.285596e-001  2.219242e-001
    outer loop
      vertex  1.437778e+000 -6.293727e-003  5.426961e-001
      vertex  1.437761e+000 -6.840453e-003  5.414589e-001
      vertex  1.439062e+000 -4.716781e-003  5.417106e-001
    endloop
  endfacet
  facet normal  8.193625e-001 -5.285579e-001  2.219723e-001
    outer loop
      vertex  1.439062e+000 -4.716781e-003  5.417106e-001
      vertex  1.437761e+000 -6.840453e-003  5.414589e-001
      vertex  1.439051e+000 -5.063657e-003  5.409256e-001
    endloop
  endfacet
  facet normal  9.249031e-001 -3.524283e-001  1.426479e-001
    outer loop
      vertex  1.439062e+000 -4.716781e-003  5.417106e-001
      vertex  1.439051e+000 -5.063657e-003  5.409256e-001
      vertex  1.439719e+000 -3.338252e-003  5.408583e-001
    endloop
  endfacet
  facet normal  9.249161e-001 -3.524375e-001  1.425416e-001
    outer loop
      vertex  1.439719e+000 -3.338252e-003  5.408583e-001
      vertex  1.439051e+000 -5.063657e-003  5.409256e-001
      vertex  1.439713e+000 -3.512283e-003  5.404644e-001
    endloop
  endfacet
  facet normal -3.834126e-001 -9.122924e-001  1.439358e-001
    outer loop
      vertex  1.331123e+000 -9.708453e-003  5.433100e-001
      vertex  1.331107e+000 -1.018050e-002  5.402774e-001
      vertex  1.338113e+000 -1.252633e-002  5.440702e-001
    endloop
  endfacet
  facet normal -3.834134e-001 -9.122917e-001  1.439376e-001
    outer loop
      vertex  1.338113e+000 -1.252633e-002  5.440702e-001
      vertex  1.331107e+000 -1.018050e-002  5.402774e-001
      vertex  1.338094e+000 -1.310678e-002  5.403411e-001
    endloop
  endfacet
  facet normal -2.855282e-001 -9.467471e-001  1.488074e-001
    outer loop
      vertex  1.338113e+000 -1.252633e-002  5.440702e-001
      vertex  1.338094e+000 -1.310678e-002  5.403411e-001
      vertex  1.346449e+000 -1.494162e-002  5.446995e-001
    endloop
  endfacet
  facet normal -2.855286e-001 -9.467467e-001  1.488085e-001
    outer loop
      vertex  1.346449e+000 -1.494162e-002  5.446995e-001
      vertex  1.338094e+000 -1.310678e-002  5.403411e-001
      vertex  1.346428e+000 -1.561182e-002  5.403939e-001
    endloop
  endfacet
  facet normal -2.155426e-001 -9.647095e-001  1.512514e-001
    outer loop
      vertex  1.346449e+000 -1.494162e-002  5.446995e-001
      vertex  1.346428e+000 -1.561182e-002  5.403939e-001
      vertex  1.353426e+000 -1.644163e-002  5.450733e-001
    endloop
  endfacet
  facet normal -2.155402e-001 -9.647107e-001  1.512476e-001
    outer loop
      vertex  1.353426e+000 -1.644163e-002  5.450733e-001
      vertex  1.346428e+000 -1.561182e-002  5.403939e-001
      vertex  1.353402e+000 -1.716515e-002  5.404252e-001
    endloop
  endfacet
  facet normal -1.629484e-001 -9.747700e-001  1.525496e-001
    outer loop
      vertex  1.353426e+000 -1.644163e-002  5.450733e-001
      vertex  1.353402e+000 -1.716515e-002  5.404252e-001
      vertex  1.360883e+000 -1.764407e-002  5.453553e-001
    endloop
  endfacet
  facet normal -1.629489e-001 -9.747697e-001  1.525503e-001
    outer loop
      vertex  1.360883e+000 -1.764407e-002  5.453553e-001
      vertex  1.353402e+000 -1.716515e-002  5.404252e-001
      vertex  1.360858e+000 -1.840780e-002  5.404489e-001
    endloop
  endfacet
  facet normal -9.165882e-002 -9.838715e-001  1.536088e-001
    outer loop
      vertex  1.360883e+000 -1.764407e-002  5.453553e-001
      vertex  1.360858e+000 -1.840780e-002  5.404489e-001
      vertex  1.376693e+000 -1.907490e-002  5.456252e-001
    endloop
  endfacet
  facet normal -9.165843e-002 -9.838717e-001  1.536076e-001
    outer loop
      vertex  1.376693e+000 -1.907490e-002  5.456252e-001
      vertex  1.360858e+000 -1.840780e-002  5.404489e-001
      vertex  1.376667e+000 -1.987712e-002  5.404714e-001
    endloop
  endfacet
  facet normal -2.154981e-003 -9.880971e-001  1.538159e-001
    outer loop
      vertex  1.376693e+000 -1.907490e-002  5.456252e-001
      vertex  1.376667e+000 -1.987712e-002  5.404714e-001
      vertex  1.392743e+000 -1.913101e-002  5.454896e-001
    endloop
  endfacet
  facet normal -2.155151e-003 -9.880971e-001  1.538164e-001
    outer loop
      vertex  1.392743e+000 -1.913101e-002  5.454896e-001
      vertex  1.376667e+000 -1.987712e-002  5.404714e-001
      vertex  1.392717e+000 -1.991389e-002  5.404601e-001
    endloop
  endfacet
  facet normal  6.697317e-002 -9.859336e-001  1.531324e-001
    outer loop
      vertex  1.392743e+000 -1.913101e-002  5.454896e-001
      vertex  1.392717e+000 -1.991389e-002  5.404601e-001
      vertex  1.400494e+000 -1.863835e-002  5.452717e-001
    endloop
  endfacet
  facet normal  6.697314e-002 -9.859337e-001  1.531324e-001
    outer loop
      vertex  1.400494e+000 -1.863835e-002  5.452717e-001
      vertex  1.392717e+000 -1.991389e-002  5.404601e-001
      vertex  1.400469e+000 -1.939015e-002  5.404419e-001
    endloop
  endfacet
  facet normal  1.168377e-001 -9.814226e-001  1.521794e-001
    outer loop
      vertex  1.400494e+000 -1.863835e-002  5.452717e-001
      vertex  1.400469e+000 -1.939015e-002  5.404419e-001
      vertex  1.407874e+000 -1.780834e-002  5.449584e-001
    endloop
  endfacet
  facet normal  1.168377e-001 -9.814227e-001  1.521796e-001
    outer loop
      vertex  1.407874e+000 -1.780834e-002  5.449584e-001
      vertex  1.400469e+000 -1.939015e-002  5.404419e-001
      vertex  1.407851e+000 -1.851546e-002  5.404156e-001
    endloop
  endfacet
  facet normal  1.818735e-001 -9.717599e-001  1.503487e-001
    outer loop
      vertex  1.407874e+000 -1.780834e-002  5.449584e-001
      vertex  1.407851e+000 -1.851546e-002  5.404156e-001
      vertex  1.416907e+000 -1.620372e-002  5.444022e-001
    endloop
  endfacet
  facet normal  1.818732e-001 -9.717599e-001  1.503493e-001
    outer loop
      vertex  1.416907e+000 -1.620372e-002  5.444022e-001
      vertex  1.407851e+000 -1.851546e-002  5.404156e-001
      vertex  1.416887e+000 -1.683153e-002  5.403690e-001
    endloop
  endfacet
  facet normal  2.707305e-001 -9.514062e-001  1.467346e-001
    outer loop
      vertex  1.416907e+000 -1.620372e-002  5.444022e-001
      vertex  1.416887e+000 -1.683153e-002  5.403690e-001
      vertex  1.424754e+000 -1.407833e-002  5.437047e-001
    endloop
  endfacet
  facet normal  2.707327e-001 -9.514065e-001  1.467298e-001
    outer loop
      vertex  1.424754e+000 -1.407833e-002  5.437047e-001
      vertex  1.416887e+000 -1.683153e-002  5.403690e-001
      vertex  1.424737e+000 -1.460665e-002  5.403105e-001
    endloop
  endfacet
  facet normal  3.848054e-001 -9.123076e-001  1.400694e-001
    outer loop
      vertex  1.424754e+000 -1.407833e-002  5.437047e-001
      vertex  1.424737e+000 -1.460665e-002  5.403105e-001
      vertex  1.431163e+000 -1.150047e-002  5.428880e-001
    endloop
  endfacet
  facet normal  3.848033e-001 -9.123077e-001  1.400750e-001
    outer loop
      vertex  1.431163e+000 -1.150047e-002  5.428880e-001
      vertex  1.424737e+000 -1.460665e-002  5.403105e-001
      vertex  1.431150e+000 -1.191233e-002  5.402421e-001
    endloop
  endfacet
  facet normal  5.392483e-001 -8.325338e-001  1.268807e-001
    outer loop
      vertex  1.431163e+000 -1.150047e-002  5.428880e-001
      vertex  1.431150e+000 -1.191233e-002  5.402421e-001
      vertex  1.435927e+000 -8.553007e-003  5.419785e-001
    endloop
  endfacet
  facet normal  5.392522e-001 -8.325331e-001  1.268686e-001
    outer loop
      vertex  1.435927e+000 -8.553007e-003  5.419785e-001
      vertex  1.431150e+000 -1.191233e-002  5.402421e-001
      vertex  1.435918e+000 -8.835160e-003  5.401658e-001
    endloop
  endfacet
  facet normal  6.947870e-001 -7.111825e-001  1.071936e-001
    outer loop
      vertex  1.435927e+000 -8.553007e-003  5.419785e-001
      vertex  1.435918e+000 -8.835160e-003  5.401658e-001
      vertex  1.437761e+000 -6.840453e-003  5.414589e-001
    endloop
  endfacet
  facet normal  6.947789e-001 -7.111875e-001  1.072127e-001
    outer loop
      vertex  1.437761e+000 -6.840453e-003  5.414589e-001
      vertex  1.435918e+000 -8.835160e-003  5.401658e-001
      vertex  1.437754e+000 -7.048509e-003  5.401223e-001
    endloop
  endfacet
  facet normal  8.180656e-001 -5.688918e-001  8.444387e-002
    outer loop
      vertex  1.437761e+000 -6.840453e-003  5.414589e-001
      vertex  1.437754e+000 -7.048509e-003  5.401223e-001
      vertex  1.439051e+000 -5.063657e-003  5.409256e-001
    endloop
  endfacet
  facet normal  8.180689e-001 -5.688890e-001  8.443148e-002
    outer loop
      vertex  1.439051e+000 -5.063657e-003  5.409256e-001
      vertex  1.437754e+000 -7.048509e-003  5.401223e-001
      vertex  1.439047e+000 -5.195660e-003  5.400776e-001
    endloop
  endfacet
  facet normal  9.240788e-001 -3.783345e-001  5.423575e-002
    outer loop
      vertex  1.439051e+000 -5.063657e-003  5.409256e-001
      vertex  1.439047e+000 -5.195660e-003  5.400776e-001
      vertex  1.439713e+000 -3.512283e-003  5.404644e-001
    endloop
  endfacet
  facet normal  9.240937e-001 -3.783142e-001  5.412155e-002
    outer loop
      vertex  1.439713e+000 -3.512283e-003  5.404644e-001
      vertex  1.439047e+000 -5.195660e-003  5.400776e-001
      vertex  1.439711e+000 -3.578510e-003  5.400389e-001
    endloop
  endfacet
  facet normal  9.994787e-001 -3.228430e-002 -2.522236e-006
    outer loop
      vertex  2.383183e-001  4.669154e-002  5.400000e-001
      vertex  2.385935e-001  5.521171e-002  5.386060e-001
      vertex  2.383076e-001  4.635878e-002  5.425594e-001
    endloop
  endfacet
  facet normal  9.994788e-001 -3.228141e-002  6.391626e-008
    outer loop
      vertex  2.379172e-001  3.427447e-002  5.595458e-001
      vertex  2.380013e-001  3.687756e-002  5.499985e-001
      vertex  2.380968e-001  3.983502e-002  5.591490e-001
    endloop
  endfacet
  facet normal  9.994788e-001 -3.228293e-002 -1.174476e-006
    outer loop
      vertex  2.376837e-001  2.704426e-002  5.374406e-001
      vertex  2.373444e-001  1.653836e-002  5.358308e-001
      vertex  2.377152e-001  2.802035e-002  5.350516e-001
    endloop
  endfacet
  facet normal  9.994788e-001 -3.228207e-002  4.216435e-006
    outer loop
      vertex  2.382702e-001  4.520314e-002  5.347486e-001
      vertex  2.382177e-001  4.357680e-002  5.327449e-001
      vertex  2.385553e-001  5.402782e-002  5.331557e-001
    endloop
  endfacet
  facet normal  9.994788e-001 -3.228246e-002 -1.860675e-006
    outer loop
      vertex  2.374073e-001  1.848755e-002  5.306053e-001
      vertex  2.375152e-001  2.182923e-002  5.261408e-001
      vertex  2.379899e-001  3.652548e-002  5.300016e-001
    endloop
  endfacet
  facet normal  9.994788e-001 -3.228281e-002 -1.235037e-005
    outer loop
      vertex  2.374073e-001  1.848755e-002  5.306053e-001
      vertex  2.379899e-001  3.652548e-002  5.300016e-001
      vertex  2.379075e-001  3.397430e-002  5.303798e-001
    endloop
  endfacet
  facet normal  9.994788e-001 -3.228275e-002 -8.567686e-006
    outer loop
      vertex  2.374073e-001  1.848755e-002  5.306053e-001
      vertex  2.379075e-001  3.397430e-002  5.303798e-001
      vertex  2.378310e-001  3.160487e-002  5.313993e-001
    endloop
  endfacet
  facet normal  9.994788e-001 -3.228351e-002  3.982609e-006
    outer loop
      vertex  2.374073e-001  1.848755e-002  5.306053e-001
      vertex  2.378310e-001  3.160487e-002  5.313993e-001
      vertex  2.377654e-001  2.957515e-002  5.329919e-001
    endloop
  endfacet
  facet normal  9.994788e-001 -3.228242e-002 -1.099496e-006
    outer loop
      vertex  2.374073e-001  1.848755e-002  5.306053e-001
      vertex  2.377654e-001  2.957515e-002  5.329919e-001
      vertex  2.377152e-001  2.802035e-002  5.350516e-001
    endloop
  endfacet
  facet normal  9.994788e-001 -3.228286e-002 -1.413296e-007
    outer loop
      vertex  2.374073e-001  1.848755e-002  5.306053e-001
      vertex  2.377152e-001  2.802035e-002  5.350516e-001
      vertex  2.373444e-001  1.653836e-002  5.358308e-001
    endloop
  endfacet
  facet normal  9.994787e-001 -3.228617e-002  5.188838e-006
    outer loop
      vertex  2.383417e-001  4.741606e-002  5.243150e-001
      vertex  2.384690e-001  5.135715e-002  5.282598e-001
      vertex  2.381837e-001  4.252382e-002  5.216410e-001
    endloop
  endfacet
  facet normal  9.994788e-001 -3.228234e-002  8.621340e-008
    outer loop
      vertex  2.381837e-001  4.252382e-002  5.216410e-001
      vertex  2.384690e-001  5.135715e-002  5.282598e-001
      vertex  2.380727e-001  3.908840e-002  5.302896e-001
    endloop
  endfacet
  facet normal  9.994787e-001 -3.228477e-002 -8.772348e-007
    outer loop
      vertex  2.381837e-001  4.252382e-002  5.216410e-001
      vertex  2.380727e-001  3.908840e-002  5.302896e-001
      vertex  2.380077e-001  3.707678e-002  5.204543e-001
    endloop
  endfacet
  facet normal  9.994786e-001 -3.228772e-002 -2.744041e-007
    outer loop
      vertex  2.380077e-001  3.707678e-002  5.204543e-001
      vertex  2.380727e-001  3.908840e-002  5.302896e-001
      vertex  2.379899e-001  3.652548e-002  5.300016e-001
    endloop
  endfacet
  facet normal  9.994788e-001 -3.228141e-002  8.992269e-008
    outer loop
      vertex  2.380077e-001  3.707678e-002  5.204543e-001
      vertex  2.379899e-001  3.652548e-002  5.300016e-001
      vertex  2.378281e-001  3.151624e-002  5.208511e-001
    endloop
  endfacet
  facet normal  9.994788e-001 -3.228323e-002  1.085138e-006
    outer loop
      vertex  2.378281e-001  3.151624e-002  5.208511e-001
      vertex  2.379899e-001  3.652548e-002  5.300016e-001
      vertex  2.375152e-001  2.182923e-002  5.261408e-001
    endloop
  endfacet
  facet normal  9.994789e-001 -3.227859e-002  9.596353e-006
    outer loop
      vertex  2.378281e-001  3.151624e-002  5.208511e-001
      vertex  2.375152e-001  2.182923e-002  5.261408e-001
      vertex  2.376594e-001  2.629266e-002  5.227992e-001
    endloop
  endfacet
  facet normal  9.994788e-001 -3.228245e-002  5.812237e-006
    outer loop
      vertex  2.379185e-001  3.431464e-002  5.497104e-001
      vertex  2.380013e-001  3.687756e-002  5.499985e-001
      vertex  2.374560e-001  1.999410e-002  5.517403e-001
    endloop
  endfacet
  facet normal  9.994788e-001 -3.228309e-002 -3.945013e-007
    outer loop
      vertex  2.374560e-001  1.999410e-002  5.517403e-001
      vertex  2.380013e-001  3.687756e-002  5.499985e-001
      vertex  2.379172e-001  3.427447e-002  5.595458e-001
    endloop
  endfacet
  facet normal  9.994787e-001 -3.228610e-002  5.099855e-006
    outer loop
      vertex  2.374560e-001  1.999410e-002  5.517403e-001
      vertex  2.379172e-001  3.427447e-002  5.595458e-001
      vertex  2.375833e-001  2.393520e-002  5.556850e-001
    endloop
  endfacet
  facet normal  9.994787e-001 -3.228607e-002  5.029312e-006
    outer loop
      vertex  2.375833e-001  2.393520e-002  5.556850e-001
      vertex  2.379172e-001  3.427447e-002  5.595458e-001
      vertex  2.377413e-001  2.882743e-002  5.583590e-001
    endloop
  endfacet
  facet normal  9.994788e-001 -3.228408e-002 -5.645921e-006
    outer loop
      vertex  2.379185e-001  3.431464e-002  5.497104e-001
      vertex  2.374560e-001  1.999410e-002  5.517403e-001
      vertex  2.378409e-001  3.191078e-002  5.487752e-001
    endloop
  endfacet
  facet normal  9.994788e-001 -3.228252e-002  6.187497e-007
    outer loop
      vertex  2.378409e-001  3.191078e-002  5.487752e-001
      vertex  2.374560e-001  1.999410e-002  5.517403e-001
      vertex  2.373697e-001  1.732343e-002  5.468444e-001
    endloop
  endfacet
  facet normal  9.994788e-001 -3.228321e-002  5.839089e-006
    outer loop
      vertex  2.378409e-001  3.191078e-002  5.487752e-001
      vertex  2.373697e-001  1.732343e-002  5.468444e-001
      vertex  2.377736e-001  2.982625e-002  5.472551e-001
    endloop
  endfacet
  facet normal  9.994787e-001 -3.228293e-002 -2.692113e-006
    outer loop
      vertex  2.377736e-001  2.982625e-002  5.472551e-001
      vertex  2.373697e-001  1.732343e-002  5.468444e-001
      vertex  2.377210e-001  2.819990e-002  5.452515e-001
    endloop
  endfacet
  facet normal  9.994788e-001 -3.228253e-002  4.166888e-008
    outer loop
      vertex  2.377210e-001  2.819990e-002  5.452515e-001
      vertex  2.373697e-001  1.732343e-002  5.468444e-001
      vertex  2.373315e-001  1.613954e-002  5.413941e-001
    endloop
  endfacet
  facet normal  9.994788e-001 -3.228181e-002 -2.206176e-006
    outer loop
      vertex  2.377210e-001  2.819990e-002  5.452515e-001
      vertex  2.373315e-001  1.613954e-002  5.413941e-001
      vertex  2.376852e-001  2.709081e-002  5.427294e-001
    endloop
  endfacet
  facet normal  9.994788e-001 -3.228201e-002 -5.307811e-007
    outer loop
      vertex  2.376852e-001  2.709081e-002  5.427294e-001
      vertex  2.373315e-001  1.613954e-002  5.413941e-001
      vertex  2.376729e-001  2.671150e-002  5.400000e-001
    endloop
  endfacet
  facet normal  9.994788e-001 -3.228201e-002 -4.900447e-007
    outer loop
      vertex  2.376729e-001  2.671150e-002  5.400000e-001
      vertex  2.373315e-001  1.613954e-002  5.413941e-001
      vertex  2.373444e-001  1.653836e-002  5.358308e-001
    endloop
  endfacet
  facet normal  9.994788e-001 -3.228365e-002  3.521084e-006
    outer loop
      vertex  2.376729e-001  2.671150e-002  5.400000e-001
      vertex  2.373444e-001  1.653836e-002  5.358308e-001
      vertex  2.376837e-001  2.704426e-002  5.374406e-001
    endloop
  endfacet
  facet normal  9.994789e-001 -3.227855e-002  9.664435e-006
    outer loop
      vertex  2.382655e-001  4.505860e-002  5.572008e-001
      vertex  2.380968e-001  3.983502e-002  5.591490e-001
      vertex  2.384097e-001  4.952202e-002  5.538592e-001
    endloop
  endfacet
  facet normal  9.994788e-001 -3.228343e-002  7.160345e-007
    outer loop
      vertex  2.384097e-001  4.952202e-002  5.538592e-001
      vertex  2.380968e-001  3.983502e-002  5.591490e-001
      vertex  2.380013e-001  3.687756e-002  5.499985e-001
    endloop
  endfacet
  facet normal  9.994788e-001 -3.228261e-002 -1.975631e-006
    outer loop
      vertex  2.384097e-001  4.952202e-002  5.538592e-001
      vertex  2.380013e-001  3.687756e-002  5.499985e-001
      vertex  2.385177e-001  5.286370e-002  5.493948e-001
    endloop
  endfacet
  facet normal  9.994787e-001 -3.228307e-002 -1.410842e-005
    outer loop
      vertex  2.385177e-001  5.286370e-002  5.493948e-001
      vertex  2.380013e-001  3.687756e-002  5.499985e-001
      vertex  2.380837e-001  3.942874e-002  5.496202e-001
    endloop
  endfacet
  facet normal  9.994788e-001 -3.228283e-002 -1.414503e-007
    outer loop
      vertex  2.385177e-001  5.286370e-002  5.493948e-001
      vertex  2.380837e-001  3.942874e-002  5.496202e-001
      vertex  2.385806e-001  5.481290e-002  5.441692e-001
    endloop
  endfacet
  facet normal  9.994792e-001 -3.226999e-002  3.614544e-005
    outer loop
      vertex  2.385806e-001  5.481290e-002  5.441692e-001
      vertex  2.380837e-001  3.942874e-002  5.496202e-001
      vertex  2.381602e-001  4.179817e-002  5.486007e-001
    endloop
  endfacet
  facet normal  9.994787e-001 -3.228470e-002 -7.115696e-006
    outer loop
      vertex  2.385806e-001  5.481290e-002  5.441692e-001
      vertex  2.381602e-001  4.179817e-002  5.486007e-001
      vertex  2.382258e-001  4.382789e-002  5.470081e-001
    endloop
  endfacet
  facet normal  9.994788e-001 -3.228039e-002  6.249847e-006
    outer loop
      vertex  2.383076e-001  4.635878e-002  5.425594e-001
      vertex  2.385935e-001  5.521171e-002  5.386060e-001
      vertex  2.382760e-001  4.538269e-002  5.449485e-001
    endloop
  endfacet
  facet normal  9.994787e-001 -3.228302e-002  2.179283e-006
    outer loop
      vertex  2.382760e-001  4.538269e-002  5.449485e-001
      vertex  2.385935e-001  5.521171e-002  5.386060e-001
      vertex  2.385806e-001  5.481290e-002  5.441692e-001
    endloop
  endfacet
  facet normal  9.994788e-001 -3.228335e-002 -1.862099e-006
    outer loop
      vertex  2.382760e-001  4.538269e-002  5.449485e-001
      vertex  2.385806e-001  5.481290e-002  5.441692e-001
      vertex  2.382258e-001  4.382789e-002  5.470081e-001
    endloop
  endfacet
  facet normal  9.994787e-001 -3.228312e-002 -1.630763e-006
    outer loop
      vertex  2.382702e-001  4.520314e-002  5.347486e-001
      vertex  2.385553e-001  5.402782e-002  5.331557e-001
      vertex  2.383060e-001  4.631223e-002  5.372707e-001
    endloop
  endfacet
  facet normal  9.994788e-001 -3.228359e-002 -2.514726e-006
    outer loop
      vertex  2.383060e-001  4.631223e-002  5.372707e-001
      vertex  2.385553e-001  5.402782e-002  5.331557e-001
      vertex  2.385935e-001  5.521171e-002  5.386060e-001
    endloop
  endfacet
  facet normal  9.994786e-001 -3.228393e-002 -2.418483e-007
    outer loop
      vertex  2.383060e-001  4.631223e-002  5.372707e-001
      vertex  2.385935e-001  5.521171e-002  5.386060e-001
      vertex  2.383183e-001  4.669154e-002  5.400000e-001
    endloop
  endfacet
  facet normal  9.994788e-001 -3.228191e-002  2.731415e-007
    outer loop
      vertex  2.385553e-001  5.402782e-002  5.331557e-001
      vertex  2.382177e-001  4.357680e-002  5.327449e-001
      vertex  2.384690e-001  5.135715e-002  5.282598e-001
    endloop
  endfacet
  facet normal  9.994788e-001 -3.228392e-002 -3.218396e-006
    outer loop
      vertex  2.384690e-001  5.135715e-002  5.282598e-001
      vertex  2.382177e-001  4.357680e-002  5.327449e-001
      vertex  2.381504e-001  4.149226e-002  5.312249e-001
    endloop
  endfacet
  facet normal  9.994788e-001 -3.228164e-002  4.384788e-006
    outer loop
      vertex  2.384690e-001  5.135715e-002  5.282598e-001
      vertex  2.381504e-001  4.149226e-002  5.312249e-001
      vertex  2.380727e-001  3.908840e-002  5.302896e-001
    endloop
  endfacet
  facet normal  5.818027e-004 -9.369414e-001 -3.494859e-001
    outer loop
      vertex  2.374073e-001  1.848755e-002  5.306053e-001
      vertex  2.373444e-001  1.653836e-002  5.358308e-001
      vertex  2.228965e-001  1.673301e-002  5.352849e-001
    endloop
  endfacet
  facet normal  5.664123e-002  7.986283e-001  5.991532e-001
    outer loop
      vertex  2.385177e-001  5.286370e-002  5.493948e-001
      vertex  2.239902e-001  5.059434e-002  5.537931e-001
      vertex  2.384097e-001  4.952202e-002  5.538592e-001
    endloop
  endfacet
  facet normal  5.365328e-002  5.973418e-001  8.001900e-001
    outer loop
      vertex  2.238591e-001  4.653385e-002  5.570655e-001
      vertex  2.382655e-001  4.505860e-002  5.572008e-001
      vertex  2.384097e-001  4.952202e-002  5.538592e-001
    endloop
  endfacet
  facet normal -3.306120e-001  1.808256e-001  9.262816e-001
    outer loop
      vertex  1.800095e-001  4.117481e-002  5.522768e-001
      vertex  1.859787e-001  3.969206e-002  5.546968e-001
      vertex  1.844729e-001  4.145871e-002  5.538145e-001
    endloop
  endfacet
  facet normal  4.832604e-002  3.476576e-001  9.363753e-001
    outer loop
      vertex  2.237051e-001  4.176518e-002  5.591751e-001
      vertex  2.380968e-001  3.983502e-002  5.591490e-001
      vertex  2.382655e-001  4.505860e-002  5.572008e-001
    endloop
  endfacet
  facet normal -2.322942e-001 -2.723880e-001  9.337260e-001
    outer loop
      vertex  1.934423e-001  3.778548e-002  5.567845e-001
      vertex  2.024359e-001  3.549592e-002  5.583540e-001
      vertex  1.959207e-001  3.744214e-002  5.573009e-001
    endloop
  endfacet
  facet normal  4.130239e-002  6.978898e-002  9.967064e-001
    outer loop
      vertex  2.235387e-001  3.661330e-002  5.599778e-001
      vertex  2.379172e-001  3.427447e-002  5.595458e-001
      vertex  2.380968e-001  3.983502e-002  5.591490e-001
    endloop
  endfacet
  facet normal -6.737964e-002 -3.329990e-001  9.405167e-001
    outer loop
      vertex  2.126971e-001  3.292716e-002  5.591848e-001
      vertex  2.253993e-001  2.984514e-002  5.590036e-001
      vertex  2.233712e-001  3.142930e-002  5.594192e-001
    endloop
  endfacet
  facet normal -3.667972e-002 -1.059015e-001  9.937000e-001
    outer loop
      vertex  2.233712e-001  3.142930e-002  5.594192e-001
      vertex  2.235387e-001  3.661330e-002  5.599778e-001
      vertex  2.126971e-001  3.292716e-002  5.591848e-001
    endloop
  endfacet
  facet normal -2.410339e-001 -7.528923e-001  6.124179e-001
    outer loop
      vertex  1.877117e-001  2.628408e-002  5.509098e-001
      vertex  1.954304e-001  2.226288e-002  5.490041e-001
      vertex  1.955219e-001  2.509541e-002  5.525224e-001
    endloop
  endfacet
  facet normal -2.461107e-001 -6.797463e-001  6.909229e-001
    outer loop
      vertex  1.877117e-001  2.628408e-002  5.509098e-001
      vertex  1.955219e-001  2.509541e-002  5.525224e-001
      vertex  1.931037e-001  2.638209e-002  5.529268e-001
    endloop
  endfacet
  facet normal -3.531967e-001 -8.556452e-001  3.783163e-001
    outer loop
      vertex  1.786455e-001  2.598257e-002  5.444953e-001
      vertex  1.839451e-001  2.511929e-002  5.474907e-001
      vertex  1.810356e-001  2.610609e-002  5.470061e-001
    endloop
  endfacet
  facet normal  1.069420e-002 -8.779098e-001  4.787064e-001
    outer loop
      vertex  2.229725e-001  1.908538e-002  5.503973e-001
      vertex  2.373697e-001  1.732343e-002  5.468444e-001
      vertex  2.374560e-001  1.999410e-002  5.517403e-001
    endloop
  endfacet
  facet normal  5.531891e-003 -9.772054e-001  2.122239e-001
    outer loop
      vertex  2.229044e-001  1.697697e-002  5.456261e-001
      vertex  2.373315e-001  1.613954e-002  5.413941e-001
      vertex  2.373697e-001  1.732343e-002  5.468444e-001
    endloop
  endfacet
  facet normal -1.214685e-002 -9.145393e-001  4.043147e-001
    outer loop
      vertex  2.229044e-001  1.697697e-002  5.456261e-001
      vertex  2.373697e-001  1.732343e-002  5.468444e-001
      vertex  2.229725e-001  1.908538e-002  5.503973e-001
    endloop
  endfacet
  facet normal  2.143018e-003 -9.974385e-001 -7.149761e-002
    outer loop
      vertex  2.228785e-001  1.617462e-002  5.404716e-001
      vertex  2.373444e-001  1.653836e-002  5.358308e-001
      vertex  2.373315e-001  1.613954e-002  5.413941e-001
    endloop
  endfacet
  facet normal -3.572768e-001 -9.284995e-001 -1.012027e-001
    outer loop
      vertex  1.789665e-001  2.534498e-002  5.370305e-001
      vertex  1.789551e-001  2.499331e-002  5.402970e-001
      vertex  1.785256e-001  2.548361e-002  5.373151e-001
    endloop
  endfacet
  facet normal -3.122154e-001 -8.817464e-001 -3.536167e-001
    outer loop
      vertex  1.829098e-001  2.511200e-002  5.332612e-001
      vertex  1.884081e-001  2.348295e-002  5.324687e-001
      vertex  1.838904e-001  2.342455e-002  5.366030e-001
    endloop
  endfacet
  facet normal -6.194763e-001  7.029601e-001  3.494229e-001
    outer loop
      vertex  1.692086e-001  4.340842e-002  5.430098e-001
      vertex  1.695821e-001  4.336524e-002  5.437587e-001
      vertex  1.719131e-001  4.526428e-002  5.440708e-001
    endloop
  endfacet
  facet normal -1.387725e-001  6.997225e-002  9.878492e-001
    outer loop
      vertex  1.959207e-001  3.744214e-002  5.573009e-001
      vertex  2.024359e-001  3.549592e-002  5.583540e-001
      vertex  2.092417e-001  3.705671e-002  5.591995e-001
    endloop
  endfacet
  facet normal -1.025853e-001 -8.936708e-002  9.907017e-001
    outer loop
      vertex  2.024359e-001  3.549592e-002  5.583540e-001
      vertex  2.126971e-001  3.292716e-002  5.591848e-001
      vertex  2.092417e-001  3.705671e-002  5.591995e-001
    endloop
  endfacet
  facet normal -5.584502e-002 -5.028021e-002  9.971726e-001
    outer loop
      vertex  2.126971e-001  3.292716e-002  5.591848e-001
      vertex  2.235387e-001  3.661330e-002  5.599778e-001
      vertex  2.092417e-001  3.705671e-002  5.591995e-001
    endloop
  endfacet
  facet normal -1.972847e-001 -6.116298e-001  7.661513e-001
    outer loop
      vertex  2.000070e-001  2.645960e-002  5.547663e-001
      vertex  1.931037e-001  2.638209e-002  5.529268e-001
      vertex  1.955219e-001  2.509541e-002  5.525224e-001
    endloop
  endfacet
  facet normal -1.626004e-001 -6.647730e-001  7.291350e-001
    outer loop
      vertex  1.955219e-001  2.509541e-002  5.525224e-001
      vertex  2.087991e-001  2.335505e-002  5.538965e-001
      vertex  2.000070e-001  2.645960e-002  5.547663e-001
    endloop
  endfacet
  facet normal -1.310035e-001 -5.934927e-001  7.941061e-001
    outer loop
      vertex  2.000070e-001  2.645960e-002  5.547663e-001
      vertex  2.087991e-001  2.335505e-002  5.538965e-001
      vertex  2.107706e-001  2.645351e-002  5.565374e-001
    endloop
  endfacet
  facet normal -7.415469e-002 -6.191463e-001  7.817665e-001
    outer loop
      vertex  2.230781e-001  2.235618e-002  5.544599e-001
      vertex  2.107706e-001  2.645351e-002  5.565374e-001
      vertex  2.087991e-001  2.335505e-002  5.538965e-001
    endloop
  endfacet
  facet normal -3.496632e-001 -7.664139e-001  5.388370e-001
    outer loop
      vertex  1.839451e-001  2.511929e-002  5.474907e-001
      vertex  1.837653e-001  2.619173e-002  5.488993e-001
      vertex  1.810356e-001  2.610609e-002  5.470061e-001
    endloop
  endfacet
  facet normal -2.678500e-001 -7.827637e-001  5.617270e-001
    outer loop
      vertex  1.877117e-001  2.628408e-002  5.509098e-001
      vertex  1.837653e-001  2.619173e-002  5.488993e-001
      vertex  1.839451e-001  2.511929e-002  5.474907e-001
    endloop
  endfacet
  facet normal -2.686049e-001 -7.820759e-001  5.623243e-001
    outer loop
      vertex  1.839451e-001  2.511929e-002  5.474907e-001
      vertex  1.954304e-001  2.226288e-002  5.490041e-001
      vertex  1.877117e-001  2.628408e-002  5.509098e-001
    endloop
  endfacet
  facet normal -3.693022e-001 -9.240490e-001 -9.873872e-002
    outer loop
      vertex  1.789551e-001  2.499331e-002  5.402970e-001
      vertex  1.776006e-001  2.564397e-002  5.392742e-001
      vertex  1.785256e-001  2.548361e-002  5.373151e-001
    endloop
  endfacet
  facet normal  1.895744e-002 -5.231845e-001  8.520085e-001
    outer loop
      vertex  2.357709e-001  2.747571e-002  5.578994e-001
      vertex  2.249322e-001  2.659653e-002  5.576007e-001
      vertex  2.375833e-001  2.393520e-002  5.556850e-001
    endloop
  endfacet
  facet normal  1.259058e-001 -4.789263e-001  8.687791e-001
    outer loop
      vertex  2.357709e-001  2.747571e-002  5.578994e-001
      vertex  2.375833e-001  2.393520e-002  5.556850e-001
      vertex  2.377413e-001  2.882743e-002  5.583590e-001
    endloop
  endfacet
  facet normal  2.023531e-002 -3.481580e-001  9.372174e-001
    outer loop
      vertex  2.357709e-001  2.747571e-002  5.578994e-001
      vertex  2.377413e-001  2.882743e-002  5.583590e-001
      vertex  2.253993e-001  2.984514e-002  5.590036e-001
    endloop
  endfacet
  facet normal -5.833499e-001  6.322584e-001  5.098552e-001
    outer loop
      vertex  1.695821e-001  4.336524e-002  5.437587e-001
      vertex  1.716104e-001  4.303154e-002  5.464932e-001
      vertex  1.719131e-001  4.526428e-002  5.440708e-001
    endloop
  endfacet
  facet normal -8.416685e-001  4.453786e-001  3.053391e-001
    outer loop
      vertex  1.719131e-001  4.526428e-002  5.440708e-001
      vertex  1.716104e-001  4.303154e-002  5.464932e-001
      vertex  1.718709e-001  4.395749e-002  5.458606e-001
    endloop
  endfacet
  facet normal -4.968169e-001  7.064481e-001  5.040873e-001
    outer loop
      vertex  1.719131e-001  4.526428e-002  5.440708e-001
      vertex  1.718709e-001  4.395749e-002  5.458606e-001
      vertex  1.753843e-001  4.698962e-002  5.450740e-001
    endloop
  endfacet
  facet normal -4.968270e-001  7.064548e-001  5.040681e-001
    outer loop
      vertex  1.753843e-001  4.698962e-002  5.450740e-001
      vertex  1.718709e-001  4.395749e-002  5.458606e-001
      vertex  1.753317e-001  4.536074e-002  5.473050e-001
    endloop
  endfacet
  facet normal -3.968703e-001  7.457513e-001  5.351158e-001
    outer loop
      vertex  1.753843e-001  4.698962e-002  5.450740e-001
      vertex  1.753317e-001  4.536074e-002  5.473050e-001
      vertex  1.797179e-001  4.860722e-002  5.460337e-001
    endloop
  endfacet
  facet normal -3.968678e-001  7.457496e-001  5.351200e-001
    outer loop
      vertex  1.797179e-001  4.860722e-002  5.460337e-001
      vertex  1.753317e-001  4.536074e-002  5.473050e-001
      vertex  1.796553e-001  4.667027e-002  5.486866e-001
    endloop
  endfacet
  facet normal -3.143781e-001  7.702109e-001  5.549247e-001
    outer loop
      vertex  1.797179e-001  4.860722e-002  5.460337e-001
      vertex  1.796553e-001  4.667027e-002  5.486866e-001
      vertex  1.847499e-001  5.003536e-002  5.469022e-001
    endloop
  endfacet
  facet normal -3.143728e-001  7.702072e-001  5.549330e-001
    outer loop
      vertex  1.847499e-001  5.003536e-002  5.469022e-001
      vertex  1.796553e-001  4.667027e-002  5.486866e-001
      vertex  1.846784e-001  4.781958e-002  5.499370e-001
    endloop
  endfacet
  facet normal -2.164139e-001  7.909233e-001  5.723682e-001
    outer loop
      vertex  1.847499e-001  5.003536e-002  5.469022e-001
      vertex  1.846784e-001  4.781958e-002  5.499370e-001
      vertex  1.963978e-001  5.221325e-002  5.482969e-001
    endloop
  endfacet
  facet normal -2.164154e-001  7.909259e-001  5.723642e-001
    outer loop
      vertex  1.963978e-001  5.221325e-002  5.482969e-001
      vertex  1.846784e-001  4.781958e-002  5.499370e-001
      vertex  1.963118e-001  4.954978e-002  5.519449e-001
    endloop
  endfacet
  facet normal -1.140129e-001  8.036544e-001  5.840724e-001
    outer loop
      vertex  1.963978e-001  5.221325e-002  5.482969e-001
      vertex  1.963118e-001  4.954978e-002  5.519449e-001
      vertex  2.097712e-001  5.344880e-002  5.492073e-001
    endloop
  endfacet
  facet normal -1.140130e-001  8.036546e-001  5.840722e-001
    outer loop
      vertex  2.097712e-001  5.344880e-002  5.492073e-001
      vertex  1.963118e-001  4.954978e-002  5.519449e-001
      vertex  2.096757e-001  5.049304e-002  5.532556e-001
    endloop
  endfacet
  facet normal -2.782844e-002  8.076421e-001  5.890160e-001
    outer loop
      vertex  2.097712e-001  5.344880e-002  5.492073e-001
      vertex  2.096757e-001  5.049304e-002  5.532556e-001
      vertex  2.240896e-001  5.366992e-002  5.495806e-001
    endloop
  endfacet
  facet normal -2.782853e-002  8.076422e-001  5.890158e-001
    outer loop
      vertex  2.240896e-001  5.366992e-002  5.495806e-001
      vertex  2.096757e-001  5.049304e-002  5.532556e-001
      vertex  2.239902e-001  5.059434e-002  5.537931e-001
    endloop
  endfacet
  facet normal  5.262752e-002  8.059319e-001  5.896643e-001
    outer loop
      vertex  2.240896e-001  5.366992e-002  5.495806e-001
      vertex  2.239902e-001  5.059434e-002  5.537931e-001
      vertex  2.385177e-001  5.286370e-002  5.493948e-001
    endloop
  endfacet
  facet normal -5.026990e-001  5.796244e-001  6.413497e-001
    outer loop
      vertex  1.718709e-001  4.395749e-002  5.458606e-001
      vertex  1.716104e-001  4.303154e-002  5.464932e-001
      vertex  1.753317e-001  4.536074e-002  5.473050e-001
    endloop
  endfacet
  facet normal -4.935984e-001  5.553466e-001  6.692913e-001
    outer loop
      vertex  1.753317e-001  4.536074e-002  5.473050e-001
      vertex  1.716104e-001  4.303154e-002  5.464932e-001
      vertex  1.752622e-001  4.321025e-002  5.490382e-001
    endloop
  endfacet
  facet normal -4.021438e-001  5.823706e-001  7.064877e-001
    outer loop
      vertex  1.753317e-001  4.536074e-002  5.473050e-001
      vertex  1.752622e-001  4.321025e-002  5.490382e-001
      vertex  1.796553e-001  4.667027e-002  5.486866e-001
    endloop
  endfacet
  facet normal -4.021465e-001  5.823736e-001  7.064835e-001
    outer loop
      vertex  1.796553e-001  4.667027e-002  5.486866e-001
      vertex  1.752622e-001  4.321025e-002  5.490382e-001
      vertex  1.795727e-001  4.411304e-002  5.507476e-001
    endloop
  endfacet
  facet normal -3.198448e-001  6.007900e-001  7.326327e-001
    outer loop
      vertex  1.796553e-001  4.667027e-002  5.486866e-001
      vertex  1.795727e-001  4.411304e-002  5.507476e-001
      vertex  1.846784e-001  4.781958e-002  5.499370e-001
    endloop
  endfacet
  facet normal -3.198469e-001  6.007923e-001  7.326299e-001
    outer loop
      vertex  1.846784e-001  4.781958e-002  5.499370e-001
      vertex  1.795727e-001  4.411304e-002  5.507476e-001
      vertex  1.845839e-001  4.489426e-002  5.522947e-001
    endloop
  endfacet
  facet normal -2.220600e-001  6.161857e-001  7.556484e-001
    outer loop
      vertex  1.846784e-001  4.781958e-002  5.499370e-001
      vertex  1.845839e-001  4.489426e-002  5.522947e-001
      vertex  1.963118e-001  4.954978e-002  5.519449e-001
    endloop
  endfacet
  facet normal -2.220574e-001  6.161796e-001  7.556542e-001
    outer loop
      vertex  1.963118e-001  4.954978e-002  5.519449e-001
      vertex  1.845839e-001  4.489426e-002  5.522947e-001
      vertex  1.961982e-001  4.603339e-002  5.547788e-001
    endloop
  endfacet
  facet normal -1.197722e-001  6.253335e-001  7.711112e-001
    outer loop
      vertex  1.963118e-001  4.954978e-002  5.519449e-001
      vertex  1.961982e-001  4.603339e-002  5.547788e-001
      vertex  2.096757e-001  5.049304e-002  5.532556e-001
    endloop
  endfacet
  facet normal -1.197738e-001  6.253374e-001  7.711080e-001
    outer loop
      vertex  2.096757e-001  5.049304e-002  5.532556e-001
      vertex  1.961982e-001  4.603339e-002  5.547788e-001
      vertex  2.095497e-001  4.659076e-002  5.564007e-001
    endloop
  endfacet
  facet normal -3.363742e-002  6.278156e-001  7.776349e-001
    outer loop
      vertex  2.096757e-001  5.049304e-002  5.532556e-001
      vertex  2.095497e-001  4.659076e-002  5.564007e-001
      vertex  2.239902e-001  5.059434e-002  5.537931e-001
    endloop
  endfacet
  facet normal -3.363470e-002  6.278093e-001  7.776402e-001
    outer loop
      vertex  2.239902e-001  5.059434e-002  5.537931e-001
      vertex  2.095497e-001  4.659076e-002  5.564007e-001
      vertex  2.238591e-001  4.653385e-002  5.570655e-001
    endloop
  endfacet
  facet normal  4.298664e-002  6.260839e-001  7.785700e-001
    outer loop
      vertex  2.239902e-001  5.059434e-002  5.537931e-001
      vertex  2.238591e-001  4.653385e-002  5.570655e-001
      vertex  2.384097e-001  4.952202e-002  5.538592e-001
    endloop
  endfacet
  facet normal  3.339375e-002 -2.133950e-001  9.763952e-001
    outer loop
      vertex  2.253993e-001  2.984514e-002  5.590036e-001
      vertex  2.377413e-001  2.882743e-002  5.583590e-001
      vertex  2.233712e-001  3.142930e-002  5.594192e-001
    endloop
  endfacet
  facet normal  3.331826e-002 -2.137787e-001  9.763137e-001
    outer loop
      vertex  2.233712e-001  3.142930e-002  5.594192e-001
      vertex  2.377413e-001  2.882743e-002  5.583590e-001
      vertex  2.379172e-001  3.427447e-002  5.595458e-001
    endloop
  endfacet
  facet normal  1.238164e-002 -1.075320e-001  9.941245e-001
    outer loop
      vertex  2.233712e-001  3.142930e-002  5.594192e-001
      vertex  2.379172e-001  3.427447e-002  5.595458e-001
      vertex  2.235387e-001  3.661330e-002  5.599778e-001
    endloop
  endfacet
  facet normal -4.508545e-002 -7.158769e-001  6.967692e-001
    outer loop
      vertex  2.249322e-001  2.659653e-002  5.576007e-001
      vertex  2.107706e-001  2.645351e-002  5.565374e-001
      vertex  2.375833e-001  2.393520e-002  5.556850e-001
    endloop
  endfacet
  facet normal -1.912970e-002 -4.972742e-001  8.673826e-001
    outer loop
      vertex  2.375833e-001  2.393520e-002  5.556850e-001
      vertex  2.107706e-001  2.645351e-002  5.565374e-001
      vertex  2.230781e-001  2.235618e-002  5.544599e-001
    endloop
  endfacet
  facet normal  1.736517e-002 -7.076091e-001  7.063908e-001
    outer loop
      vertex  2.375833e-001  2.393520e-002  5.556850e-001
      vertex  2.230781e-001  2.235618e-002  5.544599e-001
      vertex  2.374560e-001  1.999410e-002  5.517403e-001
    endloop
  endfacet
  facet normal -8.333982e-002 -9.110486e-001  4.037883e-001
    outer loop
      vertex  2.229044e-001  1.697697e-002  5.456261e-001
      vertex  2.229725e-001  1.908538e-002  5.503973e-001
      vertex  2.086322e-001  1.818541e-002  5.454069e-001
    endloop
  endfacet
  facet normal -8.334067e-002 -9.110475e-001  4.037905e-001
    outer loop
      vertex  2.086322e-001  1.818541e-002  5.454069e-001
      vertex  2.229725e-001  1.908538e-002  5.503973e-001
      vertex  2.086976e-001  2.021168e-002  5.499922e-001
    endloop
  endfacet
  facet normal -1.690613e-001 -9.006092e-001  4.004015e-001
    outer loop
      vertex  2.086322e-001  1.818541e-002  5.454069e-001
      vertex  2.086976e-001  2.021168e-002  5.499922e-001
      vertex  1.953715e-001  2.043698e-002  5.448723e-001
    endloop
  endfacet
  facet normal -1.690613e-001 -9.006091e-001  4.004016e-001
    outer loop
      vertex  1.953715e-001  2.043698e-002  5.448723e-001
      vertex  2.086976e-001  2.021168e-002  5.499922e-001
      vertex  1.954304e-001  2.226288e-002  5.490041e-001
    endloop
  endfacet
  facet normal -2.703582e-001 -8.791746e-001  3.923753e-001
    outer loop
      vertex  1.953715e-001  2.043698e-002  5.448723e-001
      vertex  1.954304e-001  2.226288e-002  5.490041e-001
      vertex  1.838961e-001  2.360031e-002  5.440533e-001
    endloop
  endfacet
  facet normal -2.703583e-001 -8.791746e-001  3.923753e-001
    outer loop
      vertex  1.838961e-001  2.360031e-002  5.440533e-001
      vertex  1.954304e-001  2.226288e-002  5.490041e-001
      vertex  1.839451e-001  2.511929e-002  5.474907e-001
    endloop
  endfacet
  facet normal -3.666749e-001 -8.490160e-001  3.804225e-001
    outer loop
      vertex  1.838961e-001  2.360031e-002  5.440533e-001
      vertex  1.839451e-001  2.511929e-002  5.474907e-001
      vertex  1.789715e-001  2.549862e-002  5.435432e-001
    endloop
  endfacet
  facet normal -3.326069e-001 -8.818082e-001  3.343457e-001
    outer loop
      vertex  1.789715e-001  2.549862e-002  5.435432e-001
      vertex  1.839451e-001  2.511929e-002  5.474907e-001
      vertex  1.786455e-001  2.598257e-002  5.444953e-001
    endloop
  endfacet
  facet normal -7.078803e-001 -6.973779e-001  1.121146e-001
    outer loop
      vertex  1.789715e-001  2.549862e-002  5.435432e-001
      vertex  1.786455e-001  2.598257e-002  5.444953e-001
      vertex  1.789551e-001  2.499331e-002  5.402970e-001
    endloop
  endfacet
  facet normal -3.072849e-001 -9.310616e-001  1.967239e-001
    outer loop
      vertex  1.789551e-001  2.499331e-002  5.402970e-001
      vertex  1.786455e-001  2.598257e-002  5.444953e-001
      vertex  1.775305e-001  2.584277e-002  5.420921e-001
    endloop
  endfacet
  facet normal -4.633875e-001 -8.846928e-001  5.089781e-002
    outer loop
      vertex  1.789551e-001  2.499331e-002  5.402970e-001
      vertex  1.775305e-001  2.584277e-002  5.420921e-001
      vertex  1.776006e-001  2.564397e-002  5.392742e-001
    endloop
  endfacet
  facet normal -3.358070e-001 -8.767926e-001 -3.441926e-001
    outer loop
      vertex  1.829098e-001  2.511200e-002  5.332612e-001
      vertex  1.838904e-001  2.342455e-002  5.366030e-001
      vertex  1.799981e-001  2.532688e-002  5.355546e-001
    endloop
  endfacet
  facet normal -3.706194e-001 -8.950437e-001 -2.480687e-001
    outer loop
      vertex  1.799981e-001  2.532688e-002  5.355546e-001
      vertex  1.838904e-001  2.342455e-002  5.366030e-001
      vertex  1.789665e-001  2.534498e-002  5.370305e-001
    endloop
  endfacet
  facet normal -4.630292e-001 -8.290610e-001 -3.134674e-001
    outer loop
      vertex  1.799981e-001  2.532688e-002  5.355546e-001
      vertex  1.789665e-001  2.534498e-002  5.370305e-001
      vertex  1.785256e-001  2.548361e-002  5.373151e-001
    endloop
  endfacet
  facet normal -2.724580e-001 -9.106621e-001 -3.105818e-001
    outer loop
      vertex  1.838904e-001  2.342455e-002  5.366030e-001
      vertex  1.884081e-001  2.348295e-002  5.324687e-001
      vertex  1.953647e-001  2.022571e-002  5.359166e-001
    endloop
  endfacet
  facet normal -2.520435e-001 -9.039612e-001 -3.454390e-001
    outer loop
      vertex  1.953647e-001  2.022571e-002  5.359166e-001
      vertex  1.884081e-001  2.348295e-002  5.324687e-001
      vertex  1.944842e-001  2.204741e-002  5.317920e-001
    endloop
  endfacet
  facet normal -1.692915e-001 -9.143999e-001 -3.677137e-001
    outer loop
      vertex  1.953647e-001  2.022571e-002  5.359166e-001
      vertex  1.944842e-001  2.204741e-002  5.317920e-001
      vertex  2.086246e-001  1.795095e-002  5.354686e-001
    endloop
  endfacet
  facet normal -1.753360e-001 -9.199476e-001 -3.506474e-001
    outer loop
      vertex  2.086246e-001  1.795095e-002  5.354686e-001
      vertex  1.944842e-001  2.204741e-002  5.317920e-001
      vertex  2.079883e-001  1.984184e-002  5.308259e-001
    endloop
  endfacet
  facet normal -8.380593e-002 -9.268348e-001 -3.659970e-001
    outer loop
      vertex  2.086246e-001  1.795095e-002  5.354686e-001
      vertex  2.079883e-001  1.984184e-002  5.308259e-001
      vertex  2.228965e-001  1.673301e-002  5.352849e-001
    endloop
  endfacet
  facet normal -8.700325e-002 -9.298789e-001 -3.574294e-001
    outer loop
      vertex  2.228965e-001  1.673301e-002  5.352849e-001
      vertex  2.079883e-001  1.984184e-002  5.308259e-001
      vertex  2.225944e-001  1.863047e-002  5.304220e-001
    endloop
  endfacet
  facet normal -4.495933e-003 -9.316778e-001 -3.632577e-001
    outer loop
      vertex  2.228965e-001  1.673301e-002  5.352849e-001
      vertex  2.225944e-001  1.863047e-002  5.304220e-001
      vertex  2.374073e-001  1.848755e-002  5.306053e-001
    endloop
  endfacet
  facet normal -3.218655e-001  3.917008e-001  8.619588e-001
    outer loop
      vertex  1.844729e-001  4.145871e-002  5.538145e-001
      vertex  1.845839e-001  4.489426e-002  5.522947e-001
      vertex  1.800095e-001  4.117481e-002  5.522768e-001
    endloop
  endfacet
  facet normal -3.267004e-001  3.976690e-001  8.573951e-001
    outer loop
      vertex  1.800095e-001  4.117481e-002  5.522768e-001
      vertex  1.845839e-001  4.489426e-002  5.522947e-001
      vertex  1.795727e-001  4.411304e-002  5.507476e-001
    endloop
  endfacet
  facet normal -3.869649e-001  3.797859e-001  8.402504e-001
    outer loop
      vertex  1.800095e-001  4.117481e-002  5.522768e-001
      vertex  1.795727e-001  4.411304e-002  5.507476e-001
      vertex  1.755224e-001  4.222019e-002  5.497378e-001
    endloop
  endfacet
  facet normal -4.090279e-001  4.525123e-001  7.924197e-001
    outer loop
      vertex  1.755224e-001  4.222019e-002  5.497378e-001
      vertex  1.795727e-001  4.411304e-002  5.507476e-001
      vertex  1.752622e-001  4.321025e-002  5.490382e-001
    endloop
  endfacet
  facet normal -5.399733e-001  3.865006e-001  7.476939e-001
    outer loop
      vertex  1.755224e-001  4.222019e-002  5.497378e-001
      vertex  1.752622e-001  4.321025e-002  5.490382e-001
      vertex  1.716104e-001  4.303154e-002  5.464932e-001
    endloop
  endfacet
  facet normal -2.290404e-001  3.999767e-001  8.874453e-001
    outer loop
      vertex  1.845839e-001  4.489426e-002  5.522947e-001
      vertex  1.844729e-001  4.145871e-002  5.538145e-001
      vertex  1.961982e-001  4.603339e-002  5.547788e-001
    endloop
  endfacet
  facet normal -2.290400e-001  3.999754e-001  8.874460e-001
    outer loop
      vertex  1.961982e-001  4.603339e-002  5.547788e-001
      vertex  1.844729e-001  4.145871e-002  5.538145e-001
      vertex  1.960648e-001  4.190369e-002  5.566057e-001
    endloop
  endfacet
  facet normal -1.269002e-001  4.047064e-001  9.055987e-001
    outer loop
      vertex  1.961982e-001  4.603339e-002  5.547788e-001
      vertex  1.960648e-001  4.190369e-002  5.566057e-001
      vertex  2.095497e-001  4.659076e-002  5.564007e-001
    endloop
  endfacet
  facet normal -1.269015e-001  4.047102e-001  9.055969e-001
    outer loop
      vertex  2.095497e-001  4.659076e-002  5.564007e-001
      vertex  1.960648e-001  4.190369e-002  5.566057e-001
      vertex  2.094016e-001  4.200787e-002  5.584280e-001
    endloop
  endfacet
  facet normal -4.082084e-002  4.053210e-001  9.132626e-001
    outer loop
      vertex  2.095497e-001  4.659076e-002  5.564007e-001
      vertex  2.094016e-001  4.200787e-002  5.584280e-001
      vertex  2.238591e-001  4.653385e-002  5.570655e-001
    endloop
  endfacet
  facet normal -4.082242e-002  4.053254e-001  9.132605e-001
    outer loop
      vertex  2.238591e-001  4.653385e-002  5.570655e-001
      vertex  2.094016e-001  4.200787e-002  5.584280e-001
      vertex  2.237051e-001  4.176518e-002  5.591751e-001
    endloop
  endfacet
  facet normal  3.272639e-002  4.034591e-001  9.144123e-001
    outer loop
      vertex  2.238591e-001  4.653385e-002  5.570655e-001
      vertex  2.237051e-001  4.176518e-002  5.591751e-001
      vertex  2.382655e-001  4.505860e-002  5.572008e-001
    endloop
  endfacet
  facet normal -2.352945e-001  2.662887e-001  9.347335e-001
    outer loop
      vertex  1.844729e-001  4.145871e-002  5.538145e-001
      vertex  1.859787e-001  3.969206e-002  5.546968e-001
      vertex  1.960648e-001  4.190369e-002  5.566057e-001
    endloop
  endfacet
  facet normal -2.213246e-001  1.825263e-001  9.579663e-001
    outer loop
      vertex  1.960648e-001  4.190369e-002  5.566057e-001
      vertex  1.859787e-001  3.969206e-002  5.546968e-001
      vertex  1.934423e-001  3.778548e-002  5.567845e-001
    endloop
  endfacet
  facet normal -1.805453e-001  1.571208e-001  9.709358e-001
    outer loop
      vertex  1.960648e-001  4.190369e-002  5.566057e-001
      vertex  1.934423e-001  3.778548e-002  5.567845e-001
      vertex  1.959207e-001  3.744214e-002  5.573009e-001
    endloop
  endfacet
  facet normal -1.349089e-001  1.568055e-001  9.783719e-001
    outer loop
      vertex  1.960648e-001  4.190369e-002  5.566057e-001
      vertex  1.959207e-001  3.744214e-002  5.573009e-001
      vertex  2.094016e-001  4.200787e-002  5.584280e-001
    endloop
  endfacet
  facet normal -1.349092e-001  1.568064e-001  9.783717e-001
    outer loop
      vertex  2.094016e-001  4.200787e-002  5.584280e-001
      vertex  1.959207e-001  3.744214e-002  5.573009e-001
      vertex  2.092417e-001  3.705671e-002  5.591995e-001
    endloop
  endfacet
  facet normal -4.889770e-002  1.553186e-001  9.866534e-001
    outer loop
      vertex  2.094016e-001  4.200787e-002  5.584280e-001
      vertex  2.092417e-001  3.705671e-002  5.591995e-001
      vertex  2.237051e-001  4.176518e-002  5.591751e-001
    endloop
  endfacet
  facet normal -4.889608e-002  1.553136e-001  9.866544e-001
    outer loop
      vertex  2.237051e-001  4.176518e-002  5.591751e-001
      vertex  2.092417e-001  3.705671e-002  5.591995e-001
      vertex  2.235387e-001  3.661330e-002  5.599778e-001
    endloop
  endfacet
  facet normal  2.234157e-002  1.532132e-001  9.879406e-001
    outer loop
      vertex  2.237051e-001  4.176518e-002  5.591751e-001
      vertex  2.235387e-001  3.661330e-002  5.599778e-001
      vertex  2.380968e-001  3.983502e-002  5.591490e-001
    endloop
  endfacet
  facet normal -1.647175e-001 -7.661929e-001  6.211415e-001
    outer loop
      vertex  1.955219e-001  2.509541e-002  5.525224e-001
      vertex  1.954304e-001  2.226288e-002  5.490041e-001
      vertex  2.087991e-001  2.335505e-002  5.538965e-001
    endloop
  endfacet
  facet normal -1.647193e-001 -7.661889e-001  6.211458e-001
    outer loop
      vertex  2.087991e-001  2.335505e-002  5.538965e-001
      vertex  1.954304e-001  2.226288e-002  5.490041e-001
      vertex  2.086976e-001  2.021168e-002  5.499922e-001
    endloop
  endfacet
  facet normal -7.896183e-002 -7.754893e-001  6.264035e-001
    outer loop
      vertex  2.087991e-001  2.335505e-002  5.538965e-001
      vertex  2.086976e-001  2.021168e-002  5.499922e-001
      vertex  2.230781e-001  2.235618e-002  5.544599e-001
    endloop
  endfacet
  facet normal -7.896230e-002 -7.754884e-001  6.264046e-001
    outer loop
      vertex  2.230781e-001  2.235618e-002  5.544599e-001
      vertex  2.086976e-001  2.021168e-002  5.499922e-001
      vertex  2.229725e-001  1.908538e-002  5.503973e-001
    endloop
  endfacet
  facet normal -9.298136e-003 -7.787726e-001  6.272373e-001
    outer loop
      vertex  2.230781e-001  2.235618e-002  5.544599e-001
      vertex  2.229725e-001  1.908538e-002  5.503973e-001
      vertex  2.374560e-001  1.999410e-002  5.517403e-001
    endloop
  endfacet
  facet normal -3.689061e-001 -9.181229e-001  1.447711e-001
    outer loop
      vertex  1.789715e-001  2.549862e-002  5.435432e-001
      vertex  1.789551e-001  2.499331e-002  5.402970e-001
      vertex  1.838961e-001  2.360031e-002  5.440533e-001
    endloop
  endfacet
  facet normal -3.689047e-001 -9.181237e-001  1.447689e-001
    outer loop
      vertex  1.838961e-001  2.360031e-002  5.440533e-001
      vertex  1.789551e-001  2.499331e-002  5.402970e-001
      vertex  1.838774e-001  2.302226e-002  5.403398e-001
    endloop
  endfacet
  facet normal -2.726605e-001 -9.504529e-001  1.493172e-001
    outer loop
      vertex  1.838961e-001  2.360031e-002  5.440533e-001
      vertex  1.838774e-001  2.302226e-002  5.403398e-001
      vertex  1.953715e-001  2.043698e-002  5.448723e-001
    endloop
  endfacet
  facet normal -2.726598e-001 -9.504534e-001  1.493152e-001
    outer loop
      vertex  1.953715e-001  2.043698e-002  5.448723e-001
      vertex  1.838774e-001  2.302226e-002  5.403398e-001
      vertex  1.953490e-001  1.974214e-002  5.404084e-001
    endloop
  endfacet
  facet normal -1.714108e-001 -9.733457e-001  1.523695e-001
    outer loop
      vertex  1.953715e-001  2.043698e-002  5.448723e-001
      vertex  1.953490e-001  1.974214e-002  5.404084e-001
      vertex  2.086322e-001  1.818541e-002  5.454069e-001
    endloop
  endfacet
  facet normal -1.714115e-001 -9.733453e-001  1.523712e-001
    outer loop
      vertex  2.086322e-001  1.818541e-002  5.454069e-001
      vertex  1.953490e-001  1.974214e-002  5.404084e-001
      vertex  2.086072e-001  1.741431e-002  5.404532e-001
    endloop
  endfacet
  facet normal -8.570929e-002 -9.843994e-001  1.536611e-001
    outer loop
      vertex  2.086322e-001  1.818541e-002  5.454069e-001
      vertex  2.086072e-001  1.741431e-002  5.404532e-001
      vertex  2.229044e-001  1.697697e-002  5.456261e-001
    endloop
  endfacet
  facet normal -8.570953e-002 -9.843993e-001  1.536617e-001
    outer loop
      vertex  2.229044e-001  1.697697e-002  5.456261e-001
      vertex  2.086072e-001  1.741431e-002  5.404532e-001
      vertex  2.228785e-001  1.617462e-002  5.404716e-001
    endloop
  endfacet
  facet normal -1.221764e-002 -9.880178e-001  1.538554e-001
    outer loop
      vertex  2.229044e-001  1.697697e-002  5.456261e-001
      vertex  2.228785e-001  1.617462e-002  5.404716e-001
      vertex  2.373315e-001  1.613954e-002  5.413941e-001
    endloop
  endfacet
  facet normal -3.690929e-001 -9.239154e-001 -1.007503e-001
    outer loop
      vertex  1.789551e-001  2.499331e-002  5.402970e-001
      vertex  1.789665e-001  2.534498e-002  5.370305e-001
      vertex  1.838774e-001  2.302226e-002  5.403398e-001
    endloop
  endfacet
  facet normal -3.690919e-001 -9.239157e-001 -1.007519e-001
    outer loop
      vertex  1.838774e-001  2.302226e-002  5.403398e-001
      vertex  1.789665e-001  2.534498e-002  5.370305e-001
      vertex  1.838904e-001  2.342455e-002  5.366030e-001
    endloop
  endfacet
  facet normal -2.728534e-001 -9.564268e-001 -1.039172e-001
    outer loop
      vertex  1.838774e-001  2.302226e-002  5.403398e-001
      vertex  1.838904e-001  2.342455e-002  5.366030e-001
      vertex  1.953490e-001  1.974214e-002  5.404084e-001
    endloop
  endfacet
  facet normal -2.728536e-001 -9.564269e-001 -1.039167e-001
    outer loop
      vertex  1.953490e-001  1.974214e-002  5.404084e-001
      vertex  1.838904e-001  2.342455e-002  5.366030e-001
      vertex  1.953647e-001  2.022571e-002  5.359166e-001
    endloop
  endfacet
  facet normal -1.716074e-001 -9.794416e-001 -1.060423e-001
    outer loop
      vertex  1.953490e-001  1.974214e-002  5.404084e-001
      vertex  1.953647e-001  2.022571e-002  5.359166e-001
      vertex  2.086072e-001  1.741431e-002  5.404532e-001
    endloop
  endfacet
  facet normal -1.716075e-001 -9.794416e-001 -1.060423e-001
    outer loop
      vertex  2.086072e-001  1.741431e-002  5.404532e-001
      vertex  1.953647e-001  2.022571e-002  5.359166e-001
      vertex  2.086246e-001  1.795095e-002  5.354686e-001
    endloop
  endfacet
  facet normal -8.590810e-002 -9.905472e-001 -1.069399e-001
    outer loop
      vertex  2.086072e-001  1.741431e-002  5.404532e-001
      vertex  2.086246e-001  1.795095e-002  5.354686e-001
      vertex  2.228785e-001  1.617462e-002  5.404716e-001
    endloop
  endfacet
  facet normal -8.590832e-002 -9.905472e-001 -1.069393e-001
    outer loop
      vertex  2.228785e-001  1.617462e-002  5.404716e-001
      vertex  2.086246e-001  1.795095e-002  5.354686e-001
      vertex  2.228965e-001  1.673301e-002  5.352849e-001
    endloop
  endfacet
  facet normal -9.349314e-003 -9.942079e-001 -1.070672e-001
    outer loop
      vertex  2.228785e-001  1.617462e-002  5.404716e-001
      vertex  2.228965e-001  1.673301e-002  5.352849e-001
      vertex  2.373444e-001  1.653836e-002  5.358308e-001
    endloop
  endfacet
  facet normal  3.747225e-003 -8.006088e-001 -5.991757e-001
    outer loop
      vertex  2.374073e-001  1.848755e-002  5.306053e-001
      vertex  2.226525e-001  2.170704e-002  5.262111e-001
      vertex  2.375152e-001  2.182923e-002  5.261408e-001
    endloop
  endfacet
  facet normal -4.932826e-004 -8.074437e-001 -5.899444e-001
    outer loop
      vertex  2.374073e-001  1.848755e-002  5.306053e-001
      vertex  2.225944e-001  1.863047e-002  5.304220e-001
      vertex  2.226525e-001  2.170704e-002  5.262111e-001
    endloop
  endfacet
  facet normal -1.736461e-001 -8.406380e-001 -5.130057e-001
    outer loop
      vertex  1.916751e-001  2.473045e-002  5.291539e-001
      vertex  1.982293e-001  2.454991e-002  5.272313e-001
      vertex  2.080046e-001  2.279533e-002  5.267977e-001
    endloop
  endfacet
  facet normal -6.224152e-002 -1.517052e-001 -9.864642e-001
    outer loop
      vertex  2.084368e-001  3.617772e-002  5.208777e-001
      vertex  2.231039e-001  3.568391e-002  5.200282e-001
      vertex  2.229376e-001  3.053357e-002  5.208307e-001
    endloop
  endfacet
  facet normal -8.018275e-002 -1.978783e-001 -9.769416e-001
    outer loop
      vertex  2.020612e-001  3.305539e-002  5.220333e-001
      vertex  2.084368e-001  3.617772e-002  5.208777e-001
      vertex  2.229376e-001  3.053357e-002  5.208307e-001
    endloop
  endfacet
  facet normal -6.177947e-002 -3.575126e-002 -9.974493e-001
    outer loop
      vertex  2.020612e-001  3.305539e-002  5.220333e-001
      vertex  2.229376e-001  3.053357e-002  5.208307e-001
      vertex  2.123275e-001  3.038535e-002  5.214932e-001
    endloop
  endfacet
  facet normal -2.439804e-001  1.116994e-001 -9.633259e-001
    outer loop
      vertex  1.857517e-001  3.769128e-002  5.251711e-001
      vertex  1.888592e-001  4.096318e-002  5.247635e-001
      vertex  1.887278e-001  3.689573e-002  5.243251e-001
    endloop
  endfacet
  facet normal -3.580754e-001 -7.541680e-001 -5.504659e-001
    outer loop
      vertex  1.857517e-001  3.769128e-002  5.251711e-001
      vertex  1.887278e-001  3.689573e-002  5.243251e-001
      vertex  1.931294e-001  3.553229e-002  5.233299e-001
    endloop
  endfacet
  facet normal  3.525433e-002 -7.226561e-002 -9.967622e-001
    outer loop
      vertex  2.231039e-001  3.568391e-002  5.200282e-001
      vertex  2.380077e-001  3.707678e-002  5.204543e-001
      vertex  2.378281e-001  3.151624e-002  5.208511e-001
    endloop
  endfacet
  facet normal  1.153656e-002 -1.543202e-001 -9.879535e-001
    outer loop
      vertex  2.231039e-001  3.568391e-002  5.200282e-001
      vertex  2.378281e-001  3.151624e-002  5.208511e-001
      vertex  2.229376e-001  3.053357e-002  5.208307e-001
    endloop
  endfacet
  facet normal  4.555156e-002  2.112436e-001 -9.763715e-001
    outer loop
      vertex  2.232713e-001  4.086636e-002  5.205867e-001
      vertex  2.381837e-001  4.252382e-002  5.216410e-001
      vertex  2.380077e-001  3.707678e-002  5.204543e-001
    endloop
  endfacet
  facet normal -4.764392e-001  5.287766e-001 -7.024251e-001
    outer loop
      vertex  1.720248e-001  4.374725e-002  5.337741e-001
      vertex  1.770933e-001  4.556130e-002  5.317019e-001
      vertex  1.770153e-001  4.314512e-002  5.299360e-001
    endloop
  endfacet
  facet normal -5.004608e-001  4.878445e-001 -7.152250e-001
    outer loop
      vertex  1.707297e-001  4.237403e-002  5.338082e-001
      vertex  1.770153e-001  4.314512e-002  5.299360e-001
      vertex  1.742221e-001  4.122994e-002  5.305841e-001
    endloop
  endfacet
  facet normal  5.453125e-002  4.775446e-001 -8.769137e-001
    outer loop
      vertex  2.234283e-001  4.572775e-002  5.224682e-001
      vertex  2.383417e-001  4.741606e-002  5.243150e-001
      vertex  2.381837e-001  4.252382e-002  5.216410e-001
    endloop
  endfacet
  facet normal  6.150319e-002  7.051032e-001 -7.064324e-001
    outer loop
      vertex  2.235643e-001  4.993678e-002  5.255445e-001
      vertex  2.384690e-001  5.135715e-002  5.282598e-001
      vertex  2.383417e-001  4.741606e-002  5.243150e-001
    endloop
  endfacet
  facet normal  6.586591e-002  8.754864e-001 -4.787330e-001
    outer loop
      vertex  2.236699e-001  5.320660e-002  5.296059e-001
      vertex  2.385553e-001  5.402782e-002  5.331557e-001
      vertex  2.384690e-001  5.135715e-002  5.282598e-001
    endloop
  endfacet
  facet normal -6.288038e-001  7.687865e-001 -1.165037e-001
    outer loop
      vertex  1.684890e-001  4.329884e-002  5.388226e-001
      vertex  1.721108e-001  4.640881e-002  5.397970e-001
      vertex  1.720996e-001  4.606334e-002  5.375777e-001
    endloop
  endfacet
  facet normal  6.717645e-002  9.749069e-001 -2.122353e-001
    outer loop
      vertex  2.237380e-001  5.531439e-002  5.343755e-001
      vertex  2.385935e-001  5.521171e-002  5.386060e-001
      vertex  2.385553e-001  5.402782e-002  5.331557e-001
    endloop
  endfacet
  facet normal  6.517471e-002  9.953089e-001  7.150096e-002
    outer loop
      vertex  2.237639e-001  5.611650e-002  5.395287e-001
      vertex  2.385806e-001  5.481290e-002  5.441692e-001
      vertex  2.385935e-001  5.521171e-002  5.386060e-001
    endloop
  endfacet
  facet normal -1.523049e-001 -6.686502e-001 -7.278119e-001
    outer loop
      vertex  1.982293e-001  2.454991e-002  5.272313e-001
      vertex  2.085198e-001  2.430119e-002  5.253063e-001
      vertex  2.080046e-001  2.279533e-002  5.267977e-001
    endloop
  endfacet
  facet normal -2.265506e-001 -2.056411e-002 -9.737823e-001
    outer loop
      vertex  1.887278e-001  3.689573e-002  5.243251e-001
      vertex  1.948502e-001  3.666445e-002  5.229056e-001
      vertex  1.931294e-001  3.553229e-002  5.233299e-001
    endloop
  endfacet
  facet normal -1.716140e-001 -1.061789e-001 -9.794257e-001
    outer loop
      vertex  2.020612e-001  3.305539e-002  5.220333e-001
      vertex  1.931294e-001  3.553229e-002  5.233299e-001
      vertex  1.948502e-001  3.666445e-002  5.229056e-001
    endloop
  endfacet
  facet normal -1.494650e-001 -6.010876e-002 -9.869383e-001
    outer loop
      vertex  1.948502e-001  3.666445e-002  5.229056e-001
      vertex  2.084368e-001  3.617772e-002  5.208777e-001
      vertex  2.020612e-001  3.305539e-002  5.220333e-001
    endloop
  endfacet
  facet normal -3.429927e-001  9.400384e-002 -9.346225e-001
    outer loop
      vertex  1.782590e-001  3.996867e-002  5.281498e-001
      vertex  1.832989e-001  4.075031e-002  5.263789e-001
      vertex  1.857517e-001  3.769128e-002  5.251711e-001
    endloop
  endfacet
  facet normal -2.811416e-001  1.488975e-001 -9.480448e-001
    outer loop
      vertex  1.888592e-001  4.096318e-002  5.247635e-001
      vertex  1.857517e-001  3.769128e-002  5.251711e-001
      vertex  1.832989e-001  4.075031e-002  5.263789e-001
    endloop
  endfacet
  facet normal  1.567713e-002 -4.757133e-001 -8.794607e-001
    outer loop
      vertex  2.357709e-001  2.506639e-002  5.234289e-001
      vertex  2.252148e-001  2.730361e-002  5.220305e-001
      vertex  2.376594e-001  2.629266e-002  5.227992e-001
    endloop
  endfacet
  facet normal  1.236164e-001 -5.972752e-001 -7.924527e-001
    outer loop
      vertex  2.357709e-001  2.506639e-002  5.234289e-001
      vertex  2.376594e-001  2.629266e-002  5.227992e-001
      vertex  2.375152e-001  2.182923e-002  5.261408e-001
    endloop
  endfacet
  facet normal  1.646674e-003 -6.416636e-001 -7.669844e-001
    outer loop
      vertex  2.357709e-001  2.506639e-002  5.234289e-001
      vertex  2.375152e-001  2.182923e-002  5.261408e-001
      vertex  2.226525e-001  2.170704e-002  5.262111e-001
    endloop
  endfacet
  facet normal  5.913890e-002 -7.635325e-001 -6.430556e-001
    outer loop
      vertex  2.357709e-001  2.506639e-002  5.234289e-001
      vertex  2.226525e-001  2.170704e-002  5.262111e-001
      vertex  2.325320e-001  2.472248e-002  5.235393e-001
    endloop
  endfacet
  facet normal -8.330966e-002 -8.040925e-001 -5.886381e-001
    outer loop
      vertex  2.226525e-001  2.170704e-002  5.262111e-001
      vertex  2.225944e-001  1.863047e-002  5.304220e-001
      vertex  2.080046e-001  2.279533e-002  5.267977e-001
    endloop
  endfacet
  facet normal -8.293979e-002 -8.035209e-001 -5.894702e-001
    outer loop
      vertex  2.080046e-001  2.279533e-002  5.267977e-001
      vertex  2.225944e-001  1.863047e-002  5.304220e-001
      vertex  2.079883e-001  1.984184e-002  5.308259e-001
    endloop
  endfacet
  facet normal -1.780291e-001 -7.932329e-001 -5.823119e-001
    outer loop
      vertex  2.080046e-001  2.279533e-002  5.267977e-001
      vertex  2.079883e-001  1.984184e-002  5.308259e-001
      vertex  1.916751e-001  2.473045e-002  5.291539e-001
    endloop
  endfacet
  facet normal -1.701674e-001 -7.756935e-001 -6.077356e-001
    outer loop
      vertex  1.916751e-001  2.473045e-002  5.291539e-001
      vertex  2.079883e-001  1.984184e-002  5.308259e-001
      vertex  1.944842e-001  2.204741e-002  5.317920e-001
    endloop
  endfacet
  facet normal -2.513478e-001 -7.995181e-001 -5.455226e-001
    outer loop
      vertex  1.916751e-001  2.473045e-002  5.291539e-001
      vertex  1.944842e-001  2.204741e-002  5.317920e-001
      vertex  1.866338e-001  2.491787e-002  5.312021e-001
    endloop
  endfacet
  facet normal -2.494616e-001 -7.956821e-001 -5.519590e-001
    outer loop
      vertex  1.866338e-001  2.491787e-002  5.312021e-001
      vertex  1.944842e-001  2.204741e-002  5.317920e-001
      vertex  1.884081e-001  2.348295e-002  5.324687e-001
    endloop
  endfacet
  facet normal -3.119007e-001 -8.157067e-001 -4.871759e-001
    outer loop
      vertex  1.866338e-001  2.491787e-002  5.312021e-001
      vertex  1.884081e-001  2.348295e-002  5.324687e-001
      vertex  1.829098e-001  2.511200e-002  5.332612e-001
    endloop
  endfacet
  facet normal  2.438103e-002 -3.500240e-001 -9.364234e-001
    outer loop
      vertex  2.378281e-001  3.151624e-002  5.208511e-001
      vertex  2.376594e-001  2.629266e-002  5.227992e-001
      vertex  2.229376e-001  3.053357e-002  5.208307e-001
    endloop
  endfacet
  facet normal  3.163438e-002 -3.283705e-001 -9.440191e-001
    outer loop
      vertex  2.229376e-001  3.053357e-002  5.208307e-001
      vertex  2.376594e-001  2.629266e-002  5.227992e-001
      vertex  2.252148e-001  2.730361e-002  5.220305e-001
    endloop
  endfacet
  facet normal -5.235464e-002 -3.799699e-001 -9.235160e-001
    outer loop
      vertex  2.229376e-001  3.053357e-002  5.208307e-001
      vertex  2.252148e-001  2.730361e-002  5.220305e-001
      vertex  2.123275e-001  3.038535e-002  5.214932e-001
    endloop
  endfacet
  facet normal -3.576014e-001  4.425527e-001 -8.223553e-001
    outer loop
      vertex  1.782590e-001  3.996867e-002  5.281498e-001
      vertex  1.742221e-001  4.122994e-002  5.305841e-001
      vertex  1.832989e-001  4.075031e-002  5.263789e-001
    endloop
  endfacet
  facet normal -3.921762e-001  2.748796e-001 -8.778605e-001
    outer loop
      vertex  1.832989e-001  4.075031e-002  5.263789e-001
      vertex  1.742221e-001  4.122994e-002  5.305841e-001
      vertex  1.770153e-001  4.314512e-002  5.299360e-001
    endloop
  endfacet
  facet normal -3.583640e-001  3.470116e-001 -8.666939e-001
    outer loop
      vertex  1.832989e-001  4.075031e-002  5.263789e-001
      vertex  1.770153e-001  4.314512e-002  5.299360e-001
      vertex  1.834090e-001  4.416123e-002  5.276991e-001
    endloop
  endfacet
  facet normal -6.421722e-001  7.189529e-001 -2.659354e-001
    outer loop
      vertex  1.684890e-001  4.329884e-002  5.388226e-001
      vertex  1.720996e-001  4.606334e-002  5.375777e-001
      vertex  1.691083e-001  4.297581e-002  5.364540e-001
    endloop
  endfacet
  facet normal -6.247663e-001  7.174442e-001 -3.081248e-001
    outer loop
      vertex  1.691083e-001  4.297581e-002  5.364540e-001
      vertex  1.720996e-001  4.606334e-002  5.375777e-001
      vertex  1.720703e-001  4.515554e-002  5.355234e-001
    endloop
  endfacet
  facet normal -6.078608e-001  6.079460e-001 -5.107906e-001
    outer loop
      vertex  1.691083e-001  4.297581e-002  5.364540e-001
      vertex  1.720703e-001  4.515554e-002  5.355234e-001
      vertex  1.707297e-001  4.237403e-002  5.338082e-001
    endloop
  endfacet
  facet normal -6.491413e-001  6.006624e-001 -4.667120e-001
    outer loop
      vertex  1.707297e-001  4.237403e-002  5.338082e-001
      vertex  1.720703e-001  4.515554e-002  5.355234e-001
      vertex  1.720248e-001  4.374725e-002  5.337741e-001
    endloop
  endfacet
  facet normal -5.060909e-001  4.592129e-001 -7.300655e-001
    outer loop
      vertex  1.707297e-001  4.237403e-002  5.338082e-001
      vertex  1.720248e-001  4.374725e-002  5.337741e-001
      vertex  1.770153e-001  4.314512e-002  5.299360e-001
    endloop
  endfacet
  facet normal -6.531957e-001  7.571026e-001  1.144664e-002
    outer loop
      vertex  1.684890e-001  4.329884e-002  5.388226e-001
      vertex  1.686969e-001  4.343691e-002  5.415527e-001
      vertex  1.721108e-001  4.640881e-002  5.397970e-001
    endloop
  endfacet
  facet normal -6.304415e-001  7.720073e-001  8.092165e-002
    outer loop
      vertex  1.721108e-001  4.640881e-002  5.397970e-001
      vertex  1.686969e-001  4.343691e-002  5.415527e-001
      vertex  1.721030e-001  4.616838e-002  5.420302e-001
    endloop
  endfacet
  facet normal -4.650862e-001  8.803498e-001  9.316089e-002
    outer loop
      vertex  1.721108e-001  4.640881e-002  5.397970e-001
      vertex  1.721030e-001  4.616838e-002  5.420302e-001
      vertex  1.772079e-001  4.910875e-002  5.397294e-001
    endloop
  endfacet
  facet normal -4.650866e-001  8.803498e-001  9.315995e-002
    outer loop
      vertex  1.772079e-001  4.910875e-002  5.397294e-001
      vertex  1.721030e-001  4.616838e-002  5.420302e-001
      vertex  1.771975e-001  4.878831e-002  5.427060e-001
    endloop
  endfacet
  facet normal -3.393563e-001  9.353784e-001  9.952120e-002
    outer loop
      vertex  1.772079e-001  4.910875e-002  5.397294e-001
      vertex  1.771975e-001  4.878831e-002  5.427060e-001
      vertex  1.836445e-001  5.145035e-002  5.396693e-001
    endloop
  endfacet
  facet normal -3.393559e-001  9.353785e-001  9.952202e-002
    outer loop
      vertex  1.836445e-001  5.145035e-002  5.396693e-001
      vertex  1.771975e-001  4.878831e-002  5.427060e-001
      vertex  1.836318e-001  5.105868e-002  5.433074e-001
    endloop
  endfacet
  facet normal -2.537399e-001  9.618087e-001  1.026651e-001
    outer loop
      vertex  1.836445e-001  5.145035e-002  5.396693e-001
      vertex  1.836318e-001  5.105868e-002  5.433074e-001
      vertex  1.892458e-001  5.293225e-002  5.396301e-001
    endloop
  endfacet
  facet normal -2.537411e-001  9.618085e-001  1.026632e-001
    outer loop
      vertex  1.892458e-001  5.293225e-002  5.396301e-001
      vertex  1.836318e-001  5.105868e-002  5.433074e-001
      vertex  1.892316e-001  5.249413e-002  5.436996e-001
    endloop
  endfacet
  facet normal -1.925416e-001  9.757223e-001  1.043741e-001
    outer loop
      vertex  1.892458e-001  5.293225e-002  5.396301e-001
      vertex  1.892316e-001  5.249413e-002  5.436996e-001
      vertex  1.954151e-001  5.415324e-002  5.395965e-001
    endloop
  endfacet
  facet normal -1.925403e-001  9.757223e-001  1.043760e-001
    outer loop
      vertex  1.954151e-001  5.415324e-002  5.395965e-001
      vertex  1.892316e-001  5.249413e-002  5.436996e-001
      vertex  1.953997e-001  5.367544e-002  5.440347e-001
    endloop
  endfacet
  facet normal -1.145112e-001  9.877567e-001  1.059428e-001
    outer loop
      vertex  1.954151e-001  5.415324e-002  5.395965e-001
      vertex  1.953997e-001  5.367544e-002  5.440347e-001
      vertex  2.090687e-001  5.574124e-002  5.395487e-001
    endloop
  endfacet
  facet normal -1.145114e-001  9.877567e-001  1.059423e-001
    outer loop
      vertex  2.090687e-001  5.574124e-002  5.395487e-001
      vertex  1.953997e-001  5.367544e-002  5.440347e-001
      vertex  2.090515e-001  5.520676e-002  5.445133e-001
    endloop
  endfacet
  facet normal -2.523578e-002  9.939474e-001  1.069191e-001
    outer loop
      vertex  2.090687e-001  5.574124e-002  5.395487e-001
      vertex  2.090515e-001  5.520676e-002  5.445133e-001
      vertex  2.237639e-001  5.611650e-002  5.395287e-001
    endloop
  endfacet
  facet normal -2.523568e-002  9.939474e-001  1.069194e-001
    outer loop
      vertex  2.237639e-001  5.611650e-002  5.395287e-001
      vertex  2.090515e-001  5.520676e-002  5.445133e-001
      vertex  2.237458e-001  5.555828e-002  5.447138e-001
    endloop
  endfacet
  facet normal  5.381311e-002  9.927942e-001  1.070702e-001
    outer loop
      vertex  2.237639e-001  5.611650e-002  5.395287e-001
      vertex  2.237458e-001  5.555828e-002  5.447138e-001
      vertex  2.385806e-001  5.481290e-002  5.441692e-001
    endloop
  endfacet
  facet normal  5.675887e-002  9.352046e-001  3.495293e-001
    outer loop
      vertex  2.385177e-001  5.286370e-002  5.493948e-001
      vertex  2.385806e-001  5.481290e-002  5.441692e-001
      vertex  2.240896e-001  5.366992e-002  5.495806e-001
    endloop
  endfacet
  facet normal  5.994783e-002  9.320263e-001  3.573977e-001
    outer loop
      vertex  2.240896e-001  5.366992e-002  5.495806e-001
      vertex  2.385806e-001  5.481290e-002  5.441692e-001
      vertex  2.237458e-001  5.555828e-002  5.447138e-001
    endloop
  endfacet
  facet normal -2.385038e-002  9.314480e-001  3.630918e-001
    outer loop
      vertex  2.240896e-001  5.366992e-002  5.495806e-001
      vertex  2.237458e-001  5.555828e-002  5.447138e-001
      vertex  2.097712e-001  5.344880e-002  5.492073e-001
    endloop
  endfacet
  facet normal -2.719444e-002  9.347570e-001  3.542453e-001
    outer loop
      vertex  2.097712e-001  5.344880e-002  5.492073e-001
      vertex  2.237458e-001  5.555828e-002  5.447138e-001
      vertex  2.090515e-001  5.520676e-002  5.445133e-001
    endloop
  endfacet
  facet normal -1.102076e-001  9.251077e-001  3.633593e-001
    outer loop
      vertex  2.097712e-001  5.344880e-002  5.492073e-001
      vertex  2.090515e-001  5.520676e-002  5.445133e-001
      vertex  1.963978e-001  5.221325e-002  5.482969e-001
    endloop
  endfacet
  facet normal -1.165538e-001  9.307452e-001  3.465956e-001
    outer loop
      vertex  1.963978e-001  5.221325e-002  5.482969e-001
      vertex  2.090515e-001  5.520676e-002  5.445133e-001
      vertex  1.953997e-001  5.367544e-002  5.440347e-001
    endloop
  endfacet
  facet normal -2.129959e-001  9.077938e-001  3.613077e-001
    outer loop
      vertex  1.963978e-001  5.221325e-002  5.482969e-001
      vertex  1.953997e-001  5.367544e-002  5.440347e-001
      vertex  1.847499e-001  5.003536e-002  5.469022e-001
    endloop
  endfacet
  facet normal -1.928888e-001  8.899289e-001  4.133043e-001
    outer loop
      vertex  1.847499e-001  5.003536e-002  5.469022e-001
      vertex  1.953997e-001  5.367544e-002  5.440347e-001
      vertex  1.892316e-001  5.249413e-002  5.436996e-001
    endloop
  endfacet
  facet normal -2.558579e-001  9.059045e-001  3.374518e-001
    outer loop
      vertex  1.847499e-001  5.003536e-002  5.469022e-001
      vertex  1.892316e-001  5.249413e-002  5.436996e-001
      vertex  1.836318e-001  5.105868e-002  5.433074e-001
    endloop
  endfacet
  facet normal -6.279278e-001  7.419322e-001  2.350387e-001
    outer loop
      vertex  1.686969e-001  4.343691e-002  5.415527e-001
      vertex  1.692086e-001  4.340842e-002  5.430098e-001
      vertex  1.721030e-001  4.616838e-002  5.420302e-001
    endloop
  endfacet
  facet normal -6.146598e-001  7.407798e-001  2.709960e-001
    outer loop
      vertex  1.721030e-001  4.616838e-002  5.420302e-001
      vertex  1.692086e-001  4.340842e-002  5.430098e-001
      vertex  1.719131e-001  4.526428e-002  5.440708e-001
    endloop
  endfacet
  facet normal -4.664209e-001  8.240034e-001  3.216674e-001
    outer loop
      vertex  1.721030e-001  4.616838e-002  5.420302e-001
      vertex  1.719131e-001  4.526428e-002  5.440708e-001
      vertex  1.771975e-001  4.878831e-002  5.427060e-001
    endloop
  endfacet
  facet normal -4.888421e-001  8.331791e-001  2.585457e-001
    outer loop
      vertex  1.771975e-001  4.878831e-002  5.427060e-001
      vertex  1.719131e-001  4.526428e-002  5.440708e-001
      vertex  1.753843e-001  4.698962e-002  5.450740e-001
    endloop
  endfacet
  facet normal -3.385490e-001  8.559125e-001  3.908942e-001
    outer loop
      vertex  1.771975e-001  4.878831e-002  5.427060e-001
      vertex  1.753843e-001  4.698962e-002  5.450740e-001
      vertex  1.836318e-001  5.105868e-002  5.433074e-001
    endloop
  endfacet
  facet normal -3.862147e-001  8.892401e-001  2.451331e-001
    outer loop
      vertex  1.836318e-001  5.105868e-002  5.433074e-001
      vertex  1.753843e-001  4.698962e-002  5.450740e-001
      vertex  1.797179e-001  4.860722e-002  5.460337e-001
    endloop
  endfacet
  facet normal -3.110888e-001  8.841977e-001  3.484512e-001
    outer loop
      vertex  1.836318e-001  5.105868e-002  5.433074e-001
      vertex  1.797179e-001  4.860722e-002  5.460337e-001
      vertex  1.847499e-001  5.003536e-002  5.469022e-001
    endloop
  endfacet
  facet normal -7.997593e-002 -6.874534e-001 -7.218113e-001
    outer loop
      vertex  2.080046e-001  2.279533e-002  5.267977e-001
      vertex  2.085198e-001  2.430119e-002  5.253063e-001
      vertex  2.226525e-001  2.170704e-002  5.262111e-001
    endloop
  endfacet
  facet normal -7.569139e-002 -6.699466e-001 -7.385407e-001
    outer loop
      vertex  2.226525e-001  2.170704e-002  5.262111e-001
      vertex  2.085198e-001  2.430119e-002  5.253063e-001
      vertex  2.217905e-001  2.416288e-002  5.240718e-001
    endloop
  endfacet
  facet normal -3.093401e-003 -6.574737e-001 -7.534712e-001
    outer loop
      vertex  2.226525e-001  2.170704e-002  5.262111e-001
      vertex  2.217905e-001  2.416288e-002  5.240718e-001
      vertex  2.325320e-001  2.472248e-002  5.235393e-001
    endloop
  endfacet
  facet normal -2.204508e-001  1.115507e-001 -9.689984e-001
    outer loop
      vertex  1.887278e-001  3.689573e-002  5.243251e-001
      vertex  1.888592e-001  4.096318e-002  5.247635e-001
      vertex  1.948502e-001  3.666445e-002  5.229056e-001
    endloop
  endfacet
  facet normal -2.204548e-001  1.115451e-001 -9.689981e-001
    outer loop
      vertex  1.948502e-001  3.666445e-002  5.229056e-001
      vertex  1.888592e-001  4.096318e-002  5.247635e-001
      vertex  1.949935e-001  4.110025e-002  5.233836e-001
    endloop
  endfacet
  facet normal -1.428428e-001  1.106061e-001 -9.835457e-001
    outer loop
      vertex  1.948502e-001  3.666445e-002  5.229056e-001
      vertex  1.949935e-001  4.110025e-002  5.233836e-001
      vertex  2.084368e-001  3.617772e-002  5.208777e-001
    endloop
  endfacet
  facet normal -1.428432e-001  1.106050e-001 -9.835458e-001
    outer loop
      vertex  2.084368e-001  3.617772e-002  5.208777e-001
      vertex  1.949935e-001  4.110025e-002  5.233836e-001
      vertex  2.085971e-001  4.113974e-002  5.214124e-001
    endloop
  endfacet
  facet normal -5.383033e-002  1.087072e-001 -9.926152e-001
    outer loop
      vertex  2.084368e-001  3.617772e-002  5.208777e-001
      vertex  2.085971e-001  4.113974e-002  5.214124e-001
      vertex  2.231039e-001  3.568391e-002  5.200282e-001
    endloop
  endfacet
  facet normal -5.382678e-002  1.087164e-001 -9.926144e-001
    outer loop
      vertex  2.231039e-001  3.568391e-002  5.200282e-001
      vertex  2.085971e-001  4.113974e-002  5.214124e-001
      vertex  2.232713e-001  4.086636e-002  5.205867e-001
    endloop
  endfacet
  facet normal  1.846806e-002  1.065454e-001 -9.941364e-001
    outer loop
      vertex  2.231039e-001  3.568391e-002  5.200282e-001
      vertex  2.232713e-001  4.086636e-002  5.205867e-001
      vertex  2.380077e-001  3.707678e-002  5.204543e-001
    endloop
  endfacet
  facet normal -2.733441e-001  3.548601e-001 -8.940679e-001
    outer loop
      vertex  1.832989e-001  4.075031e-002  5.263789e-001
      vertex  1.834090e-001  4.416123e-002  5.276991e-001
      vertex  1.888592e-001  4.096318e-002  5.247635e-001
    endloop
  endfacet
  facet normal -2.733375e-001  3.548698e-001 -8.940660e-001
    outer loop
      vertex  1.888592e-001  4.096318e-002  5.247635e-001
      vertex  1.834090e-001  4.416123e-002  5.276991e-001
      vertex  1.889824e-001  4.477864e-002  5.262402e-001
    endloop
  endfacet
  facet normal -2.124724e-001  3.586693e-001 -9.089619e-001
    outer loop
      vertex  1.888592e-001  4.096318e-002  5.247635e-001
      vertex  1.889824e-001  4.477864e-002  5.262402e-001
      vertex  1.949935e-001  4.110025e-002  5.233836e-001
    endloop
  endfacet
  facet normal -2.124730e-001  3.586686e-001 -9.089621e-001
    outer loop
      vertex  1.949935e-001  4.110025e-002  5.233836e-001
      vertex  1.889824e-001  4.477864e-002  5.262402e-001
      vertex  1.951279e-001  4.526124e-002  5.249941e-001
    endloop
  endfacet
  facet normal -1.347413e-001  3.614396e-001 -9.226084e-001
    outer loop
      vertex  1.949935e-001  4.110025e-002  5.233836e-001
      vertex  1.951279e-001  4.526124e-002  5.249941e-001
      vertex  2.085971e-001  4.113974e-002  5.214124e-001
    endloop
  endfacet
  facet normal -1.347425e-001  3.614366e-001 -9.226094e-001
    outer loop
      vertex  2.085971e-001  4.113974e-002  5.214124e-001
      vertex  1.951279e-001  4.526124e-002  5.249941e-001
      vertex  2.087474e-001  4.579436e-002  5.232139e-001
    endloop
  endfacet
  facet normal -4.565054e-002  3.618520e-001 -9.311171e-001
    outer loop
      vertex  2.085971e-001  4.113974e-002  5.214124e-001
      vertex  2.087474e-001  4.579436e-002  5.232139e-001
      vertex  2.232713e-001  4.086636e-002  5.205867e-001
    endloop
  endfacet
  facet normal -4.565115e-002  3.618506e-001 -9.311176e-001
    outer loop
      vertex  2.232713e-001  4.086636e-002  5.205867e-001
      vertex  2.087474e-001  4.579436e-002  5.232139e-001
      vertex  2.234283e-001  4.572775e-002  5.224682e-001
    endloop
  endfacet
  facet normal  2.590939e-002  3.600956e-001 -9.325556e-001
    outer loop
      vertex  2.232713e-001  4.086636e-002  5.205867e-001
      vertex  2.234283e-001  4.572775e-002  5.224682e-001
      vertex  2.381837e-001  4.252382e-002  5.216410e-001
    endloop
  endfacet
  facet normal -3.514905e-001  5.597959e-001 -7.503887e-001
    outer loop
      vertex  1.770153e-001  4.314512e-002  5.299360e-001
      vertex  1.770933e-001  4.556130e-002  5.317019e-001
      vertex  1.834090e-001  4.416123e-002  5.276991e-001
    endloop
  endfacet
  facet normal -3.514884e-001  5.597997e-001 -7.503867e-001
    outer loop
      vertex  1.834090e-001  4.416123e-002  5.276991e-001
      vertex  1.770933e-001  4.556130e-002  5.317019e-001
      vertex  1.835044e-001  4.711444e-002  5.298575e-001
    endloop
  endfacet
  facet normal -2.662482e-001  5.743691e-001 -7.740879e-001
    outer loop
      vertex  1.834090e-001  4.416123e-002  5.276991e-001
      vertex  1.835044e-001  4.711444e-002  5.298575e-001
      vertex  1.889824e-001  4.477864e-002  5.262402e-001
    endloop
  endfacet
  facet normal -2.662576e-001  5.743564e-001 -7.740940e-001
    outer loop
      vertex  1.889824e-001  4.477864e-002  5.262402e-001
      vertex  1.835044e-001  4.711444e-002  5.298575e-001
      vertex  1.890891e-001  4.808209e-002  5.286546e-001
    endloop
  endfacet
  facet normal -2.052652e-001  5.818141e-001 -7.869935e-001
    outer loop
      vertex  1.889824e-001  4.477864e-002  5.262402e-001
      vertex  1.890891e-001  4.808209e-002  5.286546e-001
      vertex  1.951279e-001  4.526124e-002  5.249941e-001
    endloop
  endfacet
  facet normal -2.052603e-001  5.818202e-001 -7.869902e-001
    outer loop
      vertex  1.951279e-001  4.526124e-002  5.249941e-001
      vertex  1.890891e-001  4.808209e-002  5.286546e-001
      vertex  1.952442e-001  4.886385e-002  5.276272e-001
    endloop
  endfacet
  facet normal -1.274262e-001  5.879408e-001 -7.988042e-001
    outer loop
      vertex  1.951279e-001  4.526124e-002  5.249941e-001
      vertex  1.952442e-001  4.886385e-002  5.276272e-001
      vertex  2.087474e-001  4.579436e-002  5.232139e-001
    endloop
  endfacet
  facet normal -1.274253e-001  5.879429e-001 -7.988029e-001
    outer loop
      vertex  2.087474e-001  4.579436e-002  5.232139e-001
      vertex  1.952442e-001  4.886385e-002  5.276272e-001
      vertex  2.088776e-001  4.982436e-002  5.261593e-001
    endloop
  endfacet
  facet normal -3.826758e-002  5.904467e-001 -8.061689e-001
    outer loop
      vertex  2.087474e-001  4.579436e-002  5.232139e-001
      vertex  2.088776e-001  4.982436e-002  5.261593e-001
      vertex  2.234283e-001  4.572775e-002  5.224682e-001
    endloop
  endfacet
  facet normal -3.827039e-002  5.904406e-001 -8.061733e-001
    outer loop
      vertex  2.234283e-001  4.572775e-002  5.224682e-001
      vertex  2.088776e-001  4.982436e-002  5.261593e-001
      vertex  2.235643e-001  4.993678e-002  5.255445e-001
    endloop
  endfacet
  facet normal  3.330331e-002  5.890386e-001 -8.074183e-001
    outer loop
      vertex  2.234283e-001  4.572775e-002  5.224682e-001
      vertex  2.235643e-001  4.993678e-002  5.255445e-001
      vertex  2.383417e-001  4.741606e-002  5.243150e-001
    endloop
  endfacet
  facet normal -4.711353e-001  6.930062e-001 -5.456867e-001
    outer loop
      vertex  1.720248e-001  4.374725e-002  5.337741e-001
      vertex  1.720703e-001  4.515554e-002  5.355234e-001
      vertex  1.770933e-001  4.556130e-002  5.317019e-001
    endloop
  endfacet
  facet normal -4.711365e-001  6.930040e-001 -5.456885e-001
    outer loop
      vertex  1.770933e-001  4.556130e-002  5.317019e-001
      vertex  1.720703e-001  4.515554e-002  5.355234e-001
      vertex  1.771539e-001  4.743833e-002  5.340333e-001
    endloop
  endfacet
  facet normal -3.458214e-001  7.352389e-001 -5.829505e-001
    outer loop
      vertex  1.770933e-001  4.556130e-002  5.317019e-001
      vertex  1.771539e-001  4.743833e-002  5.340333e-001
      vertex  1.835044e-001  4.711444e-002  5.298575e-001
    endloop
  endfacet
  facet normal -3.458206e-001  7.352401e-001 -5.829495e-001
    outer loop
      vertex  1.835044e-001  4.711444e-002  5.298575e-001
      vertex  1.771539e-001  4.743833e-002  5.340333e-001
      vertex  1.835785e-001  4.940866e-002  5.327071e-001
    endloop
  endfacet
  facet normal -2.604111e-001  7.553490e-001 -6.013600e-001
    outer loop
      vertex  1.835044e-001  4.711444e-002  5.298575e-001
      vertex  1.835785e-001  4.940866e-002  5.327071e-001
      vertex  1.890891e-001  4.808209e-002  5.286546e-001
    endloop
  endfacet
  facet normal -2.604073e-001  7.553535e-001 -6.013562e-001
    outer loop
      vertex  1.890891e-001  4.808209e-002  5.286546e-001
      vertex  1.835785e-001  4.940866e-002  5.327071e-001
      vertex  1.891720e-001  5.064841e-002  5.318422e-001
    endloop
  endfacet
  facet normal -1.993178e-001  7.658269e-001 -6.113767e-001
    outer loop
      vertex  1.890891e-001  4.808209e-002  5.286546e-001
      vertex  1.891720e-001  5.064841e-002  5.318422e-001
      vertex  1.952442e-001  4.886385e-002  5.276272e-001
    endloop
  endfacet
  facet normal -1.993203e-001  7.658243e-001 -6.113793e-001
    outer loop
      vertex  1.952442e-001  4.886385e-002  5.276272e-001
      vertex  1.891720e-001  5.064841e-002  5.318422e-001
      vertex  1.953346e-001  5.166258e-002  5.311034e-001
    endloop
  endfacet
  facet normal -1.213927e-001  7.747076e-001 -6.205578e-001
    outer loop
      vertex  1.952442e-001  4.886385e-002  5.276272e-001
      vertex  1.953346e-001  5.166258e-002  5.311034e-001
      vertex  2.088776e-001  4.982436e-002  5.261593e-001
    endloop
  endfacet
  facet normal -1.213950e-001  7.747034e-001 -6.205626e-001
    outer loop
      vertex  2.088776e-001  4.982436e-002  5.261593e-001
      vertex  1.953346e-001  5.166258e-002  5.311034e-001
      vertex  2.089787e-001  5.295511e-002  5.300480e-001
    endloop
  endfacet
  facet normal -3.218198e-002  7.789297e-001 -6.262850e-001
    outer loop
      vertex  2.088776e-001  4.982436e-002  5.261593e-001
      vertex  2.089787e-001  5.295511e-002  5.300480e-001
      vertex  2.235643e-001  4.993678e-002  5.255445e-001
    endloop
  endfacet
  facet normal -3.217967e-002  7.789336e-001 -6.262802e-001
    outer loop
      vertex  2.235643e-001  4.993678e-002  5.255445e-001
      vertex  2.089787e-001  5.295511e-002  5.300480e-001
      vertex  2.236699e-001  5.320660e-002  5.296059e-001
    endloop
  endfacet
  facet normal  4.014915e-002  7.777902e-001 -6.272404e-001
    outer loop
      vertex  2.235643e-001  4.993678e-002  5.255445e-001
      vertex  2.236699e-001  5.320660e-002  5.296059e-001
      vertex  2.384690e-001  5.135715e-002  5.282598e-001
    endloop
  endfacet
  facet normal -4.673226e-001  8.110963e-001 -3.517561e-001
    outer loop
      vertex  1.720703e-001  4.515554e-002  5.355234e-001
      vertex  1.720996e-001  4.606334e-002  5.375777e-001
      vertex  1.771539e-001  4.743833e-002  5.340333e-001
    endloop
  endfacet
  facet normal -4.673242e-001  8.110942e-001 -3.517590e-001
    outer loop
      vertex  1.771539e-001  4.743833e-002  5.340333e-001
      vertex  1.720996e-001  4.606334e-002  5.375777e-001
      vertex  1.771930e-001  4.864830e-002  5.367713e-001
    endloop
  endfacet
  facet normal -3.417458e-001  8.613937e-001 -3.757800e-001
    outer loop
      vertex  1.771539e-001  4.743833e-002  5.340333e-001
      vertex  1.771930e-001  4.864830e-002  5.367713e-001
      vertex  1.835785e-001  4.940866e-002  5.327071e-001
    endloop
  endfacet
  facet normal -3.417454e-001  8.613943e-001 -3.757792e-001
    outer loop
      vertex  1.835785e-001  4.940866e-002  5.327071e-001
      vertex  1.771930e-001  4.864830e-002  5.367713e-001
      vertex  1.836263e-001  5.088755e-002  5.360537e-001
    endloop
  endfacet
  facet normal -2.562045e-001  8.854878e-001 -3.876475e-001
    outer loop
      vertex  1.835785e-001  4.940866e-002  5.327071e-001
      vertex  1.836263e-001  5.088755e-002  5.360537e-001
      vertex  1.891720e-001  5.064841e-002  5.318422e-001
    endloop
  endfacet
  facet normal -2.562044e-001  8.854880e-001 -3.876473e-001
    outer loop
      vertex  1.891720e-001  5.064841e-002  5.318422e-001
      vertex  1.836263e-001  5.088755e-002  5.360537e-001
      vertex  1.892254e-001  5.230271e-002  5.355857e-001
    endloop
  endfacet
  facet normal -1.950469e-001  8.981295e-001 -3.941067e-001
    outer loop
      vertex  1.891720e-001  5.064841e-002  5.318422e-001
      vertex  1.892254e-001  5.230271e-002  5.355857e-001
      vertex  1.953346e-001  5.166258e-002  5.311034e-001
    endloop
  endfacet
  facet normal -1.950487e-001  8.981282e-001 -3.941089e-001
    outer loop
      vertex  1.953346e-001  5.166258e-002  5.311034e-001
      vertex  1.892254e-001  5.230271e-002  5.355857e-001
      vertex  1.953929e-001  5.346669e-002  5.351859e-001
    endloop
  endfacet
  facet normal -1.170567e-001  9.089979e-001 -4.000256e-001
    outer loop
      vertex  1.953346e-001  5.166258e-002  5.311034e-001
      vertex  1.953929e-001  5.346669e-002  5.351859e-001
      vertex  2.089787e-001  5.295511e-002  5.300480e-001
    endloop
  endfacet
  facet normal -1.170549e-001  9.090001e-001 -4.000212e-001
    outer loop
      vertex  2.089787e-001  5.295511e-002  5.300480e-001
      vertex  1.953929e-001  5.346669e-002  5.351859e-001
      vertex  2.090439e-001  5.497324e-002  5.346149e-001
    endloop
  endfacet
  facet normal -2.780228e-002  9.144645e-001 -4.037099e-001
    outer loop
      vertex  2.089787e-001  5.295511e-002  5.300480e-001
      vertex  2.090439e-001  5.497324e-002  5.346149e-001
      vertex  2.236699e-001  5.320660e-002  5.296059e-001
    endloop
  endfacet
  facet normal -2.780390e-002  9.144627e-001 -4.037140e-001
    outer loop
      vertex  2.236699e-001  5.320660e-002  5.296059e-001
      vertex  2.090439e-001  5.497324e-002  5.346149e-001
      vertex  2.237380e-001  5.531439e-002  5.343755e-001
    endloop
  endfacet
  facet normal  4.602619e-002  9.134572e-001 -4.043235e-001
    outer loop
      vertex  2.236699e-001  5.320660e-002  5.296059e-001
      vertex  2.237380e-001  5.531439e-002  5.343755e-001
      vertex  2.385553e-001  5.402782e-002  5.331557e-001
    endloop
  endfacet
  facet normal -4.652588e-001  8.749949e-001 -1.338591e-001
    outer loop
      vertex  1.720996e-001  4.606334e-002  5.375777e-001
      vertex  1.721108e-001  4.640881e-002  5.397970e-001
      vertex  1.771930e-001  4.864830e-002  5.367713e-001
    endloop
  endfacet
  facet normal -4.652608e-001  8.749930e-001 -1.338638e-001
    outer loop
      vertex  1.771930e-001  4.864830e-002  5.367713e-001
      vertex  1.721108e-001  4.640881e-002  5.397970e-001
      vertex  1.772079e-001  4.910875e-002  5.397294e-001
    endloop
  endfacet
  facet normal -3.395412e-001  9.296566e-001 -1.430044e-001
    outer loop
      vertex  1.771930e-001  4.864830e-002  5.367713e-001
      vertex  1.772079e-001  4.910875e-002  5.397294e-001
      vertex  1.836263e-001  5.088755e-002  5.360537e-001
    endloop
  endfacet
  facet normal -3.395402e-001  9.296573e-001 -1.430025e-001
    outer loop
      vertex  1.836263e-001  5.088755e-002  5.360537e-001
      vertex  1.772079e-001  4.910875e-002  5.397294e-001
      vertex  1.836445e-001  5.145035e-002  5.396693e-001
    endloop
  endfacet
  facet normal -2.539306e-001  9.559066e-001 -1.475188e-001
    outer loop
      vertex  1.836263e-001  5.088755e-002  5.360537e-001
      vertex  1.836445e-001  5.145035e-002  5.396693e-001
      vertex  1.892254e-001  5.230271e-002  5.355857e-001
    endloop
  endfacet
  facet normal -2.539313e-001  9.559063e-001 -1.475198e-001
    outer loop
      vertex  1.892254e-001  5.230271e-002  5.355857e-001
      vertex  1.836445e-001  5.145035e-002  5.396693e-001
      vertex  1.892458e-001  5.293225e-002  5.396301e-001
    endloop
  endfacet
  facet normal -1.927356e-001  9.697214e-001 -1.499780e-001
    outer loop
      vertex  1.892254e-001  5.230271e-002  5.355857e-001
      vertex  1.892458e-001  5.293225e-002  5.396301e-001
      vertex  1.953929e-001  5.346669e-002  5.351859e-001
    endloop
  endfacet
  facet normal -1.927354e-001  9.697214e-001 -1.499777e-001
    outer loop
      vertex  1.953929e-001  5.346669e-002  5.351859e-001
      vertex  1.892458e-001  5.293225e-002  5.396301e-001
      vertex  1.954151e-001  5.415324e-002  5.395965e-001
    endloop
  endfacet
  facet normal -1.147079e-001  9.816661e-001 -1.522292e-001
    outer loop
      vertex  1.953929e-001  5.346669e-002  5.351859e-001
      vertex  1.954151e-001  5.415324e-002  5.395965e-001
      vertex  2.090439e-001  5.497324e-002  5.346149e-001
    endloop
  endfacet
  facet normal -1.147076e-001  9.816661e-001 -1.522287e-001
    outer loop
      vertex  2.090439e-001  5.497324e-002  5.346149e-001
      vertex  1.954151e-001  5.415324e-002  5.395965e-001
      vertex  2.090687e-001  5.574124e-002  5.395487e-001
    endloop
  endfacet
  facet normal -2.543455e-002  9.878007e-001 -1.536325e-001
    outer loop
      vertex  2.090439e-001  5.497324e-002  5.346149e-001
      vertex  2.090687e-001  5.574124e-002  5.395487e-001
      vertex  2.237380e-001  5.531439e-002  5.343755e-001
    endloop
  endfacet
  facet normal -2.543378e-002  9.878010e-001 -1.536303e-001
    outer loop
      vertex  2.237380e-001  5.531439e-002  5.343755e-001
      vertex  2.090687e-001  5.574124e-002  5.395487e-001
      vertex  2.237639e-001  5.611650e-002  5.395287e-001
    endloop
  endfacet
  facet normal  5.063400e-002  9.867951e-001 -1.538562e-001
    outer loop
      vertex  2.237380e-001  5.531439e-002  5.343755e-001
      vertex  2.237639e-001  5.611650e-002  5.395287e-001
      vertex  2.385935e-001  5.521171e-002  5.386060e-001
    endloop
  endfacet
  facet normal  1.671698e-002 -9.974367e-001  6.957367e-002
    outer loop
      vertex  2.160775e-001 -6.907975e-003  8.000001e-002
      vertex  2.259392e-001 -6.742692e-003  8.000001e-002
      vertex  2.217905e-001  2.416288e-002  5.240718e-001
    endloop
  endfacet
  facet normal -3.899240e-003 -9.975500e-001  6.984683e-002
    outer loop
      vertex  2.217905e-001  2.416288e-002  5.240718e-001
      vertex  2.085198e-001  2.430119e-002  5.253063e-001
      vertex  2.160775e-001 -6.907975e-003  8.000001e-002
    endloop
  endfacet
  facet normal -3.072733e-002 -9.970896e-001  6.977265e-002
    outer loop
      vertex  1.670450e-001 -6.051917e-003  8.000001e-002
      vertex  1.846536e-001 -6.594561e-003  8.000001e-002
      vertex  1.866338e-001  2.491787e-002  5.312021e-001
    endloop
  endfacet
  facet normal -1.380843e-002 -9.975164e-001  6.906742e-002
    outer loop
      vertex  1.670450e-001 -6.051917e-003  8.000001e-002
      vertex  1.866338e-001  2.491787e-002  5.312021e-001
      vertex  1.829098e-001  2.511200e-002  5.332612e-001
    endloop
  endfacet
  facet normal -1.906883e-002 -9.974174e-001  6.924473e-002
    outer loop
      vertex  1.670450e-001 -6.051917e-003  8.000001e-002
      vertex  1.829098e-001  2.511200e-002  5.332612e-001
      vertex  1.799981e-001  2.532688e-002  5.355546e-001
    endloop
  endfacet
  facet normal -2.323223e-002 -9.973214e-001  6.935650e-002
    outer loop
      vertex  1.670450e-001 -6.051917e-003  8.000001e-002
      vertex  1.799981e-001  2.532688e-002  5.355546e-001
      vertex  1.785256e-001  2.548361e-002  5.373151e-001
    endloop
  endfacet
  facet normal -2.585781e-002 -9.972525e-001  6.941766e-002
    outer loop
      vertex  1.670450e-001 -6.051917e-003  8.000001e-002
      vertex  1.785256e-001  2.548361e-002  5.373151e-001
      vertex  1.776006e-001  2.564397e-002  5.392742e-001
    endloop
  endfacet
  facet normal -3.203367e-002 -9.970642e-001  6.954661e-002
    outer loop
      vertex  1.670450e-001 -6.051917e-003  8.000001e-002
      vertex  1.776006e-001  2.564397e-002  5.392742e-001
      vertex  1.775305e-001  2.584277e-002  5.420921e-001
    endloop
  endfacet
  facet normal -7.950042e-003 -9.975348e-001  6.972136e-002
    outer loop
      vertex  1.884060e-001  8.911949e-002  1.450004e+000
      vertex  1.877117e-001  2.628408e-002  5.509098e-001
      vertex  1.931037e-001  2.638209e-002  5.529268e-001
    endloop
  endfacet
  facet normal -7.379457e-003 -9.975390e-001  6.972464e-002
    outer loop
      vertex  1.884060e-001  8.911949e-002  1.450004e+000
      vertex  1.931037e-001  2.638209e-002  5.529268e-001
      vertex  2.000070e-001  2.645960e-002  5.547663e-001
    endloop
  endfacet
  facet normal -1.202698e-002 -9.974982e-001  6.966156e-002
    outer loop
      vertex  1.884060e-001  8.911949e-002  1.450004e+000
      vertex  2.000070e-001  2.645960e-002  5.547663e-001
      vertex  2.107706e-001  2.645351e-002  5.565374e-001
    endloop
  endfacet
  facet normal -9.860862e-003 -9.975181e-001  6.971716e-002
    outer loop
      vertex  1.884060e-001  8.911949e-002  1.450004e+000
      vertex  2.107706e-001  2.645351e-002  5.565374e-001
      vertex  2.120473e-001  8.888579e-002  1.450004e+000
    endloop
  endfacet
  facet normal -6.958754e-002 -9.951464e-001  6.957922e-002
    outer loop
      vertex  1.647976e-001  8.982405e-002  1.450004e+000
      vertex  1.412551e-001  9.147030e-002  1.450004e+000
      vertex  1.494653e-001 -4.892495e-003  8.000001e-002
    endloop
  endfacet
  facet normal -6.564973e-002 -9.954156e-001  6.955376e-002
    outer loop
      vertex  1.647976e-001  8.982405e-002  1.450004e+000
      vertex  1.494653e-001 -4.892495e-003  8.000001e-002
      vertex  1.670450e-001 -6.051917e-003  8.000001e-002
    endloop
  endfacet
  facet normal -3.932467e-002 -9.967931e-001  6.969335e-002
    outer loop
      vertex  1.647976e-001  8.982405e-002  1.450004e+000
      vertex  1.670450e-001 -6.051917e-003  8.000001e-002
      vertex  1.775305e-001  2.584277e-002  5.420921e-001
    endloop
  endfacet
  facet normal -2.566453e-002 -9.972228e-001  6.991520e-002
    outer loop
      vertex  1.647976e-001  8.982405e-002  1.450004e+000
      vertex  1.775305e-001  2.584277e-002  5.420921e-001
      vertex  1.786455e-001  2.598257e-002  5.444953e-001
    endloop
  endfacet
  facet normal -2.197061e-002 -9.973066e-001  6.997760e-002
    outer loop
      vertex  1.647976e-001  8.982405e-002  1.450004e+000
      vertex  1.786455e-001  2.598257e-002  5.444953e-001
      vertex  1.810356e-001  2.610609e-002  5.470061e-001
    endloop
  endfacet
  facet normal -1.730308e-002 -9.973922e-001  7.006757e-002
    outer loop
      vertex  1.647976e-001  8.982405e-002  1.450004e+000
      vertex  1.810356e-001  2.610609e-002  5.470061e-001
      vertex  1.837653e-001  2.619173e-002  5.488993e-001
    endloop
  endfacet
  facet normal -1.240743e-002 -9.974574e-001  7.017523e-002
    outer loop
      vertex  1.647976e-001  8.982405e-002  1.450004e+000
      vertex  1.837653e-001  2.619173e-002  5.488993e-001
      vertex  1.877117e-001  2.628408e-002  5.509098e-001
    endloop
  endfacet
  facet normal -2.975748e-002 -9.971235e-001  6.970944e-002
    outer loop
      vertex  1.647976e-001  8.982405e-002  1.450004e+000
      vertex  1.877117e-001  2.628408e-002  5.509098e-001
      vertex  1.884060e-001  8.911949e-002  1.450004e+000
    endloop
  endfacet
  facet normal  8.248132e-002 -9.941671e-001  6.948718e-002
    outer loop
      vertex  2.357708e-001 -5.927010e-003  8.000001e-002
      vertex  2.357709e-001  2.506639e-002  5.234289e-001
      vertex  2.259392e-001 -6.742692e-003  8.000001e-002
    endloop
  endfacet
  facet normal  1.076557e-001 -9.918076e-001  6.875975e-002
    outer loop
      vertex  2.259392e-001 -6.742692e-003  8.000001e-002
      vertex  2.357709e-001  2.506639e-002  5.234289e-001
      vertex  2.325320e-001  2.472248e-002  5.235393e-001
    endloop
  endfacet
  facet normal  5.535239e-002 -9.960216e-001  6.983614e-002
    outer loop
      vertex  2.259392e-001 -6.742692e-003  8.000001e-002
      vertex  2.325320e-001  2.472248e-002  5.235393e-001
      vertex  2.217905e-001  2.416288e-002  5.240718e-001
    endloop
  endfacet
  facet normal -1.146798e-002 -9.975010e-001  6.971494e-002
    outer loop
      vertex  2.160775e-001 -6.907975e-003  8.000001e-002
      vertex  2.085198e-001  2.430119e-002  5.253063e-001
      vertex  2.003637e-001 -6.727319e-003  8.000001e-002
    endloop
  endfacet
  facet normal -1.106997e-002 -9.975060e-001  6.970800e-002
    outer loop
      vertex  2.003637e-001 -6.727319e-003  8.000001e-002
      vertex  2.085198e-001  2.430119e-002  5.253063e-001
      vertex  1.982293e-001  2.454991e-002  5.272313e-001
    endloop
  endfacet
  facet normal -8.429692e-003 -9.975308e-001  6.972234e-002
    outer loop
      vertex  2.003637e-001 -6.727319e-003  8.000001e-002
      vertex  1.982293e-001  2.454991e-002  5.272313e-001
      vertex  1.846536e-001 -6.594561e-003  8.000001e-002
    endloop
  endfacet
  facet normal -7.036667e-003 -9.975445e-001  6.968100e-002
    outer loop
      vertex  1.846536e-001 -6.594561e-003  8.000001e-002
      vertex  1.982293e-001  2.454991e-002  5.272313e-001
      vertex  1.916751e-001  2.473045e-002  5.291539e-001
    endloop
  endfacet
  facet normal -8.766687e-003 -9.975290e-001  6.970697e-002
    outer loop
      vertex  1.846536e-001 -6.594561e-003  8.000001e-002
      vertex  1.916751e-001  2.473045e-002  5.291539e-001
      vertex  1.866338e-001  2.491787e-002  5.312021e-001
    endloop
  endfacet
  facet normal  7.875079e-002 -9.944682e-001  6.950823e-002
    outer loop
      vertex  2.357709e-001  2.747571e-002  5.578994e-001
      vertex  2.357709e-001  8.982922e-002  1.450004e+000
      vertex  2.249322e-001  2.659653e-002  5.576007e-001
    endloop
  endfacet
  facet normal  7.490991e-002 -9.947601e-001  6.957557e-002
    outer loop
      vertex  2.249322e-001  2.659653e-002  5.576007e-001
      vertex  2.357709e-001  8.982922e-002  1.450004e+000
      vertex  2.238795e-001  8.893374e-002  1.450004e+000
    endloop
  endfacet
  facet normal  4.842395e-003 -9.975571e-001  6.968829e-002
    outer loop
      vertex  2.249322e-001  2.659653e-002  5.576007e-001
      vertex  2.238795e-001  8.893374e-002  1.450004e+000
      vertex  2.107706e-001  2.645351e-002  5.565374e-001
    endloop
  endfacet
  facet normal  4.042685e-003 -9.975598e-001  6.970022e-002
    outer loop
      vertex  2.107706e-001  2.645351e-002  5.565374e-001
      vertex  2.238795e-001  8.893374e-002  1.450004e+000
      vertex  2.120473e-001  8.888579e-002  1.450004e+000
    endloop
  endfacet
  facet normal -7.067350e-002 -9.950707e-001  6.956738e-002
    outer loop
      vertex  1.494653e-001 -4.892495e-003  8.000001e-002
      vertex  1.412551e-001  9.147030e-002  1.450004e+000
      vertex  1.266230e-001 -3.270154e-003  8.000001e-002
    endloop
  endfacet
  facet normal -6.958728e-002 -9.951476e-001  6.956111e-002
    outer loop
      vertex  1.266230e-001 -3.270154e-003  8.000001e-002
      vertex  1.412551e-001  9.147030e-002  1.450004e+000
      vertex  1.177126e-001  9.311655e-002  1.450004e+000
    endloop
  endfacet
  facet normal -7.099340e-002 -9.950495e-001  6.954505e-002
    outer loop
      vertex  1.266230e-001 -3.270154e-003  8.000001e-002
      vertex  1.177126e-001  9.311655e-002  1.450004e+000
      vertex  9.790894e-002 -1.221507e-003  8.000001e-002
    endloop
  endfacet
  facet normal -6.958777e-002 -9.951497e-001  6.953163e-002
    outer loop
      vertex  9.790894e-002 -1.221507e-003  8.000001e-002
      vertex  1.177126e-001  9.311655e-002  1.450004e+000
      vertex  9.417009e-002  9.476281e-002  1.450004e+000
    endloop
  endfacet
  facet normal -6.157064e-002 -9.956738e-001  6.959023e-002
    outer loop
      vertex  9.790894e-002 -1.221507e-003  8.000001e-002
      vertex  9.417009e-002  9.476281e-002  1.450004e+000
      vertex  7.815570e-002  7.105428e-018  8.000001e-002
    endloop
  endfacet
  facet normal -6.958720e-002 -9.951416e-001  6.964713e-002
    outer loop
      vertex  7.815570e-002  7.105428e-018  8.000001e-002
      vertex  9.417009e-002  9.476281e-002  1.450004e+000
      vertex  7.062758e-002  9.640906e-002  1.450004e+000
    endloop
  endfacet
  facet normal -9.166697e-002 -9.933683e-001  6.940101e-002
    outer loop
      vertex  7.815570e-002  7.105428e-018  8.000001e-002
      vertex  7.062758e-002  9.640906e-002  1.450004e+000
      vertex  6.236015e-002  1.455128e-003  7.996470e-002
    endloop
  endfacet
  facet normal -5.336968e-002 -9.961628e-001  6.936359e-002
    outer loop
      vertex  6.236015e-002  1.455128e-003  7.996470e-002
      vertex  7.062758e-002  9.640906e-002  1.450004e+000
      vertex  4.624591e-002  2.314680e-003  7.991057e-002
    endloop
  endfacet
  facet normal -6.958719e-002 -9.951462e-001  6.958237e-002
    outer loop
      vertex  4.624591e-002  2.314680e-003  7.991057e-002
      vertex  7.062758e-002  9.640906e-002  1.450004e+000
      vertex  4.708506e-002  9.805531e-002  1.450004e+000
    endloop
  endfacet
  facet normal -9.262782e-002 -9.932746e-001  6.946570e-002
    outer loop
      vertex  4.624591e-002  2.314680e-003  7.991057e-002
      vertex  4.708506e-002  9.805531e-002  1.450004e+000
      vertex  3.138931e-002  9.951901e-002  1.450004e+000
    endloop
  endfacet
  facet normal -9.769469e-001 -2.129628e-001  1.488503e-002
    outer loop
      vertex  6.750000e-004  1.110002e-001  1.450004e+000
      vertex  6.749656e-004  1.496453e-002  7.600122e-002
      vertex  9.456956e-004  1.097585e-001  1.450004e+000
    endloop
  endfacet
  facet normal -9.948466e-001 -1.011368e-001  7.173560e-003
    outer loop
      vertex  9.456956e-004  1.097585e-001  1.450004e+000
      vertex  6.749656e-004  1.496453e-002  7.600122e-002
      vertex  7.309061e-004  1.443536e-002  7.629868e-002
    endloop
  endfacet
  facet normal -8.500503e-001 -5.254288e-001  3.659308e-002
    outer loop
      vertex  9.456956e-004  1.097585e-001  1.450004e+000
      vertex  7.309061e-004  1.443536e-002  7.629868e-002
      vertex  1.699514e-003  1.085389e-001  1.450004e+000
    endloop
  endfacet
  facet normal -8.955061e-001 -4.439651e-001  3.104458e-002
    outer loop
      vertex  1.699514e-003  1.085389e-001  1.450004e+000
      vertex  7.309061e-004  1.443536e-002  7.629868e-002
      vertex  1.644324e-003  1.265594e-002  7.719977e-002
    endloop
  endfacet
  facet normal -7.021701e-001 -7.102768e-001  4.963725e-002
    outer loop
      vertex  1.699514e-003  1.085389e-001  1.450004e+000
      vertex  1.644324e-003  1.265594e-002  7.719977e-002
      vertex  2.973129e-003  1.072798e-001  1.450004e+000
    endloop
  endfacet
  facet normal -6.946335e-001 -7.176145e-001  5.013573e-002
    outer loop
      vertex  2.973129e-003  1.072798e-001  1.450004e+000
      vertex  1.644324e-003  1.265594e-002  7.719977e-002
      vertex  3.219831e-003  1.117567e-002  7.784070e-002
    endloop
  endfacet
  facet normal -5.247936e-001 -8.491560e-001  5.937923e-002
    outer loop
      vertex  2.973129e-003  1.072798e-001  1.450004e+000
      vertex  3.219831e-003  1.117567e-002  7.784070e-002
      vertex  6.190221e-003  1.052916e-001  1.450004e+000
    endloop
  endfacet
  facet normal -5.459095e-001 -8.357987e-001  5.850877e-002
    outer loop
      vertex  6.190221e-003  1.052916e-001  1.450004e+000
      vertex  3.219831e-003  1.117567e-002  7.784070e-002
      vertex  5.142963e-003  9.951799e-003  7.830127e-002
    endloop
  endfacet
  facet normal -3.767990e-001 -9.240458e-001  6.451324e-002
    outer loop
      vertex  6.190221e-003  1.052916e-001  1.450004e+000
      vertex  5.142963e-003  9.951799e-003  7.830127e-002
      vertex  8.194642e-003  1.044743e-001  1.450004e+000
    endloop
  endfacet
  facet normal -4.144787e-001 -9.078424e-001  6.348051e-002
    outer loop
      vertex  8.194642e-003  1.044743e-001  1.450004e+000
      vertex  5.142963e-003  9.951799e-003  7.830127e-002
      vertex  7.761299e-003  8.783251e-003  7.868544e-002
    endloop
  endfacet
  facet normal -2.848971e-001 -9.562266e-001  6.681583e-002
    outer loop
      vertex  8.194642e-003  1.044743e-001  1.450004e+000
      vertex  7.761299e-003  8.783251e-003  7.868544e-002
      vertex  1.196884e-002  1.033498e-001  1.450004e+000
    endloop
  endfacet
  facet normal -2.864592e-001 -9.557616e-001  6.678856e-002
    outer loop
      vertex  1.196884e-002  1.033498e-001  1.450004e+000
      vertex  7.761299e-003  8.783251e-003  7.868544e-002
      vertex  1.312525e-002  7.206065e-003  7.912169e-002
    endloop
  endfacet
  facet normal -1.930710e-001 -9.787920e-001  6.848252e-002
    outer loop
      vertex  1.196884e-002  1.033498e-001  1.450004e+000
      vertex  1.312525e-002  7.206065e-003  7.912169e-002
      vertex  3.138931e-002  9.951901e-002  1.450004e+000
    endloop
  endfacet
  facet normal -1.905359e-001 -9.792886e-001  6.848218e-002
    outer loop
      vertex  3.138931e-002  9.951901e-002  1.450004e+000
      vertex  1.312525e-002  7.206065e-003  7.912169e-002
      vertex  2.892314e-002  4.173353e-003  7.970830e-002
    endloop
  endfacet
  facet normal -1.072272e-001 -9.918231e-001  6.920441e-002
    outer loop
      vertex  3.138931e-002  9.951901e-002  1.450004e+000
      vertex  2.892314e-002  4.173353e-003  7.970830e-002
      vertex  4.624591e-002  2.314680e-003  7.991057e-002
    endloop
  endfacet
  facet normal -2.527813e-001  9.651672e-001 -6.748360e-002
    outer loop
      vertex  1.465257e-002  2.353987e-002  6.859770e-002
      vertex  1.913855e-002  1.213014e-001  1.450004e+000
      vertex  2.247543e-002  2.540409e-002  6.595720e-002
    endloop
  endfacet
  facet normal -2.370504e-001  9.691342e-001 -6.772053e-002
    outer loop
      vertex  1.913855e-002  1.213014e-001  1.450004e+000
      vertex  2.515588e-002  1.227732e-001  1.450004e+000
      vertex  2.247543e-002  2.540409e-002  6.595720e-002
    endloop
  endfacet
  facet normal  1.123872e-001  9.912444e-001 -6.930865e-002
    outer loop
      vertex  8.721804e-002  2.615543e-002  6.469333e-002
      vertex  7.821432e-002  2.705522e-002  6.296208e-002
      vertex  8.045854e-002  1.237839e-001  1.450004e+000
    endloop
  endfacet
  facet normal  1.309366e-001  9.889826e-001 -6.905875e-002
    outer loop
      vertex  8.045854e-002  1.237839e-001  1.450004e+000
      vertex  9.605505e-002  1.217190e-001  1.450004e+000
      vertex  8.721804e-002  2.615543e-002  6.469333e-002
    endloop
  endfacet
  facet normal  1.437770e-001  9.872004e-001 -6.901772e-002
    outer loop
      vertex  8.721804e-002  2.615543e-002  6.469333e-002
      vertex  9.605505e-002  1.217190e-001  1.450004e+000
      vertex  9.968912e-002  2.452028e-002  6.728455e-002
    endloop
  endfacet
  facet normal  1.633999e-001  9.841613e-001 -6.875251e-002
    outer loop
      vertex  9.968912e-002  2.452028e-002  6.728455e-002
      vertex  9.605505e-002  1.217190e-001  1.450004e+000
      vertex  1.194412e-001  1.178362e-001  1.450004e+000
    endloop
  endfacet
  facet normal  1.693939e-001  9.831462e-001 -6.876963e-002
    outer loop
      vertex  9.968912e-002  2.452028e-002  6.728455e-002
      vertex  1.194412e-001  1.178362e-001  1.450004e+000
      vertex  1.227549e-001  2.084615e-002  7.157402e-002
    endloop
  endfacet
  facet normal  2.069105e-001  9.759817e-001 -6.817532e-002
    outer loop
      vertex  1.227549e-001  2.084615e-002  7.157402e-002
      vertex  1.194412e-001  1.178362e-001  1.450004e+000
      vertex  1.427532e-001  1.128940e-001  1.450004e+000
    endloop
  endfacet
  facet normal  2.098832e-001  9.753467e-001 -6.817604e-002
    outer loop
      vertex  1.227549e-001  2.084615e-002  7.157402e-002
      vertex  1.427532e-001  1.128940e-001  1.450004e+000
      vertex  1.439303e-001  1.653133e-002  7.503428e-002
    endloop
  endfacet
  facet normal  2.186350e-001  9.734513e-001 -6.775995e-002
    outer loop
      vertex  1.684890e-001  4.329884e-002  5.388226e-001
      vertex  1.620768e-001  1.260795e-002  7.722205e-002
      vertex  1.439303e-001  1.653133e-002  7.503428e-002
    endloop
  endfacet
  facet normal  2.571922e-001  9.640004e-001 -6.749490e-002
    outer loop
      vertex  1.934423e-001  3.778548e-002  5.567845e-001
      vertex  2.124918e-001  9.524227e-002  1.450004e+000
      vertex  2.024359e-001  3.549592e-002  5.583540e-001
    endloop
  endfacet
  facet normal  2.153060e-001  9.741700e-001 -6.808950e-002
    outer loop
      vertex  2.357709e-001  2.747571e-002  5.578994e-001
      vertex  2.253993e-001  2.984514e-002  5.590036e-001
      vertex  2.357709e-001  8.982922e-002  1.450004e+000
    endloop
  endfacet
  facet normal  2.154744e-001  9.741328e-001 -6.808689e-002
    outer loop
      vertex  2.357709e-001  2.506639e-002  5.234289e-001
      vertex  2.357708e-001 -5.927010e-003  8.000001e-002
      vertex  2.252148e-001  2.730361e-002  5.220305e-001
    endloop
  endfacet
  facet normal  2.565393e-001  9.641809e-001 -6.740108e-002
    outer loop
      vertex  2.104504e-001  7.105428e-018  8.000001e-002
      vertex  1.861600e-001  6.414454e-003  7.930622e-002
      vertex  1.857517e-001  3.769128e-002  5.251711e-001
    endloop
  endfacet
  facet normal  2.648493e-001  9.619765e-001 -6.675339e-002
    outer loop
      vertex  2.104504e-001  7.105428e-018  8.000001e-002
      vertex  1.857517e-001  3.769128e-002  5.251711e-001
      vertex  1.931294e-001  3.553229e-002  5.233299e-001
    endloop
  endfacet
  facet normal  2.575538e-001  9.639247e-001 -6.719458e-002
    outer loop
      vertex  2.104504e-001  7.105428e-018  8.000001e-002
      vertex  1.931294e-001  3.553229e-002  5.233299e-001
      vertex  2.020612e-001  3.305539e-002  5.220333e-001
    endloop
  endfacet
  facet normal  2.478004e-001  9.664521e-001 -6.756868e-002
    outer loop
      vertex  2.104504e-001  7.105428e-018  8.000001e-002
      vertex  2.020612e-001  3.305539e-002  5.220333e-001
      vertex  2.123275e-001  3.038535e-002  5.214932e-001
    endloop
  endfacet
  facet normal  2.347082e-001  9.697029e-001 -6.773675e-002
    outer loop
      vertex  2.104504e-001  7.105428e-018  8.000001e-002
      vertex  2.123275e-001  3.038535e-002  5.214932e-001
      vertex  2.252148e-001  2.730361e-002  5.220305e-001
    endloop
  endfacet
  facet normal  2.273979e-001  9.714527e-001 -6.760066e-002
    outer loop
      vertex  2.104504e-001  7.105428e-018  8.000001e-002
      vertex  2.252148e-001  2.730361e-002  5.220305e-001
      vertex  2.357708e-001 -5.927010e-003  8.000001e-002
    endloop
  endfacet
  facet normal  2.541557e-001  9.648063e-001 -6.748197e-002
    outer loop
      vertex  1.892620e-001  1.013616e-001  1.450004e+000
      vertex  2.124918e-001  9.524227e-002  1.450004e+000
      vertex  1.934423e-001  3.778548e-002  5.567845e-001
    endloop
  endfacet
  facet normal  2.645538e-001  9.620243e-001 -6.723531e-002
    outer loop
      vertex  1.892620e-001  1.013616e-001  1.450004e+000
      vertex  1.934423e-001  3.778548e-002  5.567845e-001
      vertex  1.859787e-001  3.969206e-002  5.546968e-001
    endloop
  endfacet
  facet normal  2.661120e-001  9.615961e-001 -6.721152e-002
    outer loop
      vertex  1.892620e-001  1.013616e-001  1.450004e+000
      vertex  1.859787e-001  3.969206e-002  5.546968e-001
      vertex  1.800095e-001  4.117481e-002  5.522768e-001
    endloop
  endfacet
  facet normal  2.623144e-001  9.626368e-001 -6.724216e-002
    outer loop
      vertex  1.892620e-001  1.013616e-001  1.450004e+000
      vertex  1.800095e-001  4.117481e-002  5.522768e-001
      vertex  1.755224e-001  4.222019e-002  5.497378e-001
    endloop
  endfacet
  facet normal  2.557966e-001  9.643881e-001 -6.725773e-002
    outer loop
      vertex  1.892620e-001  1.013616e-001  1.450004e+000
      vertex  1.755224e-001  4.222019e-002  5.497378e-001
      vertex  1.716104e-001  4.303154e-002  5.464932e-001
    endloop
  endfacet
  facet normal  2.495842e-001  9.660156e-001 -6.724144e-002
    outer loop
      vertex  1.892620e-001  1.013616e-001  1.450004e+000
      vertex  1.716104e-001  4.303154e-002  5.464932e-001
      vertex  1.695821e-001  4.336524e-002  5.437587e-001
    endloop
  endfacet
  facet normal  2.466075e-001  9.667810e-001 -6.722577e-002
    outer loop
      vertex  1.892620e-001  1.013616e-001  1.450004e+000
      vertex  1.695821e-001  4.336524e-002  5.437587e-001
      vertex  1.692086e-001  4.340842e-002  5.430098e-001
    endloop
  endfacet
  facet normal  2.452327e-001  9.671312e-001 -6.721774e-002
    outer loop
      vertex  1.892620e-001  1.013616e-001  1.450004e+000
      vertex  1.692086e-001  4.340842e-002  5.430098e-001
      vertex  1.686969e-001  4.343691e-002  5.415527e-001
    endloop
  endfacet
  facet normal  2.388326e-001  9.687345e-001 -6.717510e-002
    outer loop
      vertex  1.892620e-001  1.013616e-001  1.450004e+000
      vertex  1.686969e-001  4.343691e-002  5.415527e-001
      vertex  1.684890e-001  4.329884e-002  5.388226e-001
    endloop
  endfacet
  facet normal  1.949501e-001  9.785358e-001 -6.679923e-002
    outer loop
      vertex  1.892620e-001  1.013616e-001  1.450004e+000
      vertex  1.684890e-001  4.329884e-002  5.388226e-001
      vertex  1.439303e-001  1.653133e-002  7.503428e-002
    endloop
  endfacet
  facet normal  2.401212e-001  9.683821e-001 -6.766205e-002
    outer loop
      vertex  1.892620e-001  1.013616e-001  1.450004e+000
      vertex  1.439303e-001  1.653133e-002  7.503428e-002
      vertex  1.427532e-001  1.128940e-001  1.450004e+000
    endloop
  endfacet
  facet normal  2.539851e-001  9.648374e-001 -6.767829e-002
    outer loop
      vertex  1.861600e-001  6.414454e-003  7.930622e-002
      vertex  1.620768e-001  1.260795e-002  7.722205e-002
      vertex  1.684890e-001  4.329884e-002  5.388226e-001
    endloop
  endfacet
  facet normal  2.434618e-001  9.675030e-001 -6.829694e-002
    outer loop
      vertex  1.861600e-001  6.414454e-003  7.930622e-002
      vertex  1.684890e-001  4.329884e-002  5.388226e-001
      vertex  1.691083e-001  4.297581e-002  5.364540e-001
    endloop
  endfacet
  facet normal  2.476478e-001  9.664568e-001 -6.805712e-002
    outer loop
      vertex  1.861600e-001  6.414454e-003  7.930622e-002
      vertex  1.691083e-001  4.297581e-002  5.364540e-001
      vertex  1.707297e-001  4.237403e-002  5.338082e-001
    endloop
  endfacet
  facet normal  2.535738e-001  9.649415e-001 -6.773605e-002
    outer loop
      vertex  1.861600e-001  6.414454e-003  7.930622e-002
      vertex  1.707297e-001  4.237403e-002  5.338082e-001
      vertex  1.742221e-001  4.122994e-002  5.305841e-001
    endloop
  endfacet
  facet normal  2.602772e-001  9.631770e-001 -6.742258e-002
    outer loop
      vertex  1.861600e-001  6.414454e-003  7.930622e-002
      vertex  1.742221e-001  4.122994e-002  5.305841e-001
      vertex  1.782590e-001  3.996867e-002  5.281498e-001
    endloop
  endfacet
  facet normal  2.655939e-001  9.617386e-001 -6.722146e-002
    outer loop
      vertex  1.861600e-001  6.414454e-003  7.930622e-002
      vertex  1.782590e-001  3.996867e-002  5.281498e-001
      vertex  1.857517e-001  3.769128e-002  5.251711e-001
    endloop
  endfacet
  facet normal -9.982742e-001  5.858263e-002 -4.094601e-003
    outer loop
      vertex  6.749656e-004  1.496453e-002  7.600122e-002
      vertex  6.750000e-004  1.110002e-001  1.450004e+000
      vertex  6.968405e-004  1.532264e-002  7.579180e-002
    endloop
  endfacet
  facet normal -9.797742e-001  1.996218e-001 -1.391396e-002
    outer loop
      vertex  6.968405e-004  1.532264e-002  7.579180e-002
      vertex  6.750000e-004  1.110002e-001  1.450004e+000
      vertex  9.154941e-004  1.121806e-001  1.450004e+000
    endloop
  endfacet
  facet normal -9.068209e-001  4.204832e-001 -2.949245e-002
    outer loop
      vertex  6.968405e-004  1.532264e-002  7.579180e-002
      vertex  9.154941e-004  1.121806e-001  1.450004e+000
      vertex  1.554345e-003  1.709220e-002  7.465475e-002
    endloop
  endfacet
  facet normal -8.459727e-001  5.319291e-001 -3.716930e-002
    outer loop
      vertex  1.554345e-003  1.709220e-002  7.465475e-002
      vertex  9.154941e-004  1.121806e-001  1.450004e+000
      vertex  1.621243e-003  1.133030e-001  1.450004e+000
    endloop
  endfacet
  facet normal -6.760002e-001  7.351074e-001 -5.139066e-002
    outer loop
      vertex  1.554345e-003  1.709220e-002  7.465475e-002
      vertex  1.621243e-003  1.133030e-001  1.450004e+000
      vertex  3.156629e-003  1.849344e-002  7.362187e-002
    endloop
  endfacet
  facet normal -6.720865e-001  7.386704e-001 -5.163173e-002
    outer loop
      vertex  3.156629e-003  1.849344e-002  7.362187e-002
      vertex  1.621243e-003  1.133030e-001  1.450004e+000
      vertex  3.130050e-003  1.146758e-001  1.450004e+000
    endloop
  endfacet
  facet normal -5.366575e-001  8.417467e-001 -5.883215e-002
    outer loop
      vertex  3.156629e-003  1.849344e-002  7.362187e-002
      vertex  3.130050e-003  1.146758e-001  1.450004e+000
      vertex  5.102826e-003  1.966662e-002  7.265446e-002
    endloop
  endfacet
  facet normal -5.044281e-001  8.613569e-001 -6.013869e-002
    outer loop
      vertex  5.102826e-003  1.966662e-002  7.265446e-002
      vertex  3.130050e-003  1.146758e-001  1.450004e+000
      vertex  7.005116e-003  1.169452e-001  1.450004e+000
    endloop
  endfacet
  facet normal -4.618392e-001  8.848044e-001 -6.185355e-002
    outer loop
      vertex  5.102826e-003  1.966662e-002  7.265446e-002
      vertex  7.005116e-003  1.169452e-001  1.450004e+000
      vertex  7.602375e-003  2.089264e-002  7.152899e-002
    endloop
  endfacet
  facet normal -3.742234e-001  9.250842e-001 -6.462230e-002
    outer loop
      vertex  7.602375e-003  2.089264e-002  7.152899e-002
      vertex  7.005116e-003  1.169452e-001  1.450004e+000
      vertex  1.465257e-002  2.353987e-002  6.859770e-002
    endloop
  endfacet
  facet normal -3.975208e-001  9.153520e-001 -6.409322e-002
    outer loop
      vertex  1.465257e-002  2.353987e-002  6.859770e-002
      vertex  7.005116e-003  1.169452e-001  1.450004e+000
      vertex  1.310476e-002  1.195941e-001  1.450004e+000
    endloop
  endfacet
  facet normal -2.716481e-001  9.600574e-001 -6.706071e-002
    outer loop
      vertex  1.465257e-002  2.353987e-002  6.859770e-002
      vertex  1.310476e-002  1.195941e-001  1.450004e+000
      vertex  1.913855e-002  1.213014e-001  1.450004e+000
    endloop
  endfacet
  facet normal -1.962255e-001  9.781678e-001 -6.843513e-002
    outer loop
      vertex  2.247543e-002  2.540409e-002  6.595720e-002
      vertex  2.515588e-002  1.227732e-001  1.450004e+000
      vertex  2.996556e-002  2.674155e-002  6.359740e-002
    endloop
  endfacet
  facet normal -1.693193e-001  9.831648e-001 -6.868791e-002
    outer loop
      vertex  2.996556e-002  2.674155e-002  6.359740e-002
      vertex  2.515588e-002  1.227732e-001  1.450004e+000
      vertex  3.103019e-002  1.237849e-001  1.450004e+000
    endloop
  endfacet
  facet normal -9.906640e-002  9.926574e-001 -6.940630e-002
    outer loop
      vertex  2.996556e-002  2.674155e-002  6.359740e-002
      vertex  3.103019e-002  1.237849e-001  1.450004e+000
      vertex  3.578506e-002  2.724906e-002  6.254945e-002
    endloop
  endfacet
  facet normal -8.517731e-002  9.939425e-001 -6.944811e-002
    outer loop
      vertex  3.578506e-002  2.724906e-002  6.254945e-002
      vertex  3.103019e-002  1.237849e-001  1.450004e+000
      vertex  3.709176e-002  1.243043e-001  1.450004e+000
    endloop
  endfacet
  facet normal -4.457632e-002  9.965736e-001 -6.967041e-002
    outer loop
      vertex  3.578506e-002  2.724906e-002  6.254945e-002
      vertex  3.709176e-002  1.243043e-001  1.450004e+000
      vertex  4.221492e-002  2.749788e-002  6.199446e-002
    endloop
  endfacet
  facet normal -2.977894e-002  9.971266e-001 -6.965436e-002
    outer loop
      vertex  4.221492e-002  2.749788e-002  6.199446e-002
      vertex  3.709176e-002  1.243043e-001  1.450004e+000
      vertex  4.894533e-002  1.246584e-001  1.450004e+000
    endloop
  endfacet
  facet normal -2.006355e-002  9.973650e-001 -6.971815e-002
    outer loop
      vertex  4.221492e-002  2.749788e-002  6.199446e-002
      vertex  4.894533e-002  1.246584e-001  1.450004e+000
      vertex  5.108556e-002  2.765129e-002  6.163642e-002
    endloop
  endfacet
  facet normal -4.281604e-003  9.975582e-001 -6.970733e-002
    outer loop
      vertex  5.108556e-002  2.765129e-002  6.163642e-002
      vertex  4.894533e-002  1.246584e-001  1.450004e+000
      vertex  6.299011e-002  2.769508e-002  6.153181e-002
    endloop
  endfacet
  facet normal -3.791380e-003  9.975606e-001 -6.970254e-002
    outer loop
      vertex  6.299011e-002  2.769508e-002  6.153181e-002
      vertex  4.894533e-002  1.246584e-001  1.450004e+000
      vertex  6.466722e-002  1.247181e-001  1.450004e+000
    endloop
  endfacet
  facet normal  2.468058e-002  9.972615e-001 -6.971602e-002
    outer loop
      vertex  6.299011e-002  2.769508e-002  6.153181e-002
      vertex  6.466722e-002  1.247181e-001  1.450004e+000
      vertex  6.932481e-002  2.756053e-002  6.184978e-002
    endloop
  endfacet
  facet normal  5.891472e-002  9.958407e-001 -6.950172e-002
    outer loop
      vertex  6.932481e-002  2.756053e-002  6.184978e-002
      vertex  6.466722e-002  1.247181e-001  1.450004e+000
      vertex  8.045854e-002  1.237839e-001  1.450004e+000
    endloop
  endfacet
  facet normal  6.528457e-002  9.954417e-001 -6.952515e-002
    outer loop
      vertex  6.932481e-002  2.756053e-002  6.184978e-002
      vertex  8.045854e-002  1.237839e-001  1.450004e+000
      vertex  7.821432e-002  2.705522e-002  6.296208e-002
    endloop
  endfacet
  facet normal  2.259608e-001  9.717565e-001 -6.805105e-002
    outer loop
      vertex  2.357709e-001  8.982922e-002  1.450004e+000
      vertex  2.253993e-001  2.984514e-002  5.590036e-001
      vertex  2.124918e-001  9.524227e-002  1.450004e+000
    endloop
  endfacet
  facet normal  2.343381e-001  9.697891e-001 -6.778529e-002
    outer loop
      vertex  2.124918e-001  9.524227e-002  1.450004e+000
      vertex  2.253993e-001  2.984514e-002  5.590036e-001
      vertex  2.126971e-001  3.292716e-002  5.591848e-001
    endloop
  endfacet
  facet normal  2.474331e-001  9.665470e-001 -6.755548e-002
    outer loop
      vertex  2.124918e-001  9.524227e-002  1.450004e+000
      vertex  2.126971e-001  3.292716e-002  5.591848e-001
      vertex  2.024359e-001  3.549592e-002  5.583540e-001
    endloop
  endfacet
  facet normal  0.000000e+000  0.000000e+000  1.000000e+000
    outer loop
      vertex  2.357708e-001 -5.927010e-003  8.000001e-002
      vertex  2.360000e-001  7.105428e-018  8.000001e-002
      vertex  2.104504e-001  7.105428e-018  8.000001e-002
    endloop
  endfacet
  facet normal  0.000000e+000  0.000000e+000  1.000000e+000
    outer loop
      vertex  2.360000e-001 -1.000000e-001  8.000001e-002
      vertex  2.360000e-001  7.105428e-018  8.000001e-002
      vertex  2.357708e-001 -5.927010e-003  8.000001e-002
    endloop
  endfacet
  facet normal  0.000000e+000  0.000000e+000  1.000000e+000
    outer loop
      vertex  2.360000e-001 -1.000000e-001  8.000001e-002
      vertex  2.357708e-001 -5.927010e-003  8.000001e-002
      vertex  2.259392e-001 -6.742692e-003  8.000001e-002
    endloop
  endfacet
  facet normal  0.000000e+000  0.000000e+000  9.999999e-001
    outer loop
      vertex  2.360000e-001 -1.000000e-001  8.000001e-002
      vertex  2.259392e-001 -6.742692e-003  8.000001e-002
      vertex  2.160775e-001 -6.907975e-003  8.000001e-002
    endloop
  endfacet
  facet normal  0.000000e+000  0.000000e+000  1.000000e+000
    outer loop
      vertex -3.394681e-001 -6.620055e-003  8.000001e-002
      vertex  1.846536e-001 -6.594561e-003  8.000001e-002
      vertex  1.670450e-001 -6.051917e-003  8.000001e-002
    endloop
  endfacet
  facet normal  0.000000e+000  0.000000e+000  1.000000e+000
    outer loop
      vertex -3.394681e-001 -6.620055e-003  8.000001e-002
      vertex  1.670450e-001 -6.051917e-003  8.000001e-002
      vertex  1.494653e-001 -4.892495e-003  8.000001e-002
    endloop
  endfacet
  facet normal  0.000000e+000  0.000000e+000  1.000000e+000
    outer loop
      vertex -3.394681e-001 -6.620055e-003  8.000001e-002
      vertex  1.494653e-001 -4.892495e-003  8.000001e-002
      vertex  1.266230e-001 -3.270154e-003  8.000001e-002
    endloop
  endfacet
  facet normal  0.000000e+000  0.000000e+000  1.000000e+000
    outer loop
      vertex -3.394681e-001 -6.620055e-003  8.000001e-002
      vertex  1.266230e-001 -3.270154e-003  8.000001e-002
      vertex -3.133219e-001 -3.264708e-003  8.000001e-002
    endloop
  endfacet
  facet normal  0.000000e+000  0.000000e+000  9.999999e-001
    outer loop
      vertex  2.360000e-001 -1.000000e-001  8.000001e-002
      vertex -3.611376e-001 -1.040013e-002  8.000001e-002
      vertex -3.821225e-001 -1.503303e-002  8.000001e-002
    endloop
  endfacet
  facet normal  0.000000e+000  0.000000e+000  1.000000e+000
    outer loop
      vertex  2.360000e-001 -1.000000e-001  8.000001e-002
      vertex -3.821225e-001 -1.503303e-002  8.000001e-002
      vertex -4.022345e-001 -2.051271e-002  8.000001e-002
    endloop
  endfacet
  facet normal  0.000000e+000  0.000000e+000  9.999999e-001
    outer loop
      vertex  2.360000e-001 -1.000000e-001  8.000001e-002
      vertex -4.022345e-001 -2.051271e-002  8.000001e-002
      vertex -4.217512e-001 -2.700307e-002  8.000001e-002
    endloop
  endfacet
  facet normal  0.000000e+000  0.000000e+000  9.999999e-001
    outer loop
      vertex  2.360000e-001 -1.000000e-001  8.000001e-002
      vertex -4.217512e-001 -2.700307e-002  8.000001e-002
      vertex -4.398342e-001 -3.432394e-002  8.000001e-002
    endloop
  endfacet
  facet normal  0.000000e+000  0.000000e+000  9.999999e-001
    outer loop
      vertex  2.360000e-001 -1.000000e-001  8.000001e-002
      vertex -4.398342e-001 -3.432394e-002  8.000001e-002
      vertex -4.548936e-001 -4.170495e-002  8.000001e-002
    endloop
  endfacet
  facet normal  0.000000e+000  0.000000e+000  1.000000e+000
    outer loop
      vertex  2.360000e-001 -1.000000e-001  8.000001e-002
      vertex -4.548936e-001 -4.170495e-002  8.000001e-002
      vertex -4.681720e-001 -4.959556e-002  8.000001e-002
    endloop
  endfacet
  facet normal  0.000000e+000  0.000000e+000  1.000000e+000
    outer loop
      vertex  2.360000e-001 -1.000000e-001  8.000001e-002
      vertex -4.681720e-001 -4.959556e-002  8.000001e-002
      vertex -4.782442e-001 -5.689634e-002  8.000001e-002
    endloop
  endfacet
  facet normal  0.000000e+000  0.000000e+000  1.000000e+000
    outer loop
      vertex  2.360000e-001 -1.000000e-001  8.000001e-002
      vertex -4.782442e-001 -5.689634e-002  8.000001e-002
      vertex -4.864371e-001 -6.423397e-002  8.000001e-002
    endloop
  endfacet
  facet normal  0.000000e+000  0.000000e+000  1.000000e+000
    outer loop
      vertex  2.360000e-001 -1.000000e-001  8.000001e-002
      vertex -4.864371e-001 -6.423397e-002  8.000001e-002
      vertex -4.909988e-001 -6.927826e-002  8.000001e-002
    endloop
  endfacet
  facet normal  0.000000e+000  0.000000e+000  1.000000e+000
    outer loop
      vertex  2.360000e-001 -1.000000e-001  8.000001e-002
      vertex -4.909988e-001 -6.927826e-002  8.000001e-002
      vertex -4.945334e-001 -7.408112e-002  8.000001e-002
    endloop
  endfacet
  facet normal  0.000000e+000  0.000000e+000  1.000000e+000
    outer loop
      vertex  2.360000e-001 -1.000000e-001  8.000001e-002
      vertex -4.945334e-001 -7.408112e-002  8.000001e-002
      vertex -4.967489e-001 -7.787307e-002  8.000001e-002
    endloop
  endfacet
  facet normal  0.000000e+000  0.000000e+000  1.000000e+000
    outer loop
      vertex  2.360000e-001 -1.000000e-001  8.000001e-002
      vertex -4.967489e-001 -7.787307e-002  8.000001e-002
      vertex -4.983171e-001 -8.137157e-002  8.000001e-002
    endloop
  endfacet
  facet normal  0.000000e+000  0.000000e+000  1.000000e+000
    outer loop
      vertex  2.360000e-001 -1.000000e-001  8.000001e-002
      vertex -4.983171e-001 -8.137157e-002  8.000001e-002
      vertex -4.570465e-001 -8.806638e-002  8.000001e-002
    endloop
  endfacet
  facet normal  0.000000e+000  0.000000e+000  1.000000e+000
    outer loop
      vertex  2.360000e-001 -1.000000e-001  8.000001e-002
      vertex -4.570465e-001 -8.806638e-002  8.000001e-002
      vertex -4.155630e-001 -9.328233e-002  8.000001e-002
    endloop
  endfacet
  facet normal  0.000000e+000  0.000000e+000  1.000000e+000
    outer loop
      vertex  2.360000e-001 -1.000000e-001  8.000001e-002
      vertex -4.155630e-001 -9.328233e-002  8.000001e-002
      vertex -3.739197e-001 -9.701278e-002  8.000001e-002
    endloop
  endfacet
  facet normal  0.000000e+000  0.000000e+000  1.000000e+000
    outer loop
      vertex  2.360000e-001 -1.000000e-001  8.000001e-002
      vertex -3.739197e-001 -9.701278e-002  8.000001e-002
      vertex -3.321697e-001 -9.925296e-002  8.000001e-002
    endloop
  endfacet
  facet normal  0.000000e+000  0.000000e+000  1.000000e+000
    outer loop
      vertex  2.360000e-001 -1.000000e-001  8.000001e-002
      vertex -3.321697e-001 -9.925296e-002  8.000001e-002
      vertex -2.903663e-001 -1.000000e-001  8.000001e-002
    endloop
  endfacet
  facet normal  0.000000e+000  0.000000e+000  9.999999e-001
    outer loop
      vertex  7.815570e-002  7.105428e-018  8.000001e-002
      vertex -2.500000e-001  1.910502e-009  8.000001e-002
      vertex  9.790894e-002 -1.221507e-003  8.000001e-002
    endloop
  endfacet
  facet normal  0.000000e+000  0.000000e+000  1.000000e+000
    outer loop
      vertex  9.790894e-002 -1.221507e-003  8.000001e-002
      vertex -2.500000e-001  1.910502e-009  8.000001e-002
      vertex -2.597878e-001 -7.687238e-005  8.000001e-002
    endloop
  endfacet
  facet normal  0.000000e+000  0.000000e+000  1.000000e+000
    outer loop
      vertex  9.790894e-002 -1.221507e-003  8.000001e-002
      vertex -2.597878e-001 -7.687238e-005  8.000001e-002
      vertex -2.866908e-001 -1.085180e-003  8.000001e-002
    endloop
  endfacet
  facet normal  0.000000e+000  0.000000e+000  1.000000e+000
    outer loop
      vertex -3.133219e-001 -3.264708e-003  8.000001e-002
      vertex  1.266230e-001 -3.270154e-003  8.000001e-002
      vertex -2.866908e-001 -1.085180e-003  8.000001e-002
    endloop
  endfacet
  facet normal  0.000000e+000  0.000000e+000  1.000000e+000
    outer loop
      vertex -2.866908e-001 -1.085180e-003  8.000001e-002
      vertex  1.266230e-001 -3.270154e-003  8.000001e-002
      vertex  9.790894e-002 -1.221507e-003  8.000001e-002
    endloop
  endfacet
  facet normal  -0.000000e+000  0.000000e+000  1.000000e+000
    outer loop
      vertex  1.846536e-001 -6.594561e-003  8.000001e-002
      vertex -3.394681e-001 -6.620055e-003  8.000001e-002
      vertex  2.003637e-001 -6.727319e-003  8.000001e-002
    endloop
  endfacet
  facet normal  0.000000e+000  0.000000e+000  1.000000e+000
    outer loop
      vertex  2.003637e-001 -6.727319e-003  8.000001e-002
      vertex -3.394681e-001 -6.620055e-003  8.000001e-002
      vertex -3.611376e-001 -1.040013e-002  8.000001e-002
    endloop
  endfacet
  facet normal  0.000000e+000  0.000000e+000  9.999999e-001
    outer loop
      vertex  2.003637e-001 -6.727319e-003  8.000001e-002
      vertex -3.611376e-001 -1.040013e-002  8.000001e-002
      vertex  2.160775e-001 -6.907975e-003  8.000001e-002
    endloop
  endfacet
  facet normal  0.000000e+000  0.000000e+000  1.000000e+000
    outer loop
      vertex  2.160775e-001 -6.907975e-003  8.000001e-002
      vertex -3.611376e-001 -1.040013e-002  8.000001e-002
      vertex  2.360000e-001 -1.000000e-001  8.000001e-002
    endloop
  endfacet
  facet normal -7.322935e-004  1.014389e-001  9.948415e-001
    outer loop
      vertex -2.500000e-001  6.675628e-003  7.924785e-002
      vertex  4.624591e-002  2.314680e-003  7.991057e-002
      vertex  2.892314e-002  4.173353e-003  7.970830e-002
    endloop
  endfacet
  facet normal  8.695610e-005  1.903438e-001  9.817175e-001
    outer loop
      vertex  2.892314e-002  4.173353e-003  7.970830e-002
      vertex  1.312525e-002  7.206065e-003  7.912169e-002
      vertex -2.500000e-001  6.675628e-003  7.924785e-002
    endloop
  endfacet
  facet normal  3.283878e-005  7.421120e-001  6.702759e-001
    outer loop
      vertex  7.602375e-003  2.089264e-002  7.152899e-002
      vertex  1.465257e-002  2.353987e-002  6.859770e-002
      vertex -2.500000e-001  2.345495e-002  6.870470e-002
    endloop
  endfacet
  facet normal  1.969306e-005  8.999700e-001  4.359518e-001
    outer loop
      vertex  2.996556e-002  2.674155e-002  6.359740e-002
      vertex  3.578506e-002  2.724906e-002  6.254945e-002
      vertex -2.500000e-001  2.702907e-002  6.301652e-002
    endloop
  endfacet
  facet normal  6.385984e-004  3.302792e-001  9.438830e-001
    outer loop
      vertex  2.360000e-001  6.675628e-003  7.924785e-002
      vertex  2.360000e-001  1.301651e-002  7.702907e-002
      vertex  1.620768e-001  1.260795e-002  7.722205e-002
    endloop
  endfacet
  facet normal -4.018288e-004  4.856034e-001  8.741791e-001
    outer loop
      vertex  1.439303e-001  1.653133e-002  7.503428e-002
      vertex  1.620768e-001  1.260795e-002  7.722205e-002
      vertex  2.360000e-001  1.301651e-002  7.702907e-002
    endloop
  endfacet
  facet normal  1.965478e-003  5.320316e-001  8.467222e-001
    outer loop
      vertex  2.360000e-001  1.301651e-002  7.702907e-002
      vertex  2.360000e-001  1.870470e-002  7.345495e-002
      vertex  1.439303e-001  1.653133e-002  7.503428e-002
    endloop
  endfacet
  facet normal -1.246961e-003  6.218894e-001  7.831041e-001
    outer loop
      vertex  1.227549e-001  2.084615e-002  7.157402e-002
      vertex  1.439303e-001  1.653133e-002  7.503428e-002
      vertex  2.360000e-001  1.870470e-002  7.345495e-002
    endloop
  endfacet
  facet normal  1.626733e-003  7.071055e-001  7.071064e-001
    outer loop
      vertex  2.360000e-001  1.870470e-002  7.345495e-002
      vertex  2.360000e-001  2.345495e-002  6.870470e-002
      vertex  1.227549e-001  2.084615e-002  7.157402e-002
    endloop
  endfacet
  facet normal -1.209045e-005  8.872882e-001  4.612156e-001
    outer loop
      vertex  8.721804e-002  2.615543e-002  6.469333e-002
      vertex  2.360000e-001  2.702907e-002  6.301652e-002
      vertex  7.821432e-002  2.705522e-002  6.296208e-002
    endloop
  endfacet
  facet normal -2.132802e-004  3.302793e-001  9.438832e-001
    outer loop
      vertex -2.500000e-001  1.301651e-002  7.702907e-002
      vertex -2.500000e-001  6.675628e-003  7.924785e-002
      vertex  1.312525e-002  7.206065e-003  7.912169e-002
    endloop
  endfacet
  facet normal -1.925891e-003  2.604992e-001  9.654722e-001
    outer loop
      vertex -2.500000e-001  1.301651e-002  7.702907e-002
      vertex  1.312525e-002  7.206065e-003  7.912169e-002
      vertex  7.761299e-003  8.783251e-003  7.868544e-002
    endloop
  endfacet
  facet normal -1.013344e-003  3.102641e-001  9.506499e-001
    outer loop
      vertex -2.500000e-001  1.301651e-002  7.702907e-002
      vertex  7.761299e-003  8.783251e-003  7.868544e-002
      vertex  5.142963e-003  9.951799e-003  7.830127e-002
    endloop
  endfacet
  facet normal -4.445605e-004  3.515978e-001  9.361511e-001
    outer loop
      vertex -2.500000e-001  1.301651e-002  7.702907e-002
      vertex  5.142963e-003  9.951799e-003  7.830127e-002
      vertex  3.219831e-003  1.117567e-002  7.784070e-002
    endloop
  endfacet
  facet normal -5.324703e-005  3.972877e-001  9.176941e-001
    outer loop
      vertex -2.500000e-001  1.301651e-002  7.702907e-002
      vertex  3.219831e-003  1.117567e-002  7.784070e-002
      vertex  1.644324e-003  1.265594e-002  7.719977e-002
    endloop
  endfacet
  facet normal  4.219466e-005  4.517912e-001  8.921237e-001
    outer loop
      vertex -2.500000e-001  1.301651e-002  7.702907e-002
      vertex  1.644324e-003  1.265594e-002  7.719977e-002
      vertex  7.309061e-004  1.443536e-002  7.629868e-002
    endloop
  endfacet
  facet normal -5.441298e-004  5.320325e-001  8.467237e-001
    outer loop
      vertex -2.500000e-001  1.301651e-002  7.702907e-002
      vertex  7.309061e-004  1.443536e-002  7.629868e-002
      vertex -2.500000e-001  1.870470e-002  7.345495e-002
    endloop
  endfacet
  facet normal -1.545893e-003  4.898915e-001  8.717819e-001
    outer loop
      vertex -2.500000e-001  1.870470e-002  7.345495e-002
      vertex  7.309061e-004  1.443536e-002  7.629868e-002
      vertex  6.749656e-004  1.496453e-002  7.600122e-002
    endloop
  endfacet
  facet normal -1.235316e-003  5.048635e-001  8.631984e-001
    outer loop
      vertex -2.500000e-001  1.870470e-002  7.345495e-002
      vertex  6.749656e-004  1.496453e-002  7.600122e-002
      vertex  6.968405e-004  1.532264e-002  7.579180e-002
    endloop
  endfacet
  facet normal -5.456489e-004  5.407666e-001  8.411725e-001
    outer loop
      vertex -2.500000e-001  1.870470e-002  7.345495e-002
      vertex  6.968405e-004  1.532264e-002  7.579180e-002
      vertex  1.554345e-003  1.709220e-002  7.465475e-002
    endloop
  endfacet
  facet normal -3.559490e-005  5.933697e-001  8.049300e-001
    outer loop
      vertex -2.500000e-001  1.870470e-002  7.345495e-002
      vertex  1.554345e-003  1.709220e-002  7.465475e-002
      vertex  3.156629e-003  1.849344e-002  7.362187e-002
    endloop
  endfacet
  facet normal  2.214734e-005  6.361817e-001  7.715393e-001
    outer loop
      vertex -2.500000e-001  1.870470e-002  7.345495e-002
      vertex  3.156629e-003  1.849344e-002  7.362187e-002
      vertex  5.102826e-003  1.966662e-002  7.265446e-002
    endloop
  endfacet
  facet normal -2.401113e-004  6.765148e-001  7.364290e-001
    outer loop
      vertex -2.500000e-001  1.870470e-002  7.345495e-002
      vertex  5.102826e-003  1.966662e-002  7.265446e-002
      vertex  7.602375e-003  2.089264e-002  7.152899e-002
    endloop
  endfacet
  facet normal -7.191634e-004  7.071062e-001  7.071070e-001
    outer loop
      vertex -2.500000e-001  1.870470e-002  7.345495e-002
      vertex  7.602375e-003  2.089264e-002  7.152899e-002
      vertex -2.500000e-001  2.345495e-002  6.870470e-002
    endloop
  endfacet
  facet normal -1.868142e-004  9.438834e-001  3.302790e-001
    outer loop
      vertex -2.500000e-001  2.924784e-002  5.667563e-002
      vertex -2.500000e-001  2.702907e-002  6.301652e-002
      vertex  3.578506e-002  2.724906e-002  6.254945e-002
    endloop
  endfacet
  facet normal -1.648961e-003  9.194872e-001  3.931166e-001
    outer loop
      vertex -2.500000e-001  2.924784e-002  5.667563e-002
      vertex  3.578506e-002  2.724906e-002  6.254945e-002
      vertex  4.221492e-002  2.749788e-002  6.199446e-002
    endloop
  endfacet
  facet normal -1.159592e-003  9.292523e-001  3.694437e-001
    outer loop
      vertex -2.500000e-001  2.924784e-002  5.667563e-002
      vertex  4.221492e-002  2.749788e-002  6.199446e-002
      vertex  5.108556e-002  2.765129e-002  6.163642e-002
    endloop
  endfacet
  facet normal -5.225441e-004  9.422333e-001  3.349569e-001
    outer loop
      vertex -2.500000e-001  2.924784e-002  5.667563e-002
      vertex  5.108556e-002  2.765129e-002  6.163642e-002
      vertex  6.299011e-002  2.769508e-002  6.153181e-002
    endloop
  endfacet
  facet normal  0.000000e+000  9.524935e-001  3.045587e-001
    outer loop
      vertex -2.500000e-001  2.924784e-002  5.667563e-002
      vertex  6.299011e-002  2.769508e-002  6.153181e-002
      vertex  2.360000e-001  2.924784e-002  5.667563e-002
    endloop
  endfacet
  facet normal  0.000000e+000  9.937122e-001  1.119645e-001
    outer loop
      vertex -2.500000e-001  2.924784e-002  5.667563e-002
      vertex  2.360000e-001  2.924784e-002  5.667563e-002
      vertex  2.360000e-001  3.000000e-002  5.000000e-002
    endloop
  endfacet
  facet normal  0.000000e+000  9.937122e-001  1.119645e-001
    outer loop
      vertex -2.500000e-001  2.924784e-002  5.667563e-002
      vertex  2.360000e-001  3.000000e-002  5.000000e-002
      vertex -2.500000e-001  3.000000e-002  5.000000e-002
    endloop
  endfacet
  facet normal  1.736545e-003  9.328898e-001  3.601578e-001
    outer loop
      vertex  2.360000e-001  2.924784e-002  5.667563e-002
      vertex  6.299011e-002  2.769508e-002  6.153181e-002
      vertex  6.932481e-002  2.756053e-002  6.184978e-002
    endloop
  endfacet
  facet normal  2.930473e-003  9.190594e-001  3.941079e-001
    outer loop
      vertex  2.360000e-001  2.924784e-002  5.667563e-002
      vertex  6.932481e-002  2.756053e-002  6.184978e-002
      vertex  7.821432e-002  2.705522e-002  6.296208e-002
    endloop
  endfacet
  facet normal  4.246442e-005  9.438834e-001  3.302790e-001
    outer loop
      vertex  2.360000e-001  2.924784e-002  5.667563e-002
      vertex  7.821432e-002  2.705522e-002  6.296208e-002
      vertex  2.360000e-001  2.702907e-002  6.301652e-002
    endloop
  endfacet
  facet normal  6.518474e-010  1.119640e-001  9.937123e-001
    outer loop
      vertex -2.500000e-001  1.910502e-009  8.000001e-002
      vertex  7.815570e-002  7.105428e-018  8.000001e-002
      vertex -2.500000e-001  6.675628e-003  7.924785e-002
    endloop
  endfacet
  facet normal -2.308147e-003 -7.901324e-004  9.999971e-001
    outer loop
      vertex -2.500000e-001  6.675628e-003  7.924785e-002
      vertex  7.815570e-002  7.105428e-018  8.000001e-002
      vertex  6.236015e-002  1.455128e-003  7.996470e-002
    endloop
  endfacet
  facet normal -1.808800e-003  2.902977e-002  9.995769e-001
    outer loop
      vertex -2.500000e-001  6.675628e-003  7.924785e-002
      vertex  6.236015e-002  1.455128e-003  7.996470e-002
      vertex  4.624591e-002  2.314680e-003  7.991057e-002
    endloop
  endfacet
  facet normal -5.662083e-005  8.467242e-001  5.320320e-001
    outer loop
      vertex -2.500000e-001  2.345495e-002  6.870470e-002
      vertex  1.465257e-002  2.353987e-002  6.859770e-002
      vertex -2.500000e-001  2.702907e-002  6.301652e-002
    endloop
  endfacet
  facet normal -1.313700e-003  8.187482e-001  5.741512e-001
    outer loop
      vertex -2.500000e-001  2.702907e-002  6.301652e-002
      vertex  1.465257e-002  2.353987e-002  6.859770e-002
      vertex  2.247543e-002  2.540409e-002  6.595720e-002
    endloop
  endfacet
  facet normal -1.288150e-004  8.701586e-001  4.927718e-001
    outer loop
      vertex -2.500000e-001  2.702907e-002  6.301652e-002
      vertex  2.247543e-002  2.540409e-002  6.595720e-002
      vertex  2.996556e-002  2.674155e-002  6.359740e-002
    endloop
  endfacet
  facet normal  0.000000e+000  1.075316e-001  9.942017e-001
    outer loop
      vertex  2.104504e-001  7.105428e-018  8.000001e-002
      vertex  2.360000e-001  7.105428e-018  8.000001e-002
      vertex  1.861600e-001  6.414454e-003  7.930622e-002
    endloop
  endfacet
  facet normal  5.772646e-004  1.119639e-001  9.937121e-001
    outer loop
      vertex  1.861600e-001  6.414454e-003  7.930622e-002
      vertex  2.360000e-001  7.105428e-018  8.000001e-002
      vertex  2.360000e-001  6.675628e-003  7.924785e-002
    endloop
  endfacet
  facet normal -5.503015e-004  3.170138e-001  9.484208e-001
    outer loop
      vertex  1.861600e-001  6.414454e-003  7.930622e-002
      vertex  2.360000e-001  6.675628e-003  7.924785e-002
      vertex  1.620768e-001  1.260795e-002  7.722205e-002
    endloop
  endfacet
  facet normal  1.024219e-003  8.467238e-001  5.320317e-001
    outer loop
      vertex  2.360000e-001  2.702907e-002  6.301652e-002
      vertex  8.721804e-002  2.615543e-002  6.469333e-002
      vertex  2.360000e-001  2.345495e-002  6.870470e-002
    endloop
  endfacet
  facet normal  1.108197e-003  8.480963e-001  5.298409e-001
    outer loop
      vertex  2.360000e-001  2.345495e-002  6.870470e-002
      vertex  8.721804e-002  2.615543e-002  6.469333e-002
      vertex  9.968912e-002  2.452028e-002  6.728455e-002
    endloop
  endfacet
  facet normal -8.889706e-004  7.571124e-001  6.532842e-001
    outer loop
      vertex  2.360000e-001  2.345495e-002  6.870470e-002
      vertex  9.968912e-002  2.452028e-002  6.728455e-002
      vertex  1.227549e-001  2.084615e-002  7.157402e-002
    endloop
  endfacet
  facet normal  9.936331e-001 -1.261457e-002  1.119562e-001
    outer loop
      vertex  2.660000e-001 -1.000000e-001  5.000000e-002
      vertex  2.652479e-001 -1.000000e-001  5.667563e-002
      vertex  2.652479e-001 -1.014855e-001  5.650826e-002
    endloop
  endfacet
  facet normal  9.936332e-001 -3.721060e-002  1.063423e-001
    outer loop
      vertex  2.660000e-001 -1.000000e-001  5.000000e-002
      vertex  2.652479e-001 -1.014855e-001  5.650826e-002
      vertex  2.652479e-001 -1.028965e-001  5.601454e-002
    endloop
  endfacet
  facet normal  9.936331e-001 -5.994127e-002  9.539577e-002
    outer loop
      vertex  2.660000e-001 -1.000000e-001  5.000000e-002
      vertex  2.652479e-001 -1.028965e-001  5.601454e-002
      vertex  2.652479e-001 -1.041622e-001  5.521922e-002
    endloop
  endfacet
  facet normal  9.936331e-001 -7.966590e-002  7.966590e-002
    outer loop
      vertex  2.660000e-001 -1.000000e-001  5.000000e-002
      vertex  2.652479e-001 -1.041622e-001  5.521922e-002
      vertex  2.652479e-001 -1.052192e-001  5.416219e-002
    endloop
  endfacet
  facet normal  9.936331e-001 -9.539577e-002  5.994127e-002
    outer loop
      vertex  2.660000e-001 -1.000000e-001  5.000000e-002
      vertex  2.652479e-001 -1.052192e-001  5.416219e-002
      vertex  2.652479e-001 -1.060145e-001  5.289645e-002
    endloop
  endfacet
  facet normal  9.936332e-001 -1.063423e-001  3.721060e-002
    outer loop
      vertex  2.660000e-001 -1.000000e-001  5.000000e-002
      vertex  2.652479e-001 -1.060145e-001  5.289645e-002
      vertex  2.652479e-001 -1.065083e-001  5.148547e-002
    endloop
  endfacet
  facet normal  9.936331e-001 -1.119562e-001  1.261457e-002
    outer loop
      vertex  2.660000e-001 -1.000000e-001  5.000000e-002
      vertex  2.652479e-001 -1.065083e-001  5.148547e-002
      vertex  2.652479e-001 -1.066756e-001  5.000000e-002
    endloop
  endfacet
  facet normal  9.432300e-001 -3.300520e-001  3.718833e-002
    outer loop
      vertex  2.652479e-001 -1.066756e-001  5.000000e-002
      vertex  2.652479e-001 -1.065083e-001  5.148547e-002
      vertex  2.630291e-001 -1.130165e-001  5.000000e-002
    endloop
  endfacet
  facet normal  9.432300e-001 -3.300517e-001  3.718747e-002
    outer loop
      vertex  2.630291e-001 -1.130165e-001  5.000000e-002
      vertex  2.652479e-001 -1.065083e-001  5.148547e-002
      vertex  2.630291e-001 -1.126902e-001  5.289645e-002
    endloop
  endfacet
  facet normal  8.452088e-001 -5.310758e-001  5.983718e-002
    outer loop
      vertex  2.630291e-001 -1.130165e-001  5.000000e-002
      vertex  2.630291e-001 -1.126902e-001  5.289645e-002
      vertex  2.594550e-001 -1.187047e-001  5.000000e-002
    endloop
  endfacet
  facet normal  8.452085e-001 -5.310763e-001  5.983863e-002
    outer loop
      vertex  2.594550e-001 -1.187047e-001  5.000000e-002
      vertex  2.630291e-001 -1.126902e-001  5.289645e-002
      vertex  2.594550e-001 -1.182357e-001  5.416219e-002
    endloop
  endfacet
  facet normal  7.048720e-001 -7.048743e-001  7.942119e-002
    outer loop
      vertex  2.594550e-001 -1.187047e-001  5.000000e-002
      vertex  2.594550e-001 -1.182357e-001  5.416219e-002
      vertex  2.547047e-001 -1.234549e-001  5.000000e-002
    endloop
  endfacet
  facet normal  7.048728e-001 -7.048736e-001  7.941939e-002
    outer loop
      vertex  2.547047e-001 -1.234549e-001  5.000000e-002
      vertex  2.594550e-001 -1.182357e-001  5.416219e-002
      vertex  2.547047e-001 -1.228669e-001  5.521922e-002
    endloop
  endfacet
  facet normal  5.296276e-001 -8.428969e-001  9.497073e-002
    outer loop
      vertex  2.547047e-001 -1.234549e-001  5.000000e-002
      vertex  2.547047e-001 -1.228669e-001  5.521922e-002
      vertex  2.490165e-001 -1.270291e-001  5.000000e-002
    endloop
  endfacet
  facet normal  5.296271e-001 -8.428971e-001  9.497143e-002
    outer loop
      vertex  2.490165e-001 -1.270291e-001  5.000000e-002
      vertex  2.547047e-001 -1.228669e-001  5.521922e-002
      vertex  2.490165e-001 -1.263514e-001  5.601454e-002
    endloop
  endfacet
  facet normal  3.284263e-001 -9.385906e-001  1.057535e-001
    outer loop
      vertex  2.490165e-001 -1.270291e-001  5.000000e-002
      vertex  2.490165e-001 -1.263514e-001  5.601454e-002
      vertex  2.426756e-001 -1.292478e-001  5.000000e-002
    endloop
  endfacet
  facet normal  3.284257e-001 -9.385907e-001  1.057542e-001
    outer loop
      vertex  2.426756e-001 -1.292478e-001  5.000000e-002
      vertex  2.490165e-001 -1.263514e-001  5.601454e-002
      vertex  2.426756e-001 -1.285145e-001  5.650826e-002
    endloop
  endfacet
  facet normal  1.112698e-001 -9.875415e-001  1.112696e-001
    outer loop
      vertex  2.426756e-001 -1.292478e-001  5.000000e-002
      vertex  2.426756e-001 -1.285145e-001  5.650826e-002
      vertex  2.360000e-001 -1.300000e-001  5.000000e-002
    endloop
  endfacet
  facet normal  1.112696e-001 -9.875414e-001  1.112698e-001
    outer loop
      vertex  2.360000e-001 -1.300000e-001  5.000000e-002
      vertex  2.426756e-001 -1.285145e-001  5.650826e-002
      vertex  2.360000e-001 -1.292478e-001  5.667563e-002
    endloop
  endfacet
  facet normal  9.432301e-001 -3.718830e-002  3.300516e-001
    outer loop
      vertex  2.652479e-001 -1.014855e-001  5.650826e-002
      vertex  2.652479e-001 -1.000000e-001  5.667563e-002
      vertex  2.630291e-001 -1.028965e-001  6.269017e-002
    endloop
  endfacet
  facet normal  9.432300e-001 -3.718791e-002  3.300517e-001
    outer loop
      vertex  2.630291e-001 -1.028965e-001  6.269017e-002
      vertex  2.652479e-001 -1.000000e-001  5.667563e-002
      vertex  2.630291e-001 -1.000000e-001  6.301652e-002
    endloop
  endfacet
  facet normal  8.452085e-001 -5.983794e-002  5.310764e-001
    outer loop
      vertex  2.630291e-001 -1.028965e-001  6.269017e-002
      vertex  2.630291e-001 -1.000000e-001  6.301652e-002
      vertex  2.594550e-001 -1.041622e-001  6.823573e-002
    endloop
  endfacet
  facet normal  8.452086e-001 -5.983860e-002  5.310760e-001
    outer loop
      vertex  2.594550e-001 -1.041622e-001  6.823573e-002
      vertex  2.630291e-001 -1.000000e-001  6.301652e-002
      vertex  2.594550e-001 -1.000000e-001  6.870470e-002
    endloop
  endfacet
  facet normal  7.048730e-001 -7.942109e-002  7.048733e-001
    outer loop
      vertex  2.594550e-001 -1.041622e-001  6.823573e-002
      vertex  2.594550e-001 -1.000000e-001  6.870470e-002
      vertex  2.547047e-001 -1.052192e-001  7.286689e-002
    endloop
  endfacet
  facet normal  7.048721e-001 -7.941948e-002  7.048744e-001
    outer loop
      vertex  2.547047e-001 -1.052192e-001  7.286689e-002
      vertex  2.594550e-001 -1.000000e-001  6.870470e-002
      vertex  2.547047e-001 -1.000000e-001  7.345495e-002
    endloop
  endfacet
  facet normal  5.296270e-001 -9.497076e-002  8.428972e-001
    outer loop
      vertex  2.547047e-001 -1.052192e-001  7.286689e-002
      vertex  2.547047e-001 -1.000000e-001  7.345495e-002
      vertex  2.490165e-001 -1.060145e-001  7.635140e-002
    endloop
  endfacet
  facet normal  5.296276e-001 -9.497140e-002  8.428968e-001
    outer loop
      vertex  2.490165e-001 -1.060145e-001  7.635140e-002
      vertex  2.547047e-001 -1.000000e-001  7.345495e-002
      vertex  2.490165e-001 -1.000000e-001  7.702907e-002
    endloop
  endfacet
  facet normal  3.284267e-001 -1.057535e-001  9.385905e-001
    outer loop
      vertex  2.490165e-001 -1.060145e-001  7.635140e-002
      vertex  2.490165e-001 -1.000000e-001  7.702907e-002
      vertex  2.426756e-001 -1.065083e-001  7.851454e-002
    endloop
  endfacet
  facet normal  3.284273e-001 -1.057541e-001  9.385902e-001
    outer loop
      vertex  2.426756e-001 -1.065083e-001  7.851454e-002
      vertex  2.490165e-001 -1.000000e-001  7.702907e-002
      vertex  2.426756e-001 -1.000000e-001  7.924785e-002
    endloop
  endfacet
  facet normal  1.112696e-001 -1.112696e-001  9.875415e-001
    outer loop
      vertex  2.426756e-001 -1.065083e-001  7.851454e-002
      vertex  2.426756e-001 -1.000000e-001  7.924785e-002
      vertex  2.360000e-001 -1.066756e-001  7.924785e-002
    endloop
  endfacet
  facet normal  1.112687e-001 -1.112687e-001  9.875417e-001
    outer loop
      vertex  2.360000e-001 -1.066756e-001  7.924785e-002
      vertex  2.426756e-001 -1.000000e-001  7.924785e-002
      vertex  2.360000e-001 -1.000000e-001  8.000001e-002
    endloop
  endfacet
  facet normal  9.432299e-001 -1.096986e-001  3.135020e-001
    outer loop
      vertex  2.652479e-001 -1.028965e-001  5.601454e-002
      vertex  2.652479e-001 -1.014855e-001  5.650826e-002
      vertex  2.630291e-001 -1.056477e-001  6.172747e-002
    endloop
  endfacet
  facet normal  9.432300e-001 -1.096993e-001  3.135014e-001
    outer loop
      vertex  2.630291e-001 -1.056477e-001  6.172747e-002
      vertex  2.652479e-001 -1.014855e-001  5.650826e-002
      vertex  2.630291e-001 -1.028965e-001  6.269017e-002
    endloop
  endfacet
  facet normal  8.452088e-001 -1.765137e-001  5.044453e-001
    outer loop
      vertex  2.630291e-001 -1.056477e-001  6.172747e-002
      vertex  2.630291e-001 -1.028965e-001  6.269017e-002
      vertex  2.594550e-001 -1.081157e-001  6.685235e-002
    endloop
  endfacet
  facet normal  8.452084e-001 -1.765128e-001  5.044461e-001
    outer loop
      vertex  2.594550e-001 -1.081157e-001  6.685235e-002
      vertex  2.630291e-001 -1.028965e-001  6.269017e-002
      vertex  2.594550e-001 -1.041622e-001  6.823573e-002
    endloop
  endfacet
  facet normal  7.048723e-001 -2.342777e-001  6.695291e-001
    outer loop
      vertex  2.594550e-001 -1.081157e-001  6.685235e-002
      vertex  2.594550e-001 -1.041622e-001  6.823573e-002
      vertex  2.547047e-001 -1.101767e-001  7.113218e-002
    endloop
  endfacet
  facet normal  7.048728e-001 -2.342786e-001  6.695280e-001
    outer loop
      vertex  2.547047e-001 -1.101767e-001  7.113218e-002
      vertex  2.594550e-001 -1.041622e-001  6.823573e-002
      vertex  2.547047e-001 -1.052192e-001  7.286689e-002
    endloop
  endfacet
  facet normal  5.296274e-001 -2.801535e-001  8.006303e-001
    outer loop
      vertex  2.547047e-001 -1.101767e-001  7.113218e-002
      vertex  2.547047e-001 -1.052192e-001  7.286689e-002
      vertex  2.490165e-001 -1.117275e-001  7.435235e-002
    endloop
  endfacet
  facet normal  5.296271e-001 -2.801532e-001  8.006305e-001
    outer loop
      vertex  2.490165e-001 -1.117275e-001  7.435235e-002
      vertex  2.547047e-001 -1.052192e-001  7.286689e-002
      vertex  2.490165e-001 -1.060145e-001  7.635140e-002
    endloop
  endfacet
  facet normal  3.284276e-001 -3.119587e-001  8.915251e-001
    outer loop
      vertex  2.490165e-001 -1.117275e-001  7.435235e-002
      vertex  2.490165e-001 -1.060145e-001  7.635140e-002
      vertex  2.426756e-001 -1.126902e-001  7.635140e-002
    endloop
  endfacet
  facet normal  3.284267e-001 -3.119578e-001  8.915257e-001
    outer loop
      vertex  2.426756e-001 -1.126902e-001  7.635140e-002
      vertex  2.490165e-001 -1.060145e-001  7.635140e-002
      vertex  2.426756e-001 -1.065083e-001  7.851454e-002
    endloop
  endfacet
  facet normal  1.112688e-001 -3.282276e-001  9.380223e-001
    outer loop
      vertex  2.426756e-001 -1.126902e-001  7.635140e-002
      vertex  2.426756e-001 -1.065083e-001  7.851454e-002
      vertex  2.360000e-001 -1.130165e-001  7.702907e-002
    endloop
  endfacet
  facet normal  1.112696e-001 -3.282284e-001  9.380220e-001
    outer loop
      vertex  2.360000e-001 -1.130165e-001  7.702907e-002
      vertex  2.426756e-001 -1.065083e-001  7.851454e-002
      vertex  2.360000e-001 -1.066756e-001  7.924785e-002
    endloop
  endfacet
  facet normal  9.432300e-001 -1.767095e-001  2.812309e-001
    outer loop
      vertex  2.652479e-001 -1.041622e-001  5.521922e-002
      vertex  2.652479e-001 -1.028965e-001  5.601454e-002
      vertex  2.630291e-001 -1.081157e-001  6.017672e-002
    endloop
  endfacet
  facet normal  9.432300e-001 -1.767091e-001  2.812314e-001
    outer loop
      vertex  2.630291e-001 -1.081157e-001  6.017672e-002
      vertex  2.652479e-001 -1.028965e-001  5.601454e-002
      vertex  2.630291e-001 -1.056477e-001  6.172747e-002
    endloop
  endfacet
  facet normal  8.452085e-001 -2.843371e-001  4.525207e-001
    outer loop
      vertex  2.630291e-001 -1.081157e-001  6.017672e-002
      vertex  2.630291e-001 -1.056477e-001  6.172747e-002
      vertex  2.594550e-001 -1.116622e-001  6.462392e-002
    endloop
  endfacet
  facet normal  8.452088e-001 -2.843376e-001  4.525200e-001
    outer loop
      vertex  2.594550e-001 -1.116622e-001  6.462392e-002
      vertex  2.630291e-001 -1.056477e-001  6.172747e-002
      vertex  2.594550e-001 -1.081157e-001  6.685235e-002
    endloop
  endfacet
  facet normal  7.048726e-001 -3.773887e-001  6.006099e-001
    outer loop
      vertex  2.594550e-001 -1.116622e-001  6.462392e-002
      vertex  2.594550e-001 -1.081157e-001  6.685235e-002
      vertex  2.547047e-001 -1.146239e-001  6.833782e-002
    endloop
  endfacet
  facet normal  7.048723e-001 -3.773884e-001  6.006106e-001
    outer loop
      vertex  2.547047e-001 -1.146239e-001  6.833782e-002
      vertex  2.594550e-001 -1.081157e-001  6.685235e-002
      vertex  2.547047e-001 -1.101767e-001  7.113218e-002
    endloop
  endfacet
  facet normal  5.296268e-001 -4.512858e-001  7.182177e-001
    outer loop
      vertex  2.547047e-001 -1.146239e-001  6.833782e-002
      vertex  2.547047e-001 -1.101767e-001  7.113218e-002
      vertex  2.490165e-001 -1.168524e-001  7.113218e-002
    endloop
  endfacet
  facet normal  5.296272e-001 -4.512861e-001  7.182171e-001
    outer loop
      vertex  2.490165e-001 -1.168524e-001  7.113218e-002
      vertex  2.547047e-001 -1.101767e-001  7.113218e-002
      vertex  2.490165e-001 -1.117275e-001  7.435235e-002
    endloop
  endfacet
  facet normal  3.284274e-001 -5.025201e-001  7.997556e-001
    outer loop
      vertex  2.490165e-001 -1.168524e-001  7.113218e-002
      vertex  2.490165e-001 -1.117275e-001  7.435235e-002
      vertex  2.426756e-001 -1.182357e-001  7.286689e-002
    endloop
  endfacet
  facet normal  3.284276e-001 -5.025203e-001  7.997554e-001
    outer loop
      vertex  2.426756e-001 -1.182357e-001  7.286689e-002
      vertex  2.490165e-001 -1.117275e-001  7.435235e-002
      vertex  2.426756e-001 -1.126902e-001  7.635140e-002
    endloop
  endfacet
  facet normal  1.112689e-001 -5.287288e-001  8.414661e-001
    outer loop
      vertex  2.426756e-001 -1.182357e-001  7.286689e-002
      vertex  2.426756e-001 -1.126902e-001  7.635140e-002
      vertex  2.360000e-001 -1.187047e-001  7.345495e-002
    endloop
  endfacet
  facet normal  1.112687e-001 -5.287287e-001  8.414662e-001
    outer loop
      vertex  2.360000e-001 -1.187047e-001  7.345495e-002
      vertex  2.426756e-001 -1.126902e-001  7.635140e-002
      vertex  2.360000e-001 -1.130165e-001  7.702907e-002
    endloop
  endfacet
  facet normal  9.432300e-001 -2.348586e-001  2.348586e-001
    outer loop
      vertex  2.652479e-001 -1.052192e-001  5.416219e-002
      vertex  2.652479e-001 -1.041622e-001  5.521922e-002
      vertex  2.630291e-001 -1.101767e-001  5.811566e-002
    endloop
  endfacet
  facet normal  9.432300e-001 -2.348586e-001  2.348586e-001
    outer loop
      vertex  2.630291e-001 -1.101767e-001  5.811566e-002
      vertex  2.652479e-001 -1.041622e-001  5.521922e-002
      vertex  2.630291e-001 -1.081157e-001  6.017672e-002
    endloop
  endfacet
  facet normal  8.452086e-001 -3.779038e-001  3.779038e-001
    outer loop
      vertex  2.630291e-001 -1.101767e-001  5.811566e-002
      vertex  2.630291e-001 -1.081157e-001  6.017672e-002
      vertex  2.594550e-001 -1.146239e-001  6.166219e-002
    endloop
  endfacet
  facet normal  8.452086e-001 -3.779038e-001  3.779038e-001
    outer loop
      vertex  2.594550e-001 -1.146239e-001  6.166219e-002
      vertex  2.630291e-001 -1.081157e-001  6.017672e-002
      vertex  2.594550e-001 -1.116622e-001  6.462392e-002
    endloop
  endfacet
  facet normal  7.048725e-001 -5.015749e-001  5.015749e-001
    outer loop
      vertex  2.594550e-001 -1.146239e-001  6.166219e-002
      vertex  2.594550e-001 -1.116622e-001  6.462392e-002
      vertex  2.547047e-001 -1.183378e-001  6.462392e-002
    endloop
  endfacet
  facet normal  7.048726e-001 -5.015749e-001  5.015749e-001
    outer loop
      vertex  2.547047e-001 -1.183378e-001  6.462392e-002
      vertex  2.594550e-001 -1.116622e-001  6.462392e-002
      vertex  2.547047e-001 -1.146239e-001  6.833782e-002
    endloop
  endfacet
  facet normal  5.296270e-001 -5.997897e-001  5.997897e-001
    outer loop
      vertex  2.547047e-001 -1.183378e-001  6.462392e-002
      vertex  2.547047e-001 -1.146239e-001  6.833782e-002
      vertex  2.490165e-001 -1.211322e-001  6.685235e-002
    endloop
  endfacet
  facet normal  5.296270e-001 -5.997897e-001  5.997897e-001
    outer loop
      vertex  2.490165e-001 -1.211322e-001  6.685235e-002
      vertex  2.547047e-001 -1.146239e-001  6.833782e-002
      vertex  2.490165e-001 -1.168524e-001  7.113218e-002
    endloop
  endfacet
  facet normal  3.284272e-001 -6.678830e-001  6.678830e-001
    outer loop
      vertex  2.490165e-001 -1.211322e-001  6.685235e-002
      vertex  2.490165e-001 -1.168524e-001  7.113218e-002
      vertex  2.426756e-001 -1.228669e-001  6.823573e-002
    endloop
  endfacet
  facet normal  3.284272e-001 -6.678830e-001  6.678830e-001
    outer loop
      vertex  2.426756e-001 -1.228669e-001  6.823573e-002
      vertex  2.490165e-001 -1.168524e-001  7.113218e-002
      vertex  2.426756e-001 -1.182357e-001  7.286689e-002
    endloop
  endfacet
  facet normal  1.112692e-001 -7.027159e-001  7.027159e-001
    outer loop
      vertex  2.426756e-001 -1.228669e-001  6.823573e-002
      vertex  2.426756e-001 -1.182357e-001  7.286689e-002
      vertex  2.360000e-001 -1.234549e-001  6.870470e-002
    endloop
  endfacet
  facet normal  1.112692e-001 -7.027159e-001  7.027159e-001
    outer loop
      vertex  2.360000e-001 -1.234549e-001  6.870470e-002
      vertex  2.426756e-001 -1.182357e-001  7.286689e-002
      vertex  2.360000e-001 -1.187047e-001  7.345495e-002
    endloop
  endfacet
  facet normal  9.432299e-001 -2.812311e-001  1.767096e-001
    outer loop
      vertex  2.652479e-001 -1.060145e-001  5.289645e-002
      vertex  2.652479e-001 -1.052192e-001  5.416219e-002
      vertex  2.630291e-001 -1.117275e-001  5.564765e-002
    endloop
  endfacet
  facet normal  9.432300e-001 -2.812313e-001  1.767090e-001
    outer loop
      vertex  2.630291e-001 -1.117275e-001  5.564765e-002
      vertex  2.652479e-001 -1.052192e-001  5.416219e-002
      vertex  2.630291e-001 -1.101767e-001  5.811566e-002
    endloop
  endfacet
  facet normal  8.452088e-001 -4.525204e-001  2.843369e-001
    outer loop
      vertex  2.630291e-001 -1.117275e-001  5.564765e-002
      vertex  2.630291e-001 -1.101767e-001  5.811566e-002
      vertex  2.594550e-001 -1.168524e-001  5.811566e-002
    endloop
  endfacet
  facet normal  8.452086e-001 -4.525203e-001  2.843377e-001
    outer loop
      vertex  2.594550e-001 -1.168524e-001  5.811566e-002
      vertex  2.630291e-001 -1.101767e-001  5.811566e-002
      vertex  2.594550e-001 -1.146239e-001  6.166219e-002
    endloop
  endfacet
  facet normal  7.048723e-001 -6.006103e-001  3.773889e-001
    outer loop
      vertex  2.594550e-001 -1.168524e-001  5.811566e-002
      vertex  2.594550e-001 -1.146239e-001  6.166219e-002
      vertex  2.547047e-001 -1.211322e-001  6.017672e-002
    endloop
  endfacet
  facet normal  7.048725e-001 -6.006103e-001  3.773882e-001
    outer loop
      vertex  2.547047e-001 -1.211322e-001  6.017672e-002
      vertex  2.594550e-001 -1.146239e-001  6.166219e-002
      vertex  2.547047e-001 -1.183378e-001  6.462392e-002
    endloop
  endfacet
  facet normal  5.296272e-001 -7.182174e-001  4.512856e-001
    outer loop
      vertex  2.547047e-001 -1.211322e-001  6.017672e-002
      vertex  2.547047e-001 -1.183378e-001  6.462392e-002
      vertex  2.490165e-001 -1.243524e-001  6.172747e-002
    endloop
  endfacet
  facet normal  5.296268e-001 -7.182174e-001  4.512863e-001
    outer loop
      vertex  2.490165e-001 -1.243524e-001  6.172747e-002
      vertex  2.547047e-001 -1.183378e-001  6.462392e-002
      vertex  2.490165e-001 -1.211322e-001  6.685235e-002
    endloop
  endfacet
  facet normal  3.284276e-001 -7.997555e-001  5.025201e-001
    outer loop
      vertex  2.490165e-001 -1.243524e-001  6.172747e-002
      vertex  2.490165e-001 -1.211322e-001  6.685235e-002
      vertex  2.426756e-001 -1.263514e-001  6.269017e-002
    endloop
  endfacet
  facet normal  3.284274e-001 -7.997555e-001  5.025203e-001
    outer loop
      vertex  2.426756e-001 -1.263514e-001  6.269017e-002
      vertex  2.490165e-001 -1.211322e-001  6.685235e-002
      vertex  2.426756e-001 -1.228669e-001  6.823573e-002
    endloop
  endfacet
  facet normal  1.112690e-001 -8.414661e-001  5.287288e-001
    outer loop
      vertex  2.426756e-001 -1.263514e-001  6.269017e-002
      vertex  2.426756e-001 -1.228669e-001  6.823573e-002
      vertex  2.360000e-001 -1.270291e-001  6.301652e-002
    endloop
  endfacet
  facet normal  1.112689e-001 -8.414660e-001  5.287288e-001
    outer loop
      vertex  2.360000e-001 -1.270291e-001  6.301652e-002
      vertex  2.426756e-001 -1.228669e-001  6.823573e-002
      vertex  2.360000e-001 -1.234549e-001  6.870470e-002
    endloop
  endfacet
  facet normal  9.432300e-001 -3.135017e-001  1.096984e-001
    outer loop
      vertex  2.652479e-001 -1.065083e-001  5.148547e-002
      vertex  2.652479e-001 -1.060145e-001  5.289645e-002
      vertex  2.630291e-001 -1.126902e-001  5.289645e-002
    endloop
  endfacet
  facet normal  9.432300e-001 -3.135016e-001  1.096994e-001
    outer loop
      vertex  2.630291e-001 -1.126902e-001  5.289645e-002
      vertex  2.652479e-001 -1.060145e-001  5.289645e-002
      vertex  2.630291e-001 -1.117275e-001  5.564765e-002
    endloop
  endfacet
  facet normal  8.452085e-001 -5.044459e-001  1.765139e-001
    outer loop
      vertex  2.630291e-001 -1.126902e-001  5.289645e-002
      vertex  2.630291e-001 -1.117275e-001  5.564765e-002
      vertex  2.594550e-001 -1.182357e-001  5.416219e-002
    endloop
  endfacet
  facet normal  8.452088e-001 -5.044457e-001  1.765127e-001
    outer loop
      vertex  2.594550e-001 -1.182357e-001  5.416219e-002
      vertex  2.630291e-001 -1.117275e-001  5.564765e-002
      vertex  2.594550e-001 -1.168524e-001  5.811566e-002
    endloop
  endfacet
  facet normal  7.048729e-001 -6.695284e-001  2.342774e-001
    outer loop
      vertex  2.594550e-001 -1.182357e-001  5.416219e-002
      vertex  2.594550e-001 -1.168524e-001  5.811566e-002
      vertex  2.547047e-001 -1.228669e-001  5.521922e-002
    endloop
  endfacet
  facet normal  7.048723e-001 -6.695285e-001  2.342789e-001
    outer loop
      vertex  2.547047e-001 -1.228669e-001  5.521922e-002
      vertex  2.594550e-001 -1.168524e-001  5.811566e-002
      vertex  2.547047e-001 -1.211322e-001  6.017672e-002
    endloop
  endfacet
  facet normal  5.296271e-001 -8.006305e-001  2.801535e-001
    outer loop
      vertex  2.547047e-001 -1.228669e-001  5.521922e-002
      vertex  2.547047e-001 -1.211322e-001  6.017672e-002
      vertex  2.490165e-001 -1.263514e-001  5.601454e-002
    endloop
  endfacet
  facet normal  5.296273e-001 -8.006304e-001  2.801532e-001
    outer loop
      vertex  2.490165e-001 -1.263514e-001  5.601454e-002
      vertex  2.547047e-001 -1.211322e-001  6.017672e-002
      vertex  2.490165e-001 -1.243524e-001  6.172747e-002
    endloop
  endfacet
  facet normal  3.284257e-001 -8.915259e-001  3.119589e-001
    outer loop
      vertex  2.490165e-001 -1.263514e-001  5.601454e-002
      vertex  2.490165e-001 -1.243524e-001  6.172747e-002
      vertex  2.426756e-001 -1.285145e-001  5.650826e-002
    endloop
  endfacet
  facet normal  3.284275e-001 -8.915259e-001  3.119568e-001
    outer loop
      vertex  2.426756e-001 -1.285145e-001  5.650826e-002
      vertex  2.490165e-001 -1.243524e-001  6.172747e-002
      vertex  2.426756e-001 -1.263514e-001  6.269017e-002
    endloop
  endfacet
  facet normal  1.112697e-001 -9.380226e-001  3.282266e-001
    outer loop
      vertex  2.426756e-001 -1.285145e-001  5.650826e-002
      vertex  2.426756e-001 -1.263514e-001  6.269017e-002
      vertex  2.360000e-001 -1.292478e-001  5.667563e-002
    endloop
  endfacet
  facet normal  1.112689e-001 -9.380224e-001  3.282273e-001
    outer loop
      vertex  2.360000e-001 -1.292478e-001  5.667563e-002
      vertex  2.426756e-001 -1.263514e-001  6.269017e-002
      vertex  2.360000e-001 -1.270291e-001  6.301652e-002
    endloop
  endfacet
  facet normal  1.119640e-001  -0.000000e+000  9.937122e-001
    outer loop
      vertex  2.360000e-001  7.105428e-018  8.000001e-002
      vertex  2.360000e-001 -1.000000e-001  8.000001e-002
      vertex  2.426756e-001  7.105428e-018  7.924785e-002
    endloop
  endfacet
  facet normal  1.119640e-001  0.000000e+000  9.937122e-001
    outer loop
      vertex  2.426756e-001  7.105428e-018  7.924785e-002
      vertex  2.360000e-001 -1.000000e-001  8.000001e-002
      vertex  2.426756e-001 -1.000000e-001  7.924785e-002
    endloop
  endfacet
  facet normal  3.302794e-001  -0.000000e+000  9.438832e-001
    outer loop
      vertex  2.426756e-001  7.105428e-018  7.924785e-002
      vertex  2.426756e-001 -1.000000e-001  7.924785e-002
      vertex  2.490165e-001  7.105428e-018  7.702907e-002
    endloop
  endfacet
  facet normal  3.302794e-001  0.000000e+000  9.438832e-001
    outer loop
      vertex  2.490165e-001  7.105428e-018  7.702907e-002
      vertex  2.426756e-001 -1.000000e-001  7.924785e-002
      vertex  2.490165e-001 -1.000000e-001  7.702907e-002
    endloop
  endfacet
  facet normal  5.320324e-001  -0.000000e+000  8.467240e-001
    outer loop
      vertex  2.490165e-001  7.105428e-018  7.702907e-002
      vertex  2.490165e-001 -1.000000e-001  7.702907e-002
      vertex  2.547047e-001  7.105428e-018  7.345495e-002
    endloop
  endfacet
  facet normal  5.320324e-001  0.000000e+000  8.467240e-001
    outer loop
      vertex  2.547047e-001  7.105428e-018  7.345495e-002
      vertex  2.490165e-001 -1.000000e-001  7.702907e-002
      vertex  2.547047e-001 -1.000000e-001  7.345495e-002
    endloop
  endfacet
  facet normal  7.071056e-001  -0.000000e+000  7.071079e-001
    outer loop
      vertex  2.547047e-001  7.105428e-018  7.345495e-002
      vertex  2.547047e-001 -1.000000e-001  7.345495e-002
      vertex  2.594550e-001  7.105428e-018  6.870470e-002
    endloop
  endfacet
  facet normal  7.071056e-001  0.000000e+000  7.071079e-001
    outer loop
      vertex  2.594550e-001  7.105428e-018  6.870470e-002
      vertex  2.547047e-001 -1.000000e-001  7.345495e-002
      vertex  2.594550e-001 -1.000000e-001  6.870470e-002
    endloop
  endfacet
  facet normal  8.467259e-001  -0.000000e+000  5.320293e-001
    outer loop
      vertex  2.594550e-001  7.105428e-018  6.870470e-002
      vertex  2.594550e-001 -1.000000e-001  6.870470e-002
      vertex  2.630291e-001  7.105428e-018  6.301652e-002
    endloop
  endfacet
  facet normal  8.467259e-001  0.000000e+000  5.320293e-001
    outer loop
      vertex  2.630291e-001  7.105428e-018  6.301652e-002
      vertex  2.594550e-001 -1.000000e-001  6.870470e-002
      vertex  2.630291e-001 -1.000000e-001  6.301652e-002
    endloop
  endfacet
  facet normal  9.438829e-001  -0.000000e+000  3.302802e-001
    outer loop
      vertex  2.630291e-001  7.105428e-018  6.301652e-002
      vertex  2.630291e-001 -1.000000e-001  6.301652e-002
      vertex  2.652479e-001  7.105428e-018  5.667563e-002
    endloop
  endfacet
  facet normal  9.438829e-001  0.000000e+000  3.302802e-001
    outer loop
      vertex  2.652479e-001  7.105428e-018  5.667563e-002
      vertex  2.630291e-001 -1.000000e-001  6.301652e-002
      vertex  2.652479e-001 -1.000000e-001  5.667563e-002
    endloop
  endfacet
  facet normal  9.937121e-001  -0.000000e+000  1.119651e-001
    outer loop
      vertex  2.652479e-001  7.105428e-018  5.667563e-002
      vertex  2.652479e-001 -1.000000e-001  5.667563e-002
      vertex  2.660000e-001  7.105428e-018  5.000000e-002
    endloop
  endfacet
  facet normal  9.937121e-001  0.000000e+000  1.119651e-001
    outer loop
      vertex  2.660000e-001  7.105428e-018  5.000000e-002
      vertex  2.652479e-001 -1.000000e-001  5.667563e-002
      vertex  2.660000e-001 -1.000000e-001  5.000000e-002
    endloop
  endfacet
  facet normal  0.000000e+000 -1.119640e-001  9.937122e-001
    outer loop
      vertex  2.360000e-001 -1.000000e-001  8.000001e-002
      vertex -2.903663e-001 -1.000000e-001  8.000001e-002
      vertex  2.360000e-001 -1.066756e-001  7.924785e-002
    endloop
  endfacet
  facet normal  0.000000e+000 -1.119640e-001  9.937122e-001
    outer loop
      vertex  2.360000e-001 -1.066756e-001  7.924785e-002
      vertex -2.903663e-001 -1.000000e-001  8.000001e-002
      vertex -2.903663e-001 -1.066756e-001  7.924785e-002
    endloop
  endfacet
  facet normal  0.000000e+000 -3.302794e-001  9.438831e-001
    outer loop
      vertex  2.360000e-001 -1.066756e-001  7.924785e-002
      vertex -2.903663e-001 -1.066756e-001  7.924785e-002
      vertex  2.360000e-001 -1.130165e-001  7.702907e-002
    endloop
  endfacet
  facet normal  0.000000e+000 -3.302794e-001  9.438831e-001
    outer loop
      vertex  2.360000e-001 -1.130165e-001  7.702907e-002
      vertex -2.903663e-001 -1.066756e-001  7.924785e-002
      vertex -2.903663e-001 -1.130165e-001  7.702907e-002
    endloop
  endfacet
  facet normal  0.000000e+000 -5.320324e-001  8.467240e-001
    outer loop
      vertex  2.360000e-001 -1.130165e-001  7.702907e-002
      vertex -2.903663e-001 -1.130165e-001  7.702907e-002
      vertex  2.360000e-001 -1.187047e-001  7.345495e-002
    endloop
  endfacet
  facet normal  0.000000e+000 -5.320324e-001  8.467240e-001
    outer loop
      vertex  2.360000e-001 -1.187047e-001  7.345495e-002
      vertex -2.903663e-001 -1.130165e-001  7.702907e-002
      vertex -2.903663e-001 -1.187047e-001  7.345495e-002
    endloop
  endfacet
  facet normal  0.000000e+000 -7.071068e-001  7.071068e-001
    outer loop
      vertex  2.360000e-001 -1.187047e-001  7.345495e-002
      vertex -2.903663e-001 -1.187047e-001  7.345495e-002
      vertex  2.360000e-001 -1.234549e-001  6.870470e-002
    endloop
  endfacet
  facet normal  0.000000e+000 -7.071068e-001  7.071068e-001
    outer loop
      vertex  2.360000e-001 -1.234549e-001  6.870470e-002
      vertex -2.903663e-001 -1.187047e-001  7.345495e-002
      vertex -2.903663e-001 -1.234549e-001  6.870470e-002
    endloop
  endfacet
  facet normal  0.000000e+000 -8.467239e-001  5.320327e-001
    outer loop
      vertex  2.360000e-001 -1.234549e-001  6.870470e-002
      vertex -2.903663e-001 -1.234549e-001  6.870470e-002
      vertex  2.360000e-001 -1.270291e-001  6.301652e-002
    endloop
  endfacet
  facet normal  0.000000e+000 -8.467239e-001  5.320327e-001
    outer loop
      vertex  2.360000e-001 -1.270291e-001  6.301652e-002
      vertex -2.903663e-001 -1.234549e-001  6.870470e-002
      vertex -2.903663e-001 -1.270291e-001  6.301652e-002
    endloop
  endfacet
  facet normal  0.000000e+000 -9.438836e-001  3.302782e-001
    outer loop
      vertex  2.360000e-001 -1.270291e-001  6.301652e-002
      vertex -2.903663e-001 -1.270291e-001  6.301652e-002
      vertex  2.360000e-001 -1.292478e-001  5.667563e-002
    endloop
  endfacet
  facet normal  0.000000e+000 -9.438836e-001  3.302782e-001
    outer loop
      vertex  2.360000e-001 -1.292478e-001  5.667563e-002
      vertex -2.903663e-001 -1.270291e-001  6.301652e-002
      vertex -2.903663e-001 -1.292478e-001  5.667563e-002
    endloop
  endfacet
  facet normal  0.000000e+000 -9.937121e-001  1.119651e-001
    outer loop
      vertex  2.360000e-001 -1.292478e-001  5.667563e-002
      vertex -2.903663e-001 -1.292478e-001  5.667563e-002
      vertex  2.360000e-001 -1.300000e-001  5.000000e-002
    endloop
  endfacet
  facet normal  0.000000e+000 -9.937121e-001  1.119651e-001
    outer loop
      vertex  2.360000e-001 -1.300000e-001  5.000000e-002
      vertex -2.903663e-001 -1.292478e-001  5.667563e-002
      vertex -2.903663e-001 -1.300000e-001  5.000000e-002
    endloop
  endfacet
  facet normal -1.745204e-002 -1.075843e-001  9.940428e-001
    outer loop
      vertex -4.983171e-001 -8.137157e-002  8.000001e-002
      vertex -4.764477e-001 -9.186886e-002  7.924785e-002
      vertex -4.570465e-001 -8.806638e-002  8.000001e-002
    endloop
  endfacet
  facet normal -8.382416e-003 -8.883030e-002  9.960115e-001
    outer loop
      vertex -4.983171e-001 -8.137157e-002  8.000001e-002
      vertex -5.020694e-001 -8.582690e-002  7.957107e-002
      vertex -4.764477e-001 -9.186886e-002  7.924785e-002
    endloop
  endfacet
  facet normal -1.359679e-002 -1.081376e-001  9.940430e-001
    outer loop
      vertex -4.394572e-001 -9.719212e-002  7.924785e-002
      vertex -4.155630e-001 -9.328233e-002  8.000001e-002
      vertex -4.570465e-001 -8.806638e-002  8.000001e-002
    endloop
  endfacet
  facet normal -9.750370e-003 -1.088444e-001  9.940110e-001
    outer loop
      vertex -4.023163e-001 -1.013380e-001  7.924785e-002
      vertex -3.739197e-001 -9.701278e-002  8.000001e-002
      vertex -4.155630e-001 -9.328233e-002  8.000001e-002
    endloop
  endfacet
  facet normal -5.886760e-003 -1.097109e-001  9.939461e-001
    outer loop
      vertex -3.650624e-001 -1.043024e-001  7.924785e-002
      vertex -3.321697e-001 -9.925296e-002  8.000001e-002
      vertex -3.739197e-001 -9.701278e-002  8.000001e-002
    endloop
  endfacet
  facet normal -3.846611e-002 -2.153218e-001  9.757852e-001
    outer loop
      vertex -5.020694e-001 -8.582690e-002  7.957107e-002
      vertex -5.041499e-001 -8.845783e-002  7.890850e-002
      vertex -4.764477e-001 -9.186886e-002  7.924785e-002
    endloop
  endfacet
  facet normal -1.578016e-002 -9.935885e-001  1.119508e-001
    outer loop
      vertex -3.284739e-001 -1.293948e-001  5.000000e-002
      vertex -2.903663e-001 -1.300000e-001  5.000000e-002
      vertex -3.284500e-001 -1.286430e-001  5.667563e-002
    endloop
  endfacet
  facet normal -1.578011e-002 -9.935885e-001  1.119511e-001
    outer loop
      vertex -3.284500e-001 -1.286430e-001  5.667563e-002
      vertex -2.903663e-001 -1.300000e-001  5.000000e-002
      vertex -2.903663e-001 -1.292478e-001  5.667563e-002
    endloop
  endfacet
  facet normal -1.498901e-002 -9.437770e-001  3.302428e-001
    outer loop
      vertex -3.284500e-001 -1.286430e-001  5.667563e-002
      vertex -2.903663e-001 -1.292478e-001  5.667563e-002
      vertex -3.283796e-001 -1.264253e-001  6.301652e-002
    endloop
  endfacet
  facet normal -1.498932e-002 -9.437776e-001  3.302411e-001
    outer loop
      vertex -3.283796e-001 -1.264253e-001  6.301652e-002
      vertex -2.903663e-001 -1.292478e-001  5.667563e-002
      vertex -2.903663e-001 -1.270291e-001  6.301652e-002
    endloop
  endfacet
  facet normal -1.344668e-002 -8.466477e-001  5.319840e-001
    outer loop
      vertex -3.283796e-001 -1.264253e-001  6.301652e-002
      vertex -2.903663e-001 -1.270291e-001  6.301652e-002
      vertex -3.282660e-001 -1.228530e-001  6.870470e-002
    endloop
  endfacet
  facet normal -1.344656e-002 -8.466473e-001  5.319845e-001
    outer loop
      vertex -3.282660e-001 -1.228530e-001  6.870470e-002
      vertex -2.903663e-001 -1.270291e-001  6.301652e-002
      vertex -2.903663e-001 -1.234549e-001  6.870470e-002
    endloop
  endfacet
  facet normal -1.122964e-002 -7.070616e-001  7.070628e-001
    outer loop
      vertex -3.282660e-001 -1.228530e-001  6.870470e-002
      vertex -2.903663e-001 -1.234549e-001  6.870470e-002
      vertex -3.281152e-001 -1.181052e-001  7.345495e-002
    endloop
  endfacet
  facet normal -1.122980e-002 -7.070621e-001  7.070621e-001
    outer loop
      vertex -3.281152e-001 -1.181052e-001  7.345495e-002
      vertex -2.903663e-001 -1.234549e-001  6.870470e-002
      vertex -2.903663e-001 -1.187047e-001  7.345495e-002
    endloop
  endfacet
  facet normal -8.449622e-003 -5.320138e-001  8.466935e-001
    outer loop
      vertex -3.281152e-001 -1.181052e-001  7.345495e-002
      vertex -2.903663e-001 -1.187047e-001  7.345495e-002
      vertex -3.279346e-001 -1.124199e-001  7.702907e-002
    endloop
  endfacet
  facet normal -8.449510e-003 -5.320134e-001  8.466938e-001
    outer loop
      vertex -3.279346e-001 -1.124199e-001  7.702907e-002
      vertex -2.903663e-001 -1.187047e-001  7.345495e-002
      vertex -2.903663e-001 -1.130165e-001  7.702907e-002
    endloop
  endfacet
  facet normal -5.245470e-003 -3.302748e-001  9.438702e-001
    outer loop
      vertex -3.279346e-001 -1.124199e-001  7.702907e-002
      vertex -2.903663e-001 -1.130165e-001  7.702907e-002
      vertex -3.277332e-001 -1.060822e-001  7.924785e-002
    endloop
  endfacet
  facet normal -5.245482e-003 -3.302749e-001  9.438702e-001
    outer loop
      vertex -3.277332e-001 -1.060822e-001  7.924785e-002
      vertex -2.903663e-001 -1.130165e-001  7.702907e-002
      vertex -2.903663e-001 -1.066756e-001  7.924785e-002
    endloop
  endfacet
  facet normal -1.756630e-003 -1.106039e-001  9.938629e-001
    outer loop
      vertex -3.277332e-001 -1.060822e-001  7.924785e-002
      vertex -2.903663e-001 -1.066756e-001  7.924785e-002
      vertex -3.321697e-001 -9.925296e-002  8.000001e-002
    endloop
  endfacet
  facet normal -2.000826e-003 -1.119637e-001  9.937103e-001
    outer loop
      vertex -3.321697e-001 -9.925296e-002  8.000001e-002
      vertex -2.903663e-001 -1.066756e-001  7.924785e-002
      vertex -2.903663e-001 -1.000000e-001  8.000001e-002
    endloop
  endfacet
  facet normal -5.172848e-002 -3.262037e-001  9.438832e-001
    outer loop
      vertex -4.764477e-001 -9.186886e-002  7.924785e-002
      vertex -5.041499e-001 -8.845783e-002  7.890850e-002
      vertex -4.774505e-001 -9.812995e-002  7.702907e-002
    endloop
  endfacet
  facet normal -4.956966e-002 -3.206371e-001  9.459041e-001
    outer loop
      vertex -4.774505e-001 -9.812995e-002  7.702907e-002
      vertex -5.041499e-001 -8.845783e-002  7.890850e-002
      vertex -5.062642e-001 -9.125143e-002  7.785074e-002
    endloop
  endfacet
  facet normal -7.693239e-002 -4.297353e-001  8.996716e-001
    outer loop
      vertex -4.774505e-001 -9.812995e-002  7.702907e-002
      vertex -5.062642e-001 -9.125143e-002  7.785074e-002
      vertex -5.086989e-001 -9.461633e-002  7.603528e-002
    endloop
  endfacet
  facet normal -8.596506e-002 -5.250438e-001  8.467225e-001
    outer loop
      vertex -4.774505e-001 -9.812995e-002  7.702907e-002
      vertex -5.086989e-001 -9.461633e-002  7.603528e-002
      vertex -4.783500e-001 -1.037466e-001  7.345495e-002
    endloop
  endfacet
  facet normal -9.785643e-002 -5.581372e-001  8.239581e-001
    outer loop
      vertex -4.783500e-001 -1.037466e-001  7.345495e-002
      vertex -5.086989e-001 -9.461633e-002  7.603528e-002
      vertex -5.111592e-001 -9.817261e-002  7.333411e-002
    endloop
  endfacet
  facet normal -1.209685e-001 -6.967128e-001  7.070770e-001
    outer loop
      vertex -4.783500e-001 -1.037466e-001  7.345495e-002
      vertex -5.111592e-001 -9.817261e-002  7.333411e-002
      vertex -4.791012e-001 -1.084370e-001  6.870470e-002
    endloop
  endfacet
  facet normal -1.114388e-001 -6.764078e-001  7.280480e-001
    outer loop
      vertex -4.791012e-001 -1.084370e-001  6.870470e-002
      vertex -5.111592e-001 -9.817261e-002  7.333411e-002
      vertex -5.130214e-001 -1.009639e-001  7.045581e-002
    endloop
  endfacet
  facet normal -1.382015e-001 -7.725119e-001  6.197788e-001
    outer loop
      vertex -4.791012e-001 -1.084370e-001  6.870470e-002
      vertex -5.130214e-001 -1.009639e-001  7.045581e-002
      vertex -5.147633e-001 -1.036487e-001  6.672094e-002
    endloop
  endfacet
  facet normal -1.416826e-001 -8.347970e-001  5.320153e-001
    outer loop
      vertex -4.791012e-001 -1.084370e-001  6.870470e-002
      vertex -5.147633e-001 -1.036487e-001  6.672094e-002
      vertex -4.796665e-001 -1.119662e-001  6.301652e-002
    endloop
  endfacet
  facet normal -1.511433e-001 -8.571053e-001  4.924694e-001
    outer loop
      vertex -4.796665e-001 -1.119662e-001  6.301652e-002
      vertex -5.147633e-001 -1.036487e-001  6.672094e-002
      vertex -5.160235e-001 -1.056334e-001  6.287988e-002
    endloop
  endfacet
  facet normal -1.631755e-001 -9.296834e-001  3.302462e-001
    outer loop
      vertex -4.796665e-001 -1.119662e-001  6.301652e-002
      vertex -5.160235e-001 -1.056334e-001  6.287988e-002
      vertex -4.800174e-001 -1.141570e-001  5.667563e-002
    endloop
  endfacet
  facet normal -1.575097e-001 -9.222844e-001  3.529621e-001
    outer loop
      vertex -4.800174e-001 -1.141570e-001  5.667563e-002
      vertex -5.160235e-001 -1.056334e-001  6.287988e-002
      vertex -5.169958e-001 -1.071883e-001  5.838309e-002
    endloop
  endfacet
  facet normal -1.716339e-001 -9.623702e-001  2.106782e-001
    outer loop
      vertex -4.800174e-001 -1.141570e-001  5.667563e-002
      vertex -5.169958e-001 -1.071883e-001  5.838309e-002
      vertex -5.174955e-001 -1.079949e-001  5.429177e-002
    endloop
  endfacet
  facet normal -1.733601e-001 -9.822760e-001  7.127536e-002
    outer loop
      vertex -5.176687e-001 -1.082757e-001  5.000000e-002
      vertex -4.801363e-001 -1.148997e-001  5.000000e-002
      vertex -5.174955e-001 -1.079949e-001  5.429177e-002
    endloop
  endfacet
  facet normal -1.681518e-001 -9.793826e-001  1.119579e-001
    outer loop
      vertex -5.174955e-001 -1.079949e-001  5.429177e-002
      vertex -4.801363e-001 -1.148997e-001  5.000000e-002
      vertex -4.800174e-001 -1.141570e-001  5.667563e-002
    endloop
  endfacet
  facet normal -1.415460e-001 -9.835811e-001  1.119509e-001
    outer loop
      vertex -4.801363e-001 -1.148997e-001  5.000000e-002
      vertex -4.424125e-001 -1.203285e-001  5.000000e-002
      vertex -4.800174e-001 -1.141570e-001  5.667563e-002
    endloop
  endfacet
  facet normal -1.415461e-001 -9.835811e-001  1.119507e-001
    outer loop
      vertex -4.800174e-001 -1.141570e-001  5.667563e-002
      vertex -4.424125e-001 -1.203285e-001  5.000000e-002
      vertex -4.423172e-001 -1.195824e-001  5.667563e-002
    endloop
  endfacet
  facet normal -1.344500e-001 -9.342717e-001  3.302419e-001
    outer loop
      vertex -4.800174e-001 -1.141570e-001  5.667563e-002
      vertex -4.423172e-001 -1.195824e-001  5.667563e-002
      vertex -4.796665e-001 -1.119662e-001  6.301652e-002
    endloop
  endfacet
  facet normal -1.344500e-001 -9.342717e-001  3.302420e-001
    outer loop
      vertex -4.796665e-001 -1.119662e-001  6.301652e-002
      vertex -4.423172e-001 -1.195824e-001  5.667563e-002
      vertex -4.420361e-001 -1.173815e-001  6.301652e-002
    endloop
  endfacet
  facet normal -1.206130e-001 -8.381205e-001  5.319837e-001
    outer loop
      vertex -4.796665e-001 -1.119662e-001  6.301652e-002
      vertex -4.420361e-001 -1.173815e-001  6.301652e-002
      vertex -4.791012e-001 -1.084370e-001  6.870470e-002
    endloop
  endfacet
  facet normal -1.206128e-001 -8.381202e-001  5.319841e-001
    outer loop
      vertex -4.791012e-001 -1.084370e-001  6.870470e-002
      vertex -4.420361e-001 -1.173815e-001  6.301652e-002
      vertex -4.415832e-001 -1.138362e-001  6.870470e-002
    endloop
  endfacet
  facet normal -1.007275e-001 -6.999402e-001  7.070628e-001
    outer loop
      vertex -4.791012e-001 -1.084370e-001  6.870470e-002
      vertex -4.415832e-001 -1.138362e-001  6.870470e-002
      vertex -4.783500e-001 -1.037466e-001  7.345495e-002
    endloop
  endfacet
  facet normal -1.007277e-001 -6.999404e-001  7.070625e-001
    outer loop
      vertex -4.783500e-001 -1.037466e-001  7.345495e-002
      vertex -4.415832e-001 -1.138362e-001  6.870470e-002
      vertex -4.409814e-001 -1.091242e-001  7.345495e-002
    endloop
  endfacet
  facet normal -7.579034e-002 -5.266551e-001  8.466938e-001
    outer loop
      vertex -4.783500e-001 -1.037466e-001  7.345495e-002
      vertex -4.409814e-001 -1.091242e-001  7.345495e-002
      vertex -4.774505e-001 -9.812995e-002  7.702907e-002
    endloop
  endfacet
  facet normal -7.579029e-002 -5.266549e-001  8.466939e-001
    outer loop
      vertex -4.774505e-001 -9.812995e-002  7.702907e-002
      vertex -4.409814e-001 -1.091242e-001  7.345495e-002
      vertex -4.402606e-001 -1.034819e-001  7.702907e-002
    endloop
  endfacet
  facet normal -4.705074e-002 -3.269483e-001  9.438702e-001
    outer loop
      vertex -4.774505e-001 -9.812995e-002  7.702907e-002
      vertex -4.402606e-001 -1.034819e-001  7.702907e-002
      vertex -4.764477e-001 -9.186886e-002  7.924785e-002
    endloop
  endfacet
  facet normal -4.705075e-002 -3.269483e-001  9.438702e-001
    outer loop
      vertex -4.764477e-001 -9.186886e-002  7.924785e-002
      vertex -4.402606e-001 -1.034819e-001  7.702907e-002
      vertex -4.394572e-001 -9.719212e-002  7.924785e-002
    endloop
  endfacet
  facet normal -1.630615e-002 -1.133089e-001  9.934260e-001
    outer loop
      vertex -4.764477e-001 -9.186886e-002  7.924785e-002
      vertex -4.394572e-001 -9.719212e-002  7.924785e-002
      vertex -4.570465e-001 -8.806638e-002  8.000001e-002
    endloop
  endfacet
  facet normal -1.102395e-001 -9.875801e-001  1.119507e-001
    outer loop
      vertex -4.424125e-001 -1.203285e-001  5.000000e-002
      vertex -4.045354e-001 -1.245566e-001  5.000000e-002
      vertex -4.423172e-001 -1.195824e-001  5.667563e-002
    endloop
  endfacet
  facet normal -1.102396e-001 -9.875801e-001  1.119503e-001
    outer loop
      vertex -4.423172e-001 -1.195824e-001  5.667563e-002
      vertex -4.045354e-001 -1.245566e-001  5.000000e-002
      vertex -4.044638e-001 -1.238078e-001  5.667563e-002
    endloop
  endfacet
  facet normal -1.047130e-001 -9.380701e-001  3.302420e-001
    outer loop
      vertex -4.423172e-001 -1.195824e-001  5.667563e-002
      vertex -4.044638e-001 -1.238078e-001  5.667563e-002
      vertex -4.420361e-001 -1.173815e-001  6.301652e-002
    endloop
  endfacet
  facet normal -1.047129e-001 -9.380700e-001  3.302422e-001
    outer loop
      vertex -4.420361e-001 -1.173815e-001  6.301652e-002
      vertex -4.044638e-001 -1.238078e-001  5.667563e-002
      vertex -4.042527e-001 -1.215991e-001  6.301652e-002
    endloop
  endfacet
  facet normal -9.393631e-002 -8.415277e-001  5.319841e-001
    outer loop
      vertex -4.420361e-001 -1.173815e-001  6.301652e-002
      vertex -4.042527e-001 -1.215991e-001  6.301652e-002
      vertex -4.415832e-001 -1.138362e-001  6.870470e-002
    endloop
  endfacet
  facet normal -9.393647e-002 -8.415281e-001  5.319836e-001
    outer loop
      vertex -4.415832e-001 -1.138362e-001  6.870470e-002
      vertex -4.042527e-001 -1.215991e-001  6.301652e-002
      vertex -4.039127e-001 -1.180412e-001  6.870470e-002
    endloop
  endfacet
  facet normal -7.844927e-002 -7.027863e-001  7.070624e-001
    outer loop
      vertex -4.415832e-001 -1.138362e-001  6.870470e-002
      vertex -4.039127e-001 -1.180412e-001  6.870470e-002
      vertex -4.409814e-001 -1.091242e-001  7.345495e-002
    endloop
  endfacet
  facet normal -7.844920e-002 -7.027860e-001  7.070626e-001
    outer loop
      vertex -4.409814e-001 -1.091242e-001  7.345495e-002
      vertex -4.039127e-001 -1.180412e-001  6.870470e-002
      vertex -4.034607e-001 -1.133125e-001  7.345495e-002
    endloop
  endfacet
  facet normal -5.902740e-002 -5.287961e-001  8.466939e-001
    outer loop
      vertex -4.409814e-001 -1.091242e-001  7.345495e-002
      vertex -4.034607e-001 -1.133125e-001  7.345495e-002
      vertex -4.402606e-001 -1.034819e-001  7.702907e-002
    endloop
  endfacet
  facet normal -5.902744e-002 -5.287963e-001  8.466938e-001
    outer loop
      vertex -4.402606e-001 -1.034819e-001  7.702907e-002
      vertex -4.034607e-001 -1.133125e-001  7.345495e-002
      vertex -4.029195e-001 -1.076501e-001  7.702907e-002
    endloop
  endfacet
  facet normal -3.664433e-002 -3.282776e-001  9.438703e-001
    outer loop
      vertex -4.402606e-001 -1.034819e-001  7.702907e-002
      vertex -4.029195e-001 -1.076501e-001  7.702907e-002
      vertex -4.394572e-001 -9.719212e-002  7.924785e-002
    endloop
  endfacet
  facet normal -3.664435e-002 -3.282776e-001  9.438702e-001
    outer loop
      vertex -4.394572e-001 -9.719212e-002  7.924785e-002
      vertex -4.029195e-001 -1.076501e-001  7.702907e-002
      vertex -4.023163e-001 -1.013380e-001  7.924785e-002
    endloop
  endfacet
  facet normal -1.268211e-002 -1.136124e-001  9.934442e-001
    outer loop
      vertex -4.394572e-001 -9.719212e-002  7.924785e-002
      vertex -4.023163e-001 -1.013380e-001  7.924785e-002
      vertex -4.155630e-001 -9.328233e-002  8.000001e-002
    endloop
  endfacet
  facet normal -7.882228e-002 -9.905828e-001  1.119503e-001
    outer loop
      vertex -4.045354e-001 -1.245566e-001  5.000000e-002
      vertex -3.665431e-001 -1.275797e-001  5.000000e-002
      vertex -4.044638e-001 -1.238078e-001  5.667563e-002
    endloop
  endfacet
  facet normal -7.882219e-002 -9.905828e-001  1.119507e-001
    outer loop
      vertex -4.044638e-001 -1.238078e-001  5.667563e-002
      vertex -3.665431e-001 -1.275797e-001  5.000000e-002
      vertex -3.664953e-001 -1.268290e-001  5.667563e-002
    endloop
  endfacet
  facet normal -7.487062e-002 -9.409221e-001  3.302422e-001
    outer loop
      vertex -4.044638e-001 -1.238078e-001  5.667563e-002
      vertex -3.664953e-001 -1.268290e-001  5.667563e-002
      vertex -4.042527e-001 -1.215991e-001  6.301652e-002
    endloop
  endfacet
  facet normal -7.487071e-002 -9.409223e-001  3.302419e-001
    outer loop
      vertex -4.042527e-001 -1.215991e-001  6.301652e-002
      vertex -3.664953e-001 -1.268290e-001  5.667563e-002
      vertex -3.663544e-001 -1.246148e-001  6.301652e-002
    endloop
  endfacet
  facet normal -6.716534e-002 -8.440867e-001  5.319836e-001
    outer loop
      vertex -4.042527e-001 -1.215991e-001  6.301652e-002
      vertex -3.663544e-001 -1.246148e-001  6.301652e-002
      vertex -4.039127e-001 -1.180412e-001  6.870470e-002
    endloop
  endfacet
  facet normal -6.716517e-002 -8.440862e-001  5.319843e-001
    outer loop
      vertex -4.039127e-001 -1.180412e-001  6.870470e-002
      vertex -3.663544e-001 -1.246148e-001  6.301652e-002
      vertex -3.661276e-001 -1.210478e-001  6.870470e-002
    endloop
  endfacet
  facet normal -5.609174e-002 -7.049229e-001  7.070625e-001
    outer loop
      vertex -4.039127e-001 -1.180412e-001  6.870470e-002
      vertex -3.661276e-001 -1.210478e-001  6.870470e-002
      vertex -4.034607e-001 -1.133125e-001  7.345495e-002
    endloop
  endfacet
  facet normal -5.609164e-002 -7.049226e-001  7.070628e-001
    outer loop
      vertex -4.034607e-001 -1.133125e-001  7.345495e-002
      vertex -3.661276e-001 -1.210478e-001  6.870470e-002
      vertex -3.658260e-001 -1.163072e-001  7.345495e-002
    endloop
  endfacet
  facet normal -4.220496e-002 -5.304040e-001  8.466938e-001
    outer loop
      vertex -4.034607e-001 -1.133125e-001  7.345495e-002
      vertex -3.658260e-001 -1.163072e-001  7.345495e-002
      vertex -4.029195e-001 -1.076501e-001  7.702907e-002
    endloop
  endfacet
  facet normal -4.220514e-002 -5.304046e-001  8.466933e-001
    outer loop
      vertex -4.029195e-001 -1.076501e-001  7.702907e-002
      vertex -3.658260e-001 -1.163072e-001  7.345495e-002
      vertex -3.654649e-001 -1.106305e-001  7.702907e-002
    endloop
  endfacet
  facet normal -2.620099e-002 -3.292757e-001  9.438702e-001
    outer loop
      vertex -4.029195e-001 -1.076501e-001  7.702907e-002
      vertex -3.654649e-001 -1.106305e-001  7.702907e-002
      vertex -4.023163e-001 -1.013380e-001  7.924785e-002
    endloop
  endfacet
  facet normal -2.620096e-002 -3.292756e-001  9.438702e-001
    outer loop
      vertex -4.023163e-001 -1.013380e-001  7.924785e-002
      vertex -3.654649e-001 -1.106305e-001  7.702907e-002
      vertex -3.650624e-001 -1.043024e-001  7.924785e-002
    endloop
  endfacet
  facet normal -9.030102e-003 -1.134841e-001  9.934987e-001
    outer loop
      vertex -4.023163e-001 -1.013380e-001  7.924785e-002
      vertex -3.650624e-001 -1.043024e-001  7.924785e-002
      vertex -3.739197e-001 -9.701278e-002  8.000001e-002
    endloop
  endfacet
  facet normal -4.732518e-002 -9.925861e-001  1.119508e-001
    outer loop
      vertex -3.665431e-001 -1.275797e-001  5.000000e-002
      vertex -3.284739e-001 -1.293948e-001  5.000000e-002
      vertex -3.664953e-001 -1.268290e-001  5.667563e-002
    endloop
  endfacet
  facet normal -4.732518e-002 -9.925862e-001  1.119509e-001
    outer loop
      vertex -3.664953e-001 -1.268290e-001  5.667563e-002
      vertex -3.284739e-001 -1.293948e-001  5.000000e-002
      vertex -3.284500e-001 -1.286430e-001  5.667563e-002
    endloop
  endfacet
  facet normal -4.495264e-002 -9.428253e-001  3.302418e-001
    outer loop
      vertex -3.664953e-001 -1.268290e-001  5.667563e-002
      vertex -3.284500e-001 -1.286430e-001  5.667563e-002
      vertex -3.663544e-001 -1.246148e-001  6.301652e-002
    endloop
  endfacet
  facet normal -4.495247e-002 -9.428251e-001  3.302427e-001
    outer loop
      vertex -3.663544e-001 -1.246148e-001  6.301652e-002
      vertex -3.284500e-001 -1.286430e-001  5.667563e-002
      vertex -3.283796e-001 -1.264253e-001  6.301652e-002
    endloop
  endfacet
  facet normal -4.032615e-002 -8.457934e-001  5.319843e-001
    outer loop
      vertex -3.663544e-001 -1.246148e-001  6.301652e-002
      vertex -3.283796e-001 -1.264253e-001  6.301652e-002
      vertex -3.661276e-001 -1.210478e-001  6.870470e-002
    endloop
  endfacet
  facet normal -4.032621e-002 -8.457936e-001  5.319840e-001
    outer loop
      vertex -3.661276e-001 -1.210478e-001  6.870470e-002
      vertex -3.283796e-001 -1.264253e-001  6.301652e-002
      vertex -3.282660e-001 -1.228530e-001  6.870470e-002
    endloop
  endfacet
  facet normal -3.367767e-002 -7.063484e-001  7.070627e-001
    outer loop
      vertex -3.661276e-001 -1.210478e-001  6.870470e-002
      vertex -3.282660e-001 -1.228530e-001  6.870470e-002
      vertex -3.658260e-001 -1.163072e-001  7.345495e-002
    endloop
  endfacet
  facet normal -3.367766e-002 -7.063484e-001  7.070628e-001
    outer loop
      vertex -3.658260e-001 -1.163072e-001  7.345495e-002
      vertex -3.282660e-001 -1.228530e-001  6.870470e-002
      vertex -3.281152e-001 -1.181052e-001  7.345495e-002
    endloop
  endfacet
  facet normal -2.534007e-002 -5.314774e-001  8.466935e-001
    outer loop
      vertex -3.658260e-001 -1.163072e-001  7.345495e-002
      vertex -3.281152e-001 -1.181052e-001  7.345495e-002
      vertex -3.654649e-001 -1.106305e-001  7.702907e-002
    endloop
  endfacet
  facet normal -2.534002e-002 -5.314773e-001  8.466935e-001
    outer loop
      vertex -3.654649e-001 -1.106305e-001  7.702907e-002
      vertex -3.281152e-001 -1.181052e-001  7.345495e-002
      vertex -3.279346e-001 -1.124199e-001  7.702907e-002
    endloop
  endfacet
  facet normal -1.573111e-002 -3.299416e-001  9.438702e-001
    outer loop
      vertex -3.654649e-001 -1.106305e-001  7.702907e-002
      vertex -3.279346e-001 -1.124199e-001  7.702907e-002
      vertex -3.650624e-001 -1.043024e-001  7.924785e-002
    endloop
  endfacet
  facet normal -1.573113e-002 -3.299417e-001  9.438702e-001
    outer loop
      vertex -3.650624e-001 -1.043024e-001  7.924785e-002
      vertex -3.279346e-001 -1.124199e-001  7.702907e-002
      vertex -3.277332e-001 -1.060822e-001  7.924785e-002
    endloop
  endfacet
  facet normal -5.384352e-003 -1.129304e-001  9.935883e-001
    outer loop
      vertex -3.650624e-001 -1.043024e-001  7.924785e-002
      vertex -3.277332e-001 -1.060822e-001  7.924785e-002
      vertex -3.321697e-001 -9.925296e-002  8.000001e-002
    endloop
  endfacet
  facet normal  9.936331e-001  1.119562e-001  1.261446e-002
    outer loop
      vertex  2.660000e-001  7.105428e-018  5.000000e-002
      vertex  2.652479e-001  6.675628e-003  5.000000e-002
      vertex  2.652479e-001  6.508256e-003  5.148547e-002
    endloop
  endfacet
  facet normal  9.936331e-001  1.063422e-001  3.721073e-002
    outer loop
      vertex  2.660000e-001  7.105428e-018  5.000000e-002
      vertex  2.652479e-001  6.508256e-003  5.148547e-002
      vertex  2.652479e-001  6.014533e-003  5.289645e-002
    endloop
  endfacet
  facet normal  9.936331e-001  9.539583e-002  5.994117e-002
    outer loop
      vertex  2.660000e-001  7.105428e-018  5.000000e-002
      vertex  2.652479e-001  6.014533e-003  5.289645e-002
      vertex  2.652479e-001  5.219216e-003  5.416219e-002
    endloop
  endfacet
  facet normal  9.936331e-001  7.966588e-002  7.966591e-002
    outer loop
      vertex  2.660000e-001  7.105428e-018  5.000000e-002
      vertex  2.652479e-001  5.219216e-003  5.416219e-002
      vertex  2.652479e-001  4.162186e-003  5.521922e-002
    endloop
  endfacet
  facet normal  9.936331e-001  5.994125e-002  9.539577e-002
    outer loop
      vertex  2.660000e-001  7.105428e-018  5.000000e-002
      vertex  2.652479e-001  4.162186e-003  5.521922e-002
      vertex  2.652479e-001  2.896447e-003  5.601454e-002
    endloop
  endfacet
  facet normal  9.936331e-001  3.721061e-002  1.063423e-001
    outer loop
      vertex  2.660000e-001  7.105428e-018  5.000000e-002
      vertex  2.652479e-001  2.896447e-003  5.601454e-002
      vertex  2.652479e-001  1.485467e-003  5.650826e-002
    endloop
  endfacet
  facet normal  9.936331e-001  1.261456e-002  1.119562e-001
    outer loop
      vertex  2.660000e-001  7.105428e-018  5.000000e-002
      vertex  2.652479e-001  1.485467e-003  5.650826e-002
      vertex  2.652479e-001  7.105428e-018  5.667563e-002
    endloop
  endfacet
  facet normal  9.432300e-001  3.718829e-002  3.300518e-001
    outer loop
      vertex  2.652479e-001  7.105428e-018  5.667563e-002
      vertex  2.652479e-001  1.485467e-003  5.650826e-002
      vertex  2.630291e-001  7.105428e-018  6.301652e-002
    endloop
  endfacet
  facet normal  9.432300e-001  3.718790e-002  3.300517e-001
    outer loop
      vertex  2.630291e-001  7.105428e-018  6.301652e-002
      vertex  2.652479e-001  1.485467e-003  5.650826e-002
      vertex  2.630291e-001  2.896447e-003  6.269017e-002
    endloop
  endfacet
  facet normal  8.452086e-001  5.983790e-002  5.310760e-001
    outer loop
      vertex  2.630291e-001  7.105428e-018  6.301652e-002
      vertex  2.630291e-001  2.896447e-003  6.269017e-002
      vertex  2.594550e-001  7.105428e-018  6.870470e-002
    endloop
  endfacet
  facet normal  8.452085e-001  5.983863e-002  5.310763e-001
    outer loop
      vertex  2.594550e-001  7.105428e-018  6.870470e-002
      vertex  2.630291e-001  2.896447e-003  6.269017e-002
      vertex  2.594550e-001  4.162186e-003  6.823573e-002
    endloop
  endfacet
  facet normal  7.048720e-001  7.942118e-002  7.048743e-001
    outer loop
      vertex  2.594550e-001  7.105428e-018  6.870470e-002
      vertex  2.594550e-001  4.162186e-003  6.823573e-002
      vertex  2.547047e-001  7.105428e-018  7.345495e-002
    endloop
  endfacet
  facet normal  7.048728e-001  7.941937e-002  7.048736e-001
    outer loop
      vertex  2.547047e-001  7.105428e-018  7.345495e-002
      vertex  2.594550e-001  4.162186e-003  6.823573e-002
      vertex  2.547047e-001  5.219216e-003  7.286689e-002
    endloop
  endfacet
  facet normal  5.296276e-001  9.497070e-002  8.428969e-001
    outer loop
      vertex  2.547047e-001  7.105428e-018  7.345495e-002
      vertex  2.547047e-001  5.219216e-003  7.286689e-002
      vertex  2.490165e-001  7.105428e-018  7.702907e-002
    endloop
  endfacet
  facet normal  5.296271e-001  9.497146e-002  8.428972e-001
    outer loop
      vertex  2.490165e-001  7.105428e-018  7.702907e-002
      vertex  2.547047e-001  5.219216e-003  7.286689e-002
      vertex  2.490165e-001  6.014533e-003  7.635140e-002
    endloop
  endfacet
  facet normal  3.284273e-001  1.057534e-001  9.385902e-001
    outer loop
      vertex  2.490165e-001  7.105428e-018  7.702907e-002
      vertex  2.490165e-001  6.014533e-003  7.635140e-002
      vertex  2.426756e-001  7.105428e-018  7.924785e-002
    endloop
  endfacet
  facet normal  3.284268e-001  1.057541e-001  9.385904e-001
    outer loop
      vertex  2.426756e-001  7.105428e-018  7.924785e-002
      vertex  2.490165e-001  6.014533e-003  7.635140e-002
      vertex  2.426756e-001  6.508256e-003  7.851454e-002
    endloop
  endfacet
  facet normal  1.112687e-001  1.112696e-001  9.875416e-001
    outer loop
      vertex  2.426756e-001  7.105428e-018  7.924785e-002
      vertex  2.426756e-001  6.508256e-003  7.851454e-002
      vertex  2.360000e-001  7.105428e-018  8.000001e-002
    endloop
  endfacet
  facet normal  1.112696e-001  1.112687e-001  9.875416e-001
    outer loop
      vertex  2.360000e-001  7.105428e-018  8.000001e-002
      vertex  2.426756e-001  6.508256e-003  7.851454e-002
      vertex  2.360000e-001  6.675628e-003  7.924785e-002
    endloop
  endfacet
  facet normal  9.432300e-001  3.300518e-001  3.718799e-002
    outer loop
      vertex  2.652479e-001  6.508256e-003  5.148547e-002
      vertex  2.652479e-001  6.675628e-003  5.000000e-002
      vertex  2.630291e-001  1.269016e-002  5.289645e-002
    endloop
  endfacet
  facet normal  9.432300e-001  3.300519e-001  3.718792e-002
    outer loop
      vertex  2.630291e-001  1.269016e-002  5.289645e-002
      vertex  2.652479e-001  6.675628e-003  5.000000e-002
      vertex  2.630291e-001  1.301651e-002  5.000000e-002
    endloop
  endfacet
  facet normal  8.452086e-001  5.310760e-001  5.983790e-002
    outer loop
      vertex  2.630291e-001  1.269016e-002  5.289645e-002
      vertex  2.630291e-001  1.301651e-002  5.000000e-002
      vertex  2.594550e-001  1.823573e-002  5.416219e-002
    endloop
  endfacet
  facet normal  8.452087e-001  5.310760e-001  5.983788e-002
    outer loop
      vertex  2.594550e-001  1.823573e-002  5.416219e-002
      vertex  2.630291e-001  1.301651e-002  5.000000e-002
      vertex  2.594550e-001  1.870470e-002  5.000000e-002
    endloop
  endfacet
  facet normal  7.048725e-001  7.048739e-001  7.942019e-002
    outer loop
      vertex  2.594550e-001  1.823573e-002  5.416219e-002
      vertex  2.594550e-001  1.870470e-002  5.000000e-002
      vertex  2.547047e-001  2.286688e-002  5.521922e-002
    endloop
  endfacet
  facet normal  7.048725e-001  7.048739e-001  7.942020e-002
    outer loop
      vertex  2.547047e-001  2.286688e-002  5.521922e-002
      vertex  2.594550e-001  1.870470e-002  5.000000e-002
      vertex  2.547047e-001  2.345495e-002  5.000000e-002
    endloop
  endfacet
  facet normal  5.296269e-001  8.428972e-001  9.497168e-002
    outer loop
      vertex  2.547047e-001  2.286688e-002  5.521922e-002
      vertex  2.547047e-001  2.345495e-002  5.000000e-002
      vertex  2.490165e-001  2.635139e-002  5.601454e-002
    endloop
  endfacet
  facet normal  5.296270e-001  8.428972e-001  9.497170e-002
    outer loop
      vertex  2.490165e-001  2.635139e-002  5.601454e-002
      vertex  2.547047e-001  2.345495e-002  5.000000e-002
      vertex  2.490165e-001  2.702907e-002  5.000000e-002
    endloop
  endfacet
  facet normal  3.284269e-001  9.385903e-001  1.057537e-001
    outer loop
      vertex  2.490165e-001  2.635139e-002  5.601454e-002
      vertex  2.490165e-001  2.702907e-002  5.000000e-002
      vertex  2.426756e-001  2.851453e-002  5.650826e-002
    endloop
  endfacet
  facet normal  3.284270e-001  9.385903e-001  1.057538e-001
    outer loop
      vertex  2.426756e-001  2.851453e-002  5.650826e-002
      vertex  2.490165e-001  2.702907e-002  5.000000e-002
      vertex  2.426756e-001  2.924784e-002  5.000000e-002
    endloop
  endfacet
  facet normal  1.112693e-001  9.875416e-001  1.112693e-001
    outer loop
      vertex  2.426756e-001  2.851453e-002  5.650826e-002
      vertex  2.426756e-001  2.924784e-002  5.000000e-002
      vertex  2.360000e-001  2.924784e-002  5.667563e-002
    endloop
  endfacet
  facet normal  1.112692e-001  9.875415e-001  1.112692e-001
    outer loop
      vertex  2.360000e-001  2.924784e-002  5.667563e-002
      vertex  2.426756e-001  2.924784e-002  5.000000e-002
      vertex  2.360000e-001  3.000000e-002  5.000000e-002
    endloop
  endfacet
  facet normal  9.432300e-001  3.135017e-001  1.096989e-001
    outer loop
      vertex  2.652479e-001  6.014533e-003  5.289645e-002
      vertex  2.652479e-001  6.508256e-003  5.148547e-002
      vertex  2.630291e-001  1.172747e-002  5.564765e-002
    endloop
  endfacet
  facet normal  9.432300e-001  3.135017e-001  1.096990e-001
    outer loop
      vertex  2.630291e-001  1.172747e-002  5.564765e-002
      vertex  2.652479e-001  6.508256e-003  5.148547e-002
      vertex  2.630291e-001  1.269016e-002  5.289645e-002
    endloop
  endfacet
  facet normal  8.452085e-001  5.044457e-001  1.765132e-001
    outer loop
      vertex  2.630291e-001  1.172747e-002  5.564765e-002
      vertex  2.630291e-001  1.269016e-002  5.289645e-002
      vertex  2.594550e-001  1.685235e-002  5.811566e-002
    endloop
  endfacet
  facet normal  8.452087e-001  5.044456e-001  1.765134e-001
    outer loop
      vertex  2.594550e-001  1.685235e-002  5.811566e-002
      vertex  2.630291e-001  1.269016e-002  5.289645e-002
      vertex  2.594550e-001  1.823573e-002  5.416219e-002
    endloop
  endfacet
  facet normal  7.048727e-001  6.695283e-001  2.342784e-001
    outer loop
      vertex  2.594550e-001  1.685235e-002  5.811566e-002
      vertex  2.594550e-001  1.823573e-002  5.416219e-002
      vertex  2.547047e-001  2.113218e-002  6.017672e-002
    endloop
  endfacet
  facet normal  7.048725e-001  6.695285e-001  2.342781e-001
    outer loop
      vertex  2.547047e-001  2.113218e-002  6.017672e-002
      vertex  2.594550e-001  1.823573e-002  5.416219e-002
      vertex  2.547047e-001  2.286688e-002  5.521922e-002
    endloop
  endfacet
  facet normal  5.296267e-001  8.006309e-001  2.801528e-001
    outer loop
      vertex  2.547047e-001  2.113218e-002  6.017672e-002
      vertex  2.547047e-001  2.286688e-002  5.521922e-002
      vertex  2.490165e-001  2.435235e-002  6.172747e-002
    endloop
  endfacet
  facet normal  5.296270e-001  8.006307e-001  2.801530e-001
    outer loop
      vertex  2.490165e-001  2.435235e-002  6.172747e-002
      vertex  2.547047e-001  2.286688e-002  5.521922e-002
      vertex  2.490165e-001  2.635139e-002  5.601454e-002
    endloop
  endfacet
  facet normal  3.284273e-001  8.915253e-001  3.119584e-001
    outer loop
      vertex  2.490165e-001  2.435235e-002  6.172747e-002
      vertex  2.490165e-001  2.635139e-002  5.601454e-002
      vertex  2.426756e-001  2.635139e-002  6.269017e-002
    endloop
  endfacet
  facet normal  3.284269e-001  8.915256e-001  3.119580e-001
    outer loop
      vertex  2.426756e-001  2.635139e-002  6.269017e-002
      vertex  2.490165e-001  2.635139e-002  5.601454e-002
      vertex  2.426756e-001  2.851453e-002  5.650826e-002
    endloop
  endfacet
  facet normal  1.112692e-001  9.380221e-001  3.282279e-001
    outer loop
      vertex  2.426756e-001  2.635139e-002  6.269017e-002
      vertex  2.426756e-001  2.851453e-002  5.650826e-002
      vertex  2.360000e-001  2.702907e-002  6.301652e-002
    endloop
  endfacet
  facet normal  1.112694e-001  9.380221e-001  3.282280e-001
    outer loop
      vertex  2.360000e-001  2.702907e-002  6.301652e-002
      vertex  2.426756e-001  2.851453e-002  5.650826e-002
      vertex  2.360000e-001  2.924784e-002  5.667563e-002
    endloop
  endfacet
  facet normal  9.432300e-001  2.812312e-001  1.767093e-001
    outer loop
      vertex  2.652479e-001  5.219216e-003  5.416219e-002
      vertex  2.652479e-001  6.014533e-003  5.289645e-002
      vertex  2.630291e-001  1.017672e-002  5.811566e-002
    endloop
  endfacet
  facet normal  9.432300e-001  2.812312e-001  1.767093e-001
    outer loop
      vertex  2.630291e-001  1.017672e-002  5.811566e-002
      vertex  2.652479e-001  6.014533e-003  5.289645e-002
      vertex  2.630291e-001  1.172747e-002  5.564765e-002
    endloop
  endfacet
  facet normal  8.452086e-001  4.525203e-001  2.843373e-001
    outer loop
      vertex  2.630291e-001  1.017672e-002  5.811566e-002
      vertex  2.630291e-001  1.172747e-002  5.564765e-002
      vertex  2.594550e-001  1.462392e-002  6.166219e-002
    endloop
  endfacet
  facet normal  8.452086e-001  4.525204e-001  2.843373e-001
    outer loop
      vertex  2.594550e-001  1.462392e-002  6.166219e-002
      vertex  2.630291e-001  1.172747e-002  5.564765e-002
      vertex  2.594550e-001  1.685235e-002  5.811566e-002
    endloop
  endfacet
  facet normal  7.048725e-001  6.006104e-001  3.773884e-001
    outer loop
      vertex  2.594550e-001  1.462392e-002  6.166219e-002
      vertex  2.594550e-001  1.685235e-002  5.811566e-002
      vertex  2.547047e-001  1.833782e-002  6.462392e-002
    endloop
  endfacet
  facet normal  7.048727e-001  6.006100e-001  3.773886e-001
    outer loop
      vertex  2.547047e-001  1.833782e-002  6.462392e-002
      vertex  2.594550e-001  1.685235e-002  5.811566e-002
      vertex  2.547047e-001  2.113218e-002  6.017672e-002
    endloop
  endfacet
  facet normal  5.296272e-001  7.182172e-001  4.512861e-001
    outer loop
      vertex  2.547047e-001  1.833782e-002  6.462392e-002
      vertex  2.547047e-001  2.113218e-002  6.017672e-002
      vertex  2.490165e-001  2.113218e-002  6.685235e-002
    endloop
  endfacet
  facet normal  5.296267e-001  7.182177e-001  4.512856e-001
    outer loop
      vertex  2.490165e-001  2.113218e-002  6.685235e-002
      vertex  2.547047e-001  2.113218e-002  6.017672e-002
      vertex  2.490165e-001  2.435235e-002  6.172747e-002
    endloop
  endfacet
  facet normal  3.284267e-001  7.997561e-001  5.025196e-001
    outer loop
      vertex  2.490165e-001  2.113218e-002  6.685235e-002
      vertex  2.490165e-001  2.435235e-002  6.172747e-002
      vertex  2.426756e-001  2.286688e-002  6.823573e-002
    endloop
  endfacet
  facet normal  3.284274e-001  7.997556e-001  5.025201e-001
    outer loop
      vertex  2.426756e-001  2.286688e-002  6.823573e-002
      vertex  2.490165e-001  2.435235e-002  6.172747e-002
      vertex  2.426756e-001  2.635139e-002  6.269017e-002
    endloop
  endfacet
  facet normal  1.112696e-001  8.414661e-001  5.287285e-001
    outer loop
      vertex  2.426756e-001  2.286688e-002  6.823573e-002
      vertex  2.426756e-001  2.635139e-002  6.269017e-002
      vertex  2.360000e-001  2.345495e-002  6.870470e-002
    endloop
  endfacet
  facet normal  1.112692e-001  8.414663e-001  5.287282e-001
    outer loop
      vertex  2.360000e-001  2.345495e-002  6.870470e-002
      vertex  2.426756e-001  2.635139e-002  6.269017e-002
      vertex  2.360000e-001  2.702907e-002  6.301652e-002
    endloop
  endfacet
  facet normal  9.432300e-001  2.348585e-001  2.348586e-001
    outer loop
      vertex  2.652479e-001  4.162186e-003  5.521922e-002
      vertex  2.652479e-001  5.219216e-003  5.416219e-002
      vertex  2.630291e-001  8.115663e-003  6.017672e-002
    endloop
  endfacet
  facet normal  9.432300e-001  2.348588e-001  2.348586e-001
    outer loop
      vertex  2.630291e-001  8.115663e-003  6.017672e-002
      vertex  2.652479e-001  5.219216e-003  5.416219e-002
      vertex  2.630291e-001  1.017672e-002  5.811566e-002
    endloop
  endfacet
  facet normal  8.452086e-001  3.779040e-001  3.779036e-001
    outer loop
      vertex  2.630291e-001  8.115663e-003  6.017672e-002
      vertex  2.630291e-001  1.017672e-002  5.811566e-002
      vertex  2.594550e-001  1.166219e-002  6.462392e-002
    endloop
  endfacet
  facet normal  8.452086e-001  3.779036e-001  3.779038e-001
    outer loop
      vertex  2.594550e-001  1.166219e-002  6.462392e-002
      vertex  2.630291e-001  1.017672e-002  5.811566e-002
      vertex  2.594550e-001  1.462392e-002  6.166219e-002
    endloop
  endfacet
  facet normal  7.048727e-001  5.015746e-001  5.015749e-001
    outer loop
      vertex  2.594550e-001  1.166219e-002  6.462392e-002
      vertex  2.594550e-001  1.462392e-002  6.166219e-002
      vertex  2.547047e-001  1.462392e-002  6.833782e-002
    endloop
  endfacet
  facet normal  7.048724e-001  5.015750e-001  5.015748e-001
    outer loop
      vertex  2.547047e-001  1.462392e-002  6.833782e-002
      vertex  2.594550e-001  1.462392e-002  6.166219e-002
      vertex  2.547047e-001  1.833782e-002  6.462392e-002
    endloop
  endfacet
  facet normal  5.296267e-001  5.997900e-001  5.997897e-001
    outer loop
      vertex  2.547047e-001  1.462392e-002  6.833782e-002
      vertex  2.547047e-001  1.833782e-002  6.462392e-002
      vertex  2.490165e-001  1.685235e-002  7.113218e-002
    endloop
  endfacet
  facet normal  5.296272e-001  5.997891e-001  5.997899e-001
    outer loop
      vertex  2.490165e-001  1.685235e-002  7.113218e-002
      vertex  2.547047e-001  1.833782e-002  6.462392e-002
      vertex  2.490165e-001  2.113218e-002  6.685235e-002
    endloop
  endfacet
  facet normal  3.284278e-001  6.678825e-001  6.678834e-001
    outer loop
      vertex  2.490165e-001  1.685235e-002  7.113218e-002
      vertex  2.490165e-001  2.113218e-002  6.685235e-002
      vertex  2.426756e-001  1.823573e-002  7.286689e-002
    endloop
  endfacet
  facet normal  3.284267e-001  6.678836e-001  6.678828e-001
    outer loop
      vertex  2.426756e-001  1.823573e-002  7.286689e-002
      vertex  2.490165e-001  2.113218e-002  6.685235e-002
      vertex  2.426756e-001  2.286688e-002  6.823573e-002
    endloop
  endfacet
  facet normal  1.112686e-001  7.027164e-001  7.027155e-001
    outer loop
      vertex  2.426756e-001  1.823573e-002  7.286689e-002
      vertex  2.426756e-001  2.286688e-002  6.823573e-002
      vertex  2.360000e-001  1.870470e-002  7.345495e-002
    endloop
  endfacet
  facet normal  1.112697e-001  7.027154e-001  7.027163e-001
    outer loop
      vertex  2.360000e-001  1.870470e-002  7.345495e-002
      vertex  2.426756e-001  2.286688e-002  6.823573e-002
      vertex  2.360000e-001  2.345495e-002  6.870470e-002
    endloop
  endfacet
  facet normal  9.432300e-001  1.767096e-001  2.812311e-001
    outer loop
      vertex  2.652479e-001  2.896447e-003  5.601454e-002
      vertex  2.652479e-001  4.162186e-003  5.521922e-002
      vertex  2.630291e-001  5.647653e-003  6.172747e-002
    endloop
  endfacet
  facet normal  9.432300e-001  1.767090e-001  2.812313e-001
    outer loop
      vertex  2.630291e-001  5.647653e-003  6.172747e-002
      vertex  2.652479e-001  4.162186e-003  5.521922e-002
      vertex  2.630291e-001  8.115663e-003  6.017672e-002
    endloop
  endfacet
  facet normal  8.452088e-001  2.843369e-001  4.525203e-001
    outer loop
      vertex  2.630291e-001  5.647653e-003  6.172747e-002
      vertex  2.630291e-001  8.115663e-003  6.017672e-002
      vertex  2.594550e-001  8.115663e-003  6.685235e-002
    endloop
  endfacet
  facet normal  8.452085e-001  2.843378e-001  4.525202e-001
    outer loop
      vertex  2.594550e-001  8.115663e-003  6.685235e-002
      vertex  2.630291e-001  8.115663e-003  6.017672e-002
      vertex  2.594550e-001  1.166219e-002  6.462392e-002
    endloop
  endfacet
  facet normal  7.048723e-001  3.773890e-001  6.006103e-001
    outer loop
      vertex  2.594550e-001  8.115663e-003  6.685235e-002
      vertex  2.594550e-001  1.166219e-002  6.462392e-002
      vertex  2.547047e-001  1.017672e-002  7.113218e-002
    endloop
  endfacet
  facet normal  7.048727e-001  3.773880e-001  6.006104e-001
    outer loop
      vertex  2.547047e-001  1.017672e-002  7.113218e-002
      vertex  2.594550e-001  1.166219e-002  6.462392e-002
      vertex  2.547047e-001  1.462392e-002  6.833782e-002
    endloop
  endfacet
  facet normal  5.296274e-001  4.512854e-001  7.182175e-001
    outer loop
      vertex  2.547047e-001  1.017672e-002  7.113218e-002
      vertex  2.547047e-001  1.462392e-002  6.833782e-002
      vertex  2.490165e-001  1.172747e-002  7.435235e-002
    endloop
  endfacet
  facet normal  5.296267e-001  4.512866e-001  7.182173e-001
    outer loop
      vertex  2.490165e-001  1.172747e-002  7.435235e-002
      vertex  2.547047e-001  1.462392e-002  6.833782e-002
      vertex  2.490165e-001  1.685235e-002  7.113218e-002
    endloop
  endfacet
  facet normal  3.284273e-001  5.025204e-001  7.997555e-001
    outer loop
      vertex  2.490165e-001  1.172747e-002  7.435235e-002
      vertex  2.490165e-001  1.685235e-002  7.113218e-002
      vertex  2.426756e-001  1.269016e-002  7.635140e-002
    endloop
  endfacet
  facet normal  3.284278e-001  5.025198e-001  7.997556e-001
    outer loop
      vertex  2.426756e-001  1.269016e-002  7.635140e-002
      vertex  2.490165e-001  1.685235e-002  7.113218e-002
      vertex  2.426756e-001  1.823573e-002  7.286689e-002
    endloop
  endfacet
  facet normal  1.112690e-001  5.287284e-001  8.414662e-001
    outer loop
      vertex  2.426756e-001  1.269016e-002  7.635140e-002
      vertex  2.426756e-001  1.823573e-002  7.286689e-002
      vertex  2.360000e-001  1.301651e-002  7.702907e-002
    endloop
  endfacet
  facet normal  1.112685e-001  5.287289e-001  8.414660e-001
    outer loop
      vertex  2.360000e-001  1.301651e-002  7.702907e-002
      vertex  2.426756e-001  1.823573e-002  7.286689e-002
      vertex  2.360000e-001  1.870470e-002  7.345495e-002
    endloop
  endfacet
  facet normal  9.432300e-001  1.096985e-001  3.135016e-001
    outer loop
      vertex  2.652479e-001  1.485467e-003  5.650826e-002
      vertex  2.652479e-001  2.896447e-003  5.601454e-002
      vertex  2.630291e-001  2.896447e-003  6.269017e-002
    endloop
  endfacet
  facet normal  9.432300e-001  1.096993e-001  3.135016e-001
    outer loop
      vertex  2.630291e-001  2.896447e-003  6.269017e-002
      vertex  2.652479e-001  2.896447e-003  5.601454e-002
      vertex  2.630291e-001  5.647653e-003  6.172747e-002
    endloop
  endfacet
  facet normal  8.452084e-001  1.765138e-001  5.044458e-001
    outer loop
      vertex  2.630291e-001  2.896447e-003  6.269017e-002
      vertex  2.630291e-001  5.647653e-003  6.172747e-002
      vertex  2.594550e-001  4.162186e-003  6.823573e-002
    endloop
  endfacet
  facet normal  8.452087e-001  1.765127e-001  5.044457e-001
    outer loop
      vertex  2.594550e-001  4.162186e-003  6.823573e-002
      vertex  2.630291e-001  5.647653e-003  6.172747e-002
      vertex  2.594550e-001  8.115663e-003  6.685235e-002
    endloop
  endfacet
  facet normal  7.048729e-001  2.342774e-001  6.695284e-001
    outer loop
      vertex  2.594550e-001  4.162186e-003  6.823573e-002
      vertex  2.594550e-001  8.115663e-003  6.685235e-002
      vertex  2.547047e-001  5.219216e-003  7.286689e-002
    endloop
  endfacet
  facet normal  7.048722e-001  2.342789e-001  6.695285e-001
    outer loop
      vertex  2.547047e-001  5.219216e-003  7.286689e-002
      vertex  2.594550e-001  8.115663e-003  6.685235e-002
      vertex  2.547047e-001  1.017672e-002  7.113218e-002
    endloop
  endfacet
  facet normal  5.296271e-001  2.801536e-001  8.006305e-001
    outer loop
      vertex  2.547047e-001  5.219216e-003  7.286689e-002
      vertex  2.547047e-001  1.017672e-002  7.113218e-002
      vertex  2.490165e-001  6.014533e-003  7.635140e-002
    endloop
  endfacet
  facet normal  5.296274e-001  2.801530e-001  8.006304e-001
    outer loop
      vertex  2.490165e-001  6.014533e-003  7.635140e-002
      vertex  2.547047e-001  1.017672e-002  7.113218e-002
      vertex  2.490165e-001  1.172747e-002  7.435235e-002
    endloop
  endfacet
  facet normal  3.284267e-001  3.119586e-001  8.915254e-001
    outer loop
      vertex  2.490165e-001  6.014533e-003  7.635140e-002
      vertex  2.490165e-001  1.172747e-002  7.435235e-002
      vertex  2.426756e-001  6.508256e-003  7.851454e-002
    endloop
  endfacet
  facet normal  3.284274e-001  3.119579e-001  8.915256e-001
    outer loop
      vertex  2.426756e-001  6.508256e-003  7.851454e-002
      vertex  2.490165e-001  1.172747e-002  7.435235e-002
      vertex  2.426756e-001  1.269016e-002  7.635140e-002
    endloop
  endfacet
  facet normal  1.112696e-001  3.282278e-001  9.380223e-001
    outer loop
      vertex  2.426756e-001  6.508256e-003  7.851454e-002
      vertex  2.426756e-001  1.269016e-002  7.635140e-002
      vertex  2.360000e-001  6.675628e-003  7.924785e-002
    endloop
  endfacet
  facet normal  1.112690e-001  3.282284e-001  9.380221e-001
    outer loop
      vertex  2.360000e-001  6.675628e-003  7.924785e-002
      vertex  2.426756e-001  1.269016e-002  7.635140e-002
      vertex  2.360000e-001  1.301651e-002  7.702907e-002
    endloop
  endfacet
  facet normal -3.339965e-002 -6.786852e-002  9.971350e-001
    outer loop
      vertex -4.983171e-001 -8.137157e-002  8.000001e-002
      vertex -5.020381e-001 -8.215727e-002  7.982188e-002
      vertex -5.020694e-001 -8.582690e-002  7.957107e-002
    endloop
  endfacet
  facet normal -7.520276e-001 -1.279642e-001  6.465908e-001
    outer loop
      vertex -5.219438e-001 -9.024722e-002  7.045581e-002
      vertex -5.248677e-001 -9.193628e-002  6.672093e-002
      vertex -5.233577e-001 -9.554779e-002  6.776229e-002
    endloop
  endfacet
  facet normal -6.967339e-001 -1.684654e-001  6.972671e-001
    outer loop
      vertex -5.219438e-001 -9.024722e-002  7.045581e-002
      vertex -5.233577e-001 -9.554779e-002  6.776229e-002
      vertex -5.197699e-001 -9.437826e-002  7.162995e-002
    endloop
  endfacet
  facet normal -6.261845e-001 -3.622401e-001  6.904166e-001
    outer loop
      vertex -5.197699e-001 -9.437826e-002  7.162995e-002
      vertex -5.233577e-001 -9.554779e-002  6.776229e-002
      vertex -5.210506e-001 -9.885802e-002  6.811806e-002
    endloop
  endfacet
  facet normal -5.178762e-001 -4.311701e-001  7.388482e-001
    outer loop
      vertex -5.197699e-001 -9.437826e-002  7.162995e-002
      vertex -5.210506e-001 -9.885802e-002  6.811806e-002
      vertex -5.166901e-001 -9.807744e-002  7.162995e-002
    endloop
  endfacet
  facet normal -4.521323e-001 -5.680800e-001  6.876493e-001
    outer loop
      vertex -5.210506e-001 -9.885802e-002  6.811806e-002
      vertex -5.181143e-001 -1.016256e-001  6.776229e-002
      vertex -5.166901e-001 -9.807744e-002  7.162995e-002
    endloop
  endfacet
  facet normal -2.871351e-001 -6.508457e-001  7.028181e-001
    outer loop
      vertex -5.130214e-001 -1.009639e-001  7.045581e-002
      vertex -5.166901e-001 -9.807744e-002  7.162995e-002
      vertex -5.181143e-001 -1.016256e-001  6.776229e-002
    endloop
  endfacet
  facet normal -2.426697e-001 -7.305226e-001  6.383168e-001
    outer loop
      vertex -5.130214e-001 -1.009639e-001  7.045581e-002
      vertex -5.181143e-001 -1.016256e-001  6.776229e-002
      vertex -5.147633e-001 -1.036487e-001  6.672094e-002
    endloop
  endfacet
  facet normal -4.056339e-001 -2.355673e-002  9.137320e-001
    outer loop
      vertex -5.107542e-001 -8.491275e-002  7.785074e-002
      vertex -5.147459e-001 -8.659678e-002  7.603528e-002
      vertex -5.129869e-001 -8.942684e-002  7.674318e-002
    endloop
  endfacet
  facet normal -3.252796e-001 -7.047959e-002  9.429876e-001
    outer loop
      vertex -5.107542e-001 -8.491275e-002  7.785074e-002
      vertex -5.129869e-001 -8.942684e-002  7.674318e-002
      vertex -5.086244e-001 -8.816373e-002  7.834240e-002
    endloop
  endfacet
  facet normal -2.815659e-001 -2.123052e-001  9.357601e-001
    outer loop
      vertex -5.129869e-001 -8.942684e-002  7.674318e-002
      vertex -5.109360e-001 -9.214677e-002  7.674318e-002
      vertex -5.086244e-001 -8.816373e-002  7.834240e-002
    endloop
  endfacet
  facet normal -1.701916e-001 -2.805091e-001  9.446425e-001
    outer loop
      vertex -5.062642e-001 -9.125143e-002  7.785074e-002
      vertex -5.086244e-001 -8.816373e-002  7.834240e-002
      vertex -5.109360e-001 -9.214677e-002  7.674318e-002
    endloop
  endfacet
  facet normal -1.412844e-001 -3.889415e-001  9.103643e-001
    outer loop
      vertex -5.062642e-001 -9.125143e-002  7.785074e-002
      vertex -5.109360e-001 -9.214677e-002  7.674318e-002
      vertex -5.086989e-001 -9.461633e-002  7.603528e-002
    endloop
  endfacet
  facet normal -1.508061e-001 -6.612954e-002  9.863490e-001
    outer loop
      vertex -5.020381e-001 -8.215727e-002  7.982188e-002
      vertex -5.073439e-001 -8.368117e-002  7.890850e-002
      vertex -5.020694e-001 -8.582690e-002  7.957107e-002
    endloop
  endfacet
  facet normal -1.072260e-001  4.314124e-002  9.932983e-001
    outer loop
      vertex -5.020694e-001 -8.582690e-002  7.957107e-002
      vertex -5.073439e-001 -8.368117e-002  7.890850e-002
      vertex -5.057907e-001 -8.609881e-002  7.918117e-002
    endloop
  endfacet
  facet normal -8.986573e-002 -1.758176e-001  9.803123e-001
    outer loop
      vertex -5.020694e-001 -8.582690e-002  7.957107e-002
      vertex -5.057907e-001 -8.609881e-002  7.918117e-002
      vertex -5.041499e-001 -8.845783e-002  7.890850e-002
    endloop
  endfacet
  facet normal -9.633596e-001 -2.569523e-001  7.690230e-002
    outer loop
      vertex -5.294651e-001 -9.480935e-002  5.429177e-002
      vertex -5.297568e-001 -9.500001e-002  5.000000e-002
      vertex -5.282171e-001 -9.937242e-002  5.467886e-002
    endloop
  endfacet
  facet normal -9.639474e-001 -2.537564e-001  8.008237e-002
    outer loop
      vertex -5.282171e-001 -9.937242e-002  5.467886e-002
      vertex -5.297568e-001 -9.500001e-002  5.000000e-002
      vertex -5.285371e-001 -9.963363e-002  5.000000e-002
    endloop
  endfacet
  facet normal -8.342178e-001 -5.444582e-001  8.744036e-002
    outer loop
      vertex -5.282171e-001 -9.937242e-002  5.467886e-002
      vertex -5.285371e-001 -9.963363e-002  5.000000e-002
      vertex -5.256141e-001 -1.033392e-001  5.481236e-002
    endloop
  endfacet
  facet normal -8.342342e-001 -5.444279e-001  8.747365e-002
    outer loop
      vertex -5.256141e-001 -1.033392e-001  5.481236e-002
      vertex -5.285371e-001 -9.963363e-002  5.000000e-002
      vertex -5.259184e-001 -1.036462e-001  5.000000e-002
    endloop
  endfacet
  facet normal -6.222579e-001 -7.777417e-001  8.895476e-002
    outer loop
      vertex -5.256141e-001 -1.033392e-001  5.481236e-002
      vertex -5.259184e-001 -1.036462e-001  5.000000e-002
      vertex -5.219169e-001 -1.063126e-001  5.467886e-002
    endloop
  endfacet
  facet normal -6.200794e-001 -7.798216e-001  8.590631e-002
    outer loop
      vertex -5.219169e-001 -1.063126e-001  5.467886e-002
      vertex -5.259184e-001 -1.036462e-001  5.000000e-002
      vertex -5.221680e-001 -1.066283e-001  5.000000e-002
    endloop
  endfacet
  facet normal -3.481574e-001 -9.338688e-001  8.170440e-002
    outer loop
      vertex -5.219169e-001 -1.063126e-001  5.467886e-002
      vertex -5.221680e-001 -1.066283e-001  5.000000e-002
      vertex -5.174955e-001 -1.079949e-001  5.429177e-002
    endloop
  endfacet
  facet normal -3.428392e-001 -9.363863e-001  7.511269e-002
    outer loop
      vertex -5.174955e-001 -1.079949e-001  5.429177e-002
      vertex -5.221680e-001 -1.066283e-001  5.000000e-002
      vertex -5.176687e-001 -1.082757e-001  5.000000e-002
    endloop
  endfacet
  facet normal -9.418526e-001 -2.480500e-001  2.266821e-001
    outer loop
      vertex -5.286239e-001 -9.426472e-002  5.838308e-002
      vertex -5.294651e-001 -9.480935e-002  5.429177e-002
      vertex -5.273032e-001 -9.863219e-002  5.909101e-002
    endloop
  endfacet
  facet normal -9.424304e-001 -2.378078e-001  2.351008e-001
    outer loop
      vertex -5.273032e-001 -9.863219e-002  5.909101e-002
      vertex -5.294651e-001 -9.480935e-002  5.429177e-002
      vertex -5.282171e-001 -9.937242e-002  5.467886e-002
    endloop
  endfacet
  facet normal -8.120427e-001 -5.243697e-001  2.561704e-001
    outer loop
      vertex -5.273032e-001 -9.863219e-002  5.909101e-002
      vertex -5.282171e-001 -9.937242e-002  5.467886e-002
      vertex -5.247480e-001 -1.024703e-001  5.933468e-002
    endloop
  endfacet
  facet normal -8.120840e-001 -5.242522e-001  2.562793e-001
    outer loop
      vertex -5.247480e-001 -1.024703e-001  5.933468e-002
      vertex -5.282171e-001 -9.937242e-002  5.467886e-002
      vertex -5.256141e-001 -1.033392e-001  5.481236e-002
    endloop
  endfacet
  facet normal -6.060081e-001 -7.515977e-001  2.604902e-001
    outer loop
      vertex -5.247480e-001 -1.024703e-001  5.933468e-002
      vertex -5.256141e-001 -1.033392e-001  5.481236e-002
      vertex -5.212001e-001 -1.054154e-001  5.909101e-002
    endloop
  endfacet
  facet normal -6.009479e-001 -7.585592e-001  2.518919e-001
    outer loop
      vertex -5.212001e-001 -1.054154e-001  5.909101e-002
      vertex -5.256141e-001 -1.033392e-001  5.481236e-002
      vertex -5.219169e-001 -1.063126e-001  5.467886e-002
    endloop
  endfacet
  facet normal -3.425352e-001 -9.082409e-001  2.403498e-001
    outer loop
      vertex -5.212001e-001 -1.054154e-001  5.909101e-002
      vertex -5.219169e-001 -1.063126e-001  5.467886e-002
      vertex -5.169958e-001 -1.071883e-001  5.838309e-002
    endloop
  endfacet
  facet normal -3.298168e-001 -9.177639e-001  2.212020e-001
    outer loop
      vertex -5.169958e-001 -1.071883e-001  5.838309e-002
      vertex -5.219169e-001 -1.063126e-001  5.467886e-002
      vertex -5.174955e-001 -1.079949e-001  5.429177e-002
    endloop
  endfacet
  facet normal -8.966595e-001 -2.287121e-001  3.790679e-001
    outer loop
      vertex -5.269870e-001 -9.322891e-002  6.287988e-002
      vertex -5.286239e-001 -9.426472e-002  5.838308e-002
      vertex -5.255589e-001 -9.724566e-002  6.383458e-002
    endloop
  endfacet
  facet normal -8.968070e-001 -2.078680e-001  3.905486e-001
    outer loop
      vertex -5.255589e-001 -9.724566e-002  6.383458e-002
      vertex -5.286239e-001 -9.426472e-002  5.838308e-002
      vertex -5.273032e-001 -9.863219e-002  5.909101e-002
    endloop
  endfacet
  facet normal -7.661358e-001 -4.837318e-001  4.231305e-001
    outer loop
      vertex -5.255589e-001 -9.724566e-002  6.383458e-002
      vertex -5.273032e-001 -9.863219e-002  5.909101e-002
      vertex -5.231052e-001 -1.008453e-001  6.416209e-002
    endloop
  endfacet
  facet normal -7.662595e-001 -4.832695e-001  4.234347e-001
    outer loop
      vertex -5.231052e-001 -1.008453e-001  6.416209e-002
      vertex -5.273032e-001 -9.863219e-002  5.909101e-002
      vertex -5.247480e-001 -1.024703e-001  5.933468e-002
    endloop
  endfacet
  facet normal -5.717192e-001 -6.988600e-001  4.298046e-001
    outer loop
      vertex -5.231052e-001 -1.008453e-001  6.416209e-002
      vertex -5.247480e-001 -1.024703e-001  5.933468e-002
      vertex -5.198343e-001 -1.037226e-001  6.383458e-002
    endloop
  endfacet
  facet normal -5.634754e-001 -7.132913e-001  4.167866e-001
    outer loop
      vertex -5.198343e-001 -1.037226e-001  6.383458e-002
      vertex -5.247480e-001 -1.024703e-001  5.933468e-002
      vertex -5.212001e-001 -1.054154e-001  5.909101e-002
    endloop
  endfacet
  facet normal -3.287826e-001 -8.555278e-001  3.999678e-001
    outer loop
      vertex -5.198343e-001 -1.037226e-001  6.383458e-002
      vertex -5.212001e-001 -1.054154e-001  5.909101e-002
      vertex -5.160235e-001 -1.056334e-001  6.287988e-002
    endloop
  endfacet
  facet normal -3.075033e-001 -8.768044e-001  3.696698e-001
    outer loop
      vertex -5.160235e-001 -1.056334e-001  6.287988e-002
      vertex -5.212001e-001 -1.054154e-001  5.909101e-002
      vertex -5.169958e-001 -1.071883e-001  5.838309e-002
    endloop
  endfacet
  facet normal -8.292657e-001 -1.957639e-001  5.234454e-001
    outer loop
      vertex -5.248677e-001 -9.193628e-002  6.672093e-002
      vertex -5.269870e-001 -9.322891e-002  6.287988e-002
      vertex -5.233577e-001 -9.554779e-002  6.776229e-002
    endloop
  endfacet
  facet normal -8.276052e-001 -1.668762e-001  5.359311e-001
    outer loop
      vertex -5.233577e-001 -9.554779e-002  6.776229e-002
      vertex -5.269870e-001 -9.322891e-002  6.287988e-002
      vertex -5.255589e-001 -9.724566e-002  6.383458e-002
    endloop
  endfacet
  facet normal -6.987178e-001 -4.251613e-001  5.753531e-001
    outer loop
      vertex -5.233577e-001 -9.554779e-002  6.776229e-002
      vertex -5.255589e-001 -9.724566e-002  6.383458e-002
      vertex -5.210506e-001 -9.885802e-002  6.811806e-002
    endloop
  endfacet
  facet normal -6.989035e-001 -4.239960e-001  5.759872e-001
    outer loop
      vertex -5.210506e-001 -9.885802e-002  6.811806e-002
      vertex -5.255589e-001 -9.724566e-002  6.383458e-002
      vertex -5.231052e-001 -1.008453e-001  6.416209e-002
    endloop
  endfacet
  facet normal -5.185493e-001 -6.251381e-001  5.833601e-001
    outer loop
      vertex -5.210506e-001 -9.885802e-002  6.811806e-002
      vertex -5.231052e-001 -1.008453e-001  6.416209e-002
      vertex -5.181143e-001 -1.016256e-001  6.776229e-002
    endloop
  endfacet
  facet normal -5.107234e-001 -6.452664e-001  5.681487e-001
    outer loop
      vertex -5.181143e-001 -1.016256e-001  6.776229e-002
      vertex -5.231052e-001 -1.008453e-001  6.416209e-002
      vertex -5.198343e-001 -1.037226e-001  6.383458e-002
    endloop
  endfacet
  facet normal -3.007167e-001 -7.803404e-001  5.483049e-001
    outer loop
      vertex -5.181143e-001 -1.016256e-001  6.776229e-002
      vertex -5.198343e-001 -1.037226e-001  6.383458e-002
      vertex -5.147633e-001 -1.036487e-001  6.672094e-002
    endloop
  endfacet
  facet normal -2.793118e-001 -8.126050e-001  5.115253e-001
    outer loop
      vertex -5.147633e-001 -1.036487e-001  6.672094e-002
      vertex -5.198343e-001 -1.037226e-001  6.383458e-002
      vertex -5.160235e-001 -1.056334e-001  6.287988e-002
    endloop
  endfacet
  facet normal -6.274019e-001 -1.477971e-001  7.645410e-001
    outer loop
      vertex -5.188301e-001 -8.857585e-002  7.333411e-002
      vertex -5.219438e-001 -9.024722e-002  7.045581e-002
      vertex -5.167841e-001 -9.211266e-002  7.432941e-002
    endloop
  endfacet
  facet normal -6.212631e-001 -1.062695e-001  7.763627e-001
    outer loop
      vertex -5.167841e-001 -9.211266e-002  7.432941e-002
      vertex -5.219438e-001 -9.024722e-002  7.045581e-002
      vertex -5.197699e-001 -9.437826e-002  7.162995e-002
    endloop
  endfacet
  facet normal -4.566064e-001 -3.649712e-001  8.113610e-001
    outer loop
      vertex -5.167841e-001 -9.211266e-002  7.432941e-002
      vertex -5.197699e-001 -9.437826e-002  7.162995e-002
      vertex -5.141584e-001 -9.539765e-002  7.432941e-002
    endloop
  endfacet
  facet normal -4.561406e-001 -3.797707e-001  8.048043e-001
    outer loop
      vertex -5.141584e-001 -9.539765e-002  7.432941e-002
      vertex -5.197699e-001 -9.437826e-002  7.162995e-002
      vertex -5.166901e-001 -9.807744e-002  7.162995e-002
    endloop
  endfacet
  facet normal -2.532352e-001 -5.573064e-001  7.907475e-001
    outer loop
      vertex -5.141584e-001 -9.539765e-002  7.432941e-002
      vertex -5.166901e-001 -9.807744e-002  7.162995e-002
      vertex -5.111592e-001 -9.817261e-002  7.333411e-002
    endloop
  endfacet
  facet normal -2.421502e-001 -6.135253e-001  7.516316e-001
    outer loop
      vertex -5.111592e-001 -9.817261e-002  7.333411e-002
      vertex -5.166901e-001 -9.807744e-002  7.162995e-002
      vertex -5.130214e-001 -1.009639e-001  7.045581e-002
    endloop
  endfacet
  facet normal -5.125306e-001 -1.053939e-001  8.521762e-001
    outer loop
      vertex -5.147459e-001 -8.659678e-002  7.603528e-002
      vertex -5.188301e-001 -8.857585e-002  7.333411e-002
      vertex -5.129869e-001 -8.942684e-002  7.674318e-002
    endloop
  endfacet
  facet normal -5.089396e-001 -5.263137e-002  8.591918e-001
    outer loop
      vertex -5.129869e-001 -8.942684e-002  7.674318e-002
      vertex -5.188301e-001 -8.857585e-002  7.333411e-002
      vertex -5.167841e-001 -9.211266e-002  7.432941e-002
    endloop
  endfacet
  facet normal -3.679329e-001 -2.774273e-001  8.875018e-001
    outer loop
      vertex -5.129869e-001 -8.942684e-002  7.674318e-002
      vertex -5.167841e-001 -9.211266e-002  7.432941e-002
      vertex -5.109360e-001 -9.214677e-002  7.674318e-002
    endloop
  endfacet
  facet normal -3.662688e-001 -2.927633e-001  8.832535e-001
    outer loop
      vertex -5.109360e-001 -9.214677e-002  7.674318e-002
      vertex -5.167841e-001 -9.211266e-002  7.432941e-002
      vertex -5.141584e-001 -9.539765e-002  7.432941e-002
    endloop
  endfacet
  facet normal -2.097751e-001 -4.402779e-001  8.730119e-001
    outer loop
      vertex -5.109360e-001 -9.214677e-002  7.674318e-002
      vertex -5.141584e-001 -9.539765e-002  7.432941e-002
      vertex -5.086989e-001 -9.461633e-002  7.603528e-002
    endloop
  endfacet
  facet normal -1.901281e-001 -5.070201e-001  8.407032e-001
    outer loop
      vertex -5.086989e-001 -9.461633e-002  7.603528e-002
      vertex -5.141584e-001 -9.539765e-002  7.432941e-002
      vertex -5.111592e-001 -9.817261e-002  7.333411e-002
    endloop
  endfacet
  facet normal -2.733032e-001 -6.735545e-002  9.595670e-001
    outer loop
      vertex -5.073439e-001 -8.368117e-002  7.890850e-002
      vertex -5.107542e-001 -8.491275e-002  7.785074e-002
      vertex -5.057907e-001 -8.609881e-002  7.918117e-002
    endloop
  endfacet
  facet normal -2.650072e-001 -2.784059e-002  9.638444e-001
    outer loop
      vertex -5.057907e-001 -8.609881e-002  7.918117e-002
      vertex -5.107542e-001 -8.491275e-002  7.785074e-002
      vertex -5.086244e-001 -8.816373e-002  7.834240e-002
    endloop
  endfacet
  facet normal -1.361642e-001 -2.067005e-001  9.688830e-001
    outer loop
      vertex -5.057907e-001 -8.609881e-002  7.918117e-002
      vertex -5.086244e-001 -8.816373e-002  7.834240e-002
      vertex -5.041499e-001 -8.845783e-002  7.890850e-002
    endloop
  endfacet
  facet normal -1.379284e-001 -2.577082e-001  9.563275e-001
    outer loop
      vertex -5.041499e-001 -8.845783e-002  7.890850e-002
      vertex -5.086244e-001 -8.816373e-002  7.834240e-002
      vertex -5.062642e-001 -9.125143e-002  7.785074e-002
    endloop
  endfacet
  facet normal -9.936519e-001 -1.105894e-002  1.119537e-001
    outer loop
      vertex -5.299994e-001 -9.024914e-002  5.000000e-002
      vertex -5.294651e-001 -9.480935e-002  5.429177e-002
      vertex -5.292473e-001 -9.024916e-002  5.667563e-002
    endloop
  endfacet
  facet normal -5.605415e-001  2.711740e-002  8.276823e-001
    outer loop
      vertex -5.185502e-001 -8.647702e-002  7.345495e-002
      vertex -5.188301e-001 -8.857585e-002  7.333411e-002
      vertex -5.147459e-001 -8.659678e-002  7.603528e-002
    endloop
  endfacet
  facet normal -1.016912e-001  4.558235e-002  9.937712e-001
    outer loop
      vertex -4.967489e-001 -7.787307e-002  8.000001e-002
      vertex -5.031140e-001 -7.567496e-002  7.924785e-002
      vertex -4.983171e-001 -8.137157e-002  8.000001e-002
    endloop
  endfacet
  facet normal -7.518818e-001 -1.284003e-001  6.466739e-001
    outer loop
      vertex -5.234544e-001 -9.022067e-002  6.870470e-002
      vertex -5.248677e-001 -9.193628e-002  6.672093e-002
      vertex -5.219438e-001 -9.024722e-002  7.045581e-002
    endloop
  endfacet
  facet normal -9.962506e-001 -5.086317e-002  6.998319e-002
    outer loop
      vertex -5.294651e-001 -9.480935e-002  5.429177e-002
      vertex -5.299994e-001 -9.024914e-002  5.000000e-002
      vertex -5.297568e-001 -9.500001e-002  5.000000e-002
    endloop
  endfacet
  facet normal -7.051171e-001  5.334630e-002  7.070814e-001
    outer loop
      vertex -5.185502e-001 -8.647702e-002  7.345495e-002
      vertex -5.232822e-001 -8.606169e-002  6.870470e-002
      vertex -5.188301e-001 -8.857585e-002  7.333411e-002
    endloop
  endfacet
  facet normal -4.286282e-001  4.310795e-002  9.024520e-001
    outer loop
      vertex -5.147459e-001 -8.659678e-002  7.603528e-002
      vertex -5.107542e-001 -8.491275e-002  7.785074e-002
      vertex -5.122772e-001 -8.285512e-002  7.702907e-002
    endloop
  endfacet
  facet normal -5.189618e-001  1.175218e-001  8.466802e-001
    outer loop
      vertex -5.178478e-001 -8.170465e-002  7.345495e-002
      vertex -5.147459e-001 -8.659678e-002  7.603528e-002
      vertex -5.122772e-001 -8.285512e-002  7.702907e-002
    endloop
  endfacet
  facet normal -1.743528e-001  1.693900e-002  9.845376e-001
    outer loop
      vertex -5.051307e-001 -8.062440e-002  7.924785e-002
      vertex -5.073439e-001 -8.368117e-002  7.890850e-002
      vertex -5.020381e-001 -8.215727e-002  7.982188e-002
    endloop
  endfacet
  facet normal -3.086405e-001  1.186949e-001  9.437439e-001
    outer loop
      vertex -5.051307e-001 -8.062440e-002  7.924785e-002
      vertex -5.111593e-001 -7.865898e-002  7.702907e-002
      vertex -5.073439e-001 -8.368117e-002  7.890850e-002
    endloop
  endfacet
  facet normal -8.462547e-001  3.504703e-002  5.316246e-001
    outer loop
      vertex -5.268426e-001 -8.574921e-002  6.301652e-002
      vertex -5.234544e-001 -9.022067e-002  6.870470e-002
      vertex -5.232822e-001 -8.606169e-002  6.870470e-002
    endloop
  endfacet
  facet normal -7.565809e-001  3.133326e-002  6.531488e-001
    outer loop
      vertex -5.232822e-001 -8.606169e-002  6.870470e-002
      vertex -5.234544e-001 -9.022067e-002  6.870470e-002
      vertex -5.219438e-001 -9.024722e-002  7.045581e-002
    endloop
  endfacet
  facet normal -6.982120e-001  7.461596e-002  7.119920e-001
    outer loop
      vertex -5.232822e-001 -8.606169e-002  6.870470e-002
      vertex -5.219438e-001 -9.024722e-002  7.045581e-002
      vertex -5.188301e-001 -8.857585e-002  7.333411e-002
    endloop
  endfacet
  facet normal -8.462545e-001  3.504756e-002  5.316249e-001
    outer loop
      vertex -5.234544e-001 -9.022067e-002  6.870470e-002
      vertex -5.268426e-001 -8.574921e-002  6.301652e-002
      vertex -5.270285e-001 -9.023825e-002  6.301652e-002
    endloop
  endfacet
  facet normal -9.431849e-001  3.906192e-002  3.299645e-001
    outer loop
      vertex -5.270285e-001 -9.023825e-002  6.301652e-002
      vertex -5.268426e-001 -8.574921e-002  6.301652e-002
      vertex -5.290529e-001 -8.555522e-002  5.667563e-002
    endloop
  endfacet
  facet normal -9.431849e-001  3.906149e-002  3.299643e-001
    outer loop
      vertex -5.270285e-001 -9.023825e-002  6.301652e-002
      vertex -5.290529e-001 -8.555522e-002  5.667563e-002
      vertex -5.292473e-001 -9.024916e-002  5.667563e-002
    endloop
  endfacet
  facet normal -9.928683e-001  4.111911e-002  1.119010e-001
    outer loop
      vertex -5.292473e-001 -9.024916e-002  5.667563e-002
      vertex -5.290529e-001 -8.555522e-002  5.667563e-002
      vertex -5.298029e-001 -8.549787e-002  5.000000e-002
    endloop
  endfacet
  facet normal -9.928743e-001  4.106963e-002  1.118663e-001
    outer loop
      vertex -5.292473e-001 -9.024916e-002  5.667563e-002
      vertex -5.298029e-001 -8.549787e-002  5.000000e-002
      vertex -5.299994e-001 -9.024914e-002  5.000000e-002
    endloop
  endfacet
  facet normal -8.186107e-001  2.178671e-001  5.314229e-001
    outer loop
      vertex -5.224999e-001 -8.074389e-002  6.870470e-002
      vertex -5.244817e-001 -7.431567e-002  6.301652e-002
      vertex -5.260001e-001 -8.002101e-002  6.301652e-002
    endloop
  endfacet
  facet normal -9.122826e-001  2.427971e-001  3.298334e-001
    outer loop
      vertex -5.260001e-001 -8.002101e-002  6.301652e-002
      vertex -5.244817e-001 -7.431567e-002  6.301652e-002
      vertex -5.265912e-001 -7.362794e-002  5.667563e-002
    endloop
  endfacet
  facet normal -9.122974e-001  2.427729e-001  3.298104e-001
    outer loop
      vertex -5.260001e-001 -8.002101e-002  6.301652e-002
      vertex -5.265912e-001 -7.362794e-002  5.667563e-002
      vertex -5.281731e-001 -7.957225e-002  5.667563e-002
    endloop
  endfacet
  facet normal -9.602821e-001  2.555421e-001  1.120562e-001
    outer loop
      vertex -5.281731e-001 -7.957225e-002  5.667563e-002
      vertex -5.265912e-001 -7.362794e-002  5.667563e-002
      vertex -5.273164e-001 -7.342567e-002  5.000000e-002
    endloop
  endfacet
  facet normal -9.604779e-001  2.550246e-001  1.115546e-001
    outer loop
      vertex -5.281731e-001 -7.957225e-002  5.667563e-002
      vertex -5.273164e-001 -7.342567e-002  5.000000e-002
      vertex -5.289155e-001 -7.944831e-002  5.000000e-002
    endloop
  endfacet
  facet normal -8.185821e-001  2.179023e-001  5.314527e-001
    outer loop
      vertex -5.244817e-001 -7.431567e-002  6.301652e-002
      vertex -5.224999e-001 -8.074389e-002  6.870470e-002
      vertex -5.210837e-001 -7.542350e-002  6.870470e-002
    endloop
  endfacet
  facet normal -6.838548e-001  1.820386e-001  7.065440e-001
    outer loop
      vertex -5.210837e-001 -7.542350e-002  6.870470e-002
      vertex -5.224999e-001 -8.074389e-002  6.870470e-002
      vertex -5.178478e-001 -8.170465e-002  7.345495e-002
    endloop
  endfacet
  facet normal -6.838128e-001  1.820825e-001  7.065734e-001
    outer loop
      vertex -5.210837e-001 -7.542350e-002  6.870470e-002
      vertex -5.178478e-001 -8.170465e-002  7.345495e-002
      vertex -5.165673e-001 -7.689589e-002  7.345495e-002
    endloop
  endfacet
  facet normal -5.147092e-001  1.370544e-001  8.463395e-001
    outer loop
      vertex -5.165673e-001 -7.689589e-002  7.345495e-002
      vertex -5.178478e-001 -8.170465e-002  7.345495e-002
      vertex -5.122772e-001 -8.285512e-002  7.702907e-002
    endloop
  endfacet
  facet normal -5.146543e-001  1.371087e-001  8.463641e-001
    outer loop
      vertex -5.165673e-001 -7.689589e-002  7.345495e-002
      vertex -5.122772e-001 -8.285512e-002  7.702907e-002
      vertex -5.111593e-001 -7.865898e-002  7.702907e-002
    endloop
  endfacet
  facet normal -3.669864e-001  9.776855e-002  9.250742e-001
    outer loop
      vertex -5.111593e-001 -7.865898e-002  7.702907e-002
      vertex -5.122772e-001 -8.285512e-002  7.702907e-002
      vertex -5.107542e-001 -8.491275e-002  7.785074e-002
    endloop
  endfacet
  facet normal -3.281567e-001  1.021252e-001  9.390866e-001
    outer loop
      vertex -5.111593e-001 -7.865898e-002  7.702907e-002
      vertex -5.107542e-001 -8.491275e-002  7.785074e-002
      vertex -5.073439e-001 -8.368117e-002  7.890850e-002
    endloop
  endfacet
  facet normal -7.849661e-001  3.190498e-001  5.310703e-001
    outer loop
      vertex -5.210837e-001 -7.542350e-002  6.870470e-002
      vertex -5.214083e-001 -6.675404e-002  6.301652e-002
      vertex -5.244817e-001 -7.431567e-002  6.301652e-002
    endloop
  endfacet
  facet normal -8.746321e-001  3.554946e-001  3.296092e-001
    outer loop
      vertex -5.244817e-001 -7.431567e-002  6.301652e-002
      vertex -5.214083e-001 -6.675404e-002  6.301652e-002
      vertex -5.234026e-001 -6.578156e-002  5.667563e-002
    endloop
  endfacet
  facet normal -8.746763e-001  3.554494e-001  3.295407e-001
    outer loop
      vertex -5.244817e-001 -7.431567e-002  6.301652e-002
      vertex -5.234026e-001 -6.578156e-002  5.667563e-002
      vertex -5.265912e-001 -7.362794e-002  5.667563e-002
    endloop
  endfacet
  facet normal -9.205206e-001  3.740795e-001  1.127229e-001
    outer loop
      vertex -5.265912e-001 -7.362794e-002  5.667563e-002
      vertex -5.234026e-001 -6.578156e-002  5.667563e-002
      vertex -5.241234e-001 -6.554374e-002  5.000000e-002
    endloop
  endfacet
  facet normal -9.210745e-001  3.731230e-001  1.113598e-001
    outer loop
      vertex -5.265912e-001 -7.362794e-002  5.667563e-002
      vertex -5.241234e-001 -6.554374e-002  5.000000e-002
      vertex -5.273164e-001 -7.342567e-002  5.000000e-002
    endloop
  endfacet
  facet normal -7.848783e-001  3.191132e-001  5.311618e-001
    outer loop
      vertex -5.214083e-001 -6.675404e-002  6.301652e-002
      vertex -5.210837e-001 -7.542350e-002  6.870470e-002
      vertex -5.181957e-001 -6.832059e-002  6.870470e-002
    endloop
  endfacet
  facet normal -6.558620e-001  2.666582e-001  7.062141e-001
    outer loop
      vertex -5.181957e-001 -6.832059e-002  6.870470e-002
      vertex -5.210837e-001 -7.542350e-002  6.870470e-002
      vertex -5.165673e-001 -7.689589e-002  7.345495e-002
    endloop
  endfacet
  facet normal -6.557368e-001  2.667311e-001  7.063029e-001
    outer loop
      vertex -5.181957e-001 -6.832059e-002  6.870470e-002
      vertex -5.165673e-001 -7.689589e-002  7.345495e-002
      vertex -5.139261e-001 -7.040262e-002  7.345495e-002
    endloop
  endfacet
  facet normal -4.937171e-001  2.008271e-001  8.461157e-001
    outer loop
      vertex -5.139261e-001 -7.040262e-002  7.345495e-002
      vertex -5.165673e-001 -7.689589e-002  7.345495e-002
      vertex -5.111593e-001 -7.865898e-002  7.702907e-002
    endloop
  endfacet
  facet normal -4.935710e-001  2.009050e-001  8.461825e-001
    outer loop
      vertex -5.139261e-001 -7.040262e-002  7.345495e-002
      vertex -5.111593e-001 -7.865898e-002  7.702907e-002
      vertex -5.088134e-001 -7.289576e-002  7.702907e-002
    endloop
  endfacet
  facet normal -3.066041e-001  1.248013e-001  9.436200e-001
    outer loop
      vertex -5.088134e-001 -7.289576e-002  7.702907e-002
      vertex -5.111593e-001 -7.865898e-002  7.702907e-002
      vertex -5.051307e-001 -8.062440e-002  7.924785e-002
    endloop
  endfacet
  facet normal -3.064730e-001  1.248733e-001  9.436530e-001
    outer loop
      vertex -5.088134e-001 -7.289576e-002  7.702907e-002
      vertex -5.051307e-001 -8.062440e-002  7.924785e-002
      vertex -5.031140e-001 -7.567496e-002  7.924785e-002
    endloop
  endfacet
  facet normal -1.523271e-001  6.206609e-002  9.863794e-001
    outer loop
      vertex -5.031140e-001 -7.567496e-002  7.924785e-002
      vertex -5.051307e-001 -8.062440e-002  7.924785e-002
      vertex -5.020381e-001 -8.215727e-002  7.982188e-002
    endloop
  endfacet
  facet normal -6.398626e-002  7.748674e-002  9.949380e-001
    outer loop
      vertex -5.031140e-001 -7.567496e-002  7.924785e-002
      vertex -5.020381e-001 -8.215727e-002  7.982188e-002
      vertex -4.983171e-001 -8.137157e-002  8.000001e-002
    endloop
  endfacet
  facet normal -3.737815e-001  9.204798e-001  1.140370e-001
    outer loop
      vertex -4.522204e-001 -6.999853e-003  5.000000e-002
      vertex -4.318247e-001  4.552537e-004  5.667563e-002
      vertex -4.324916e-001  1.011478e-003  5.000000e-002
    endloop
  endfacet
  facet normal -3.137153e-001  9.431328e-001  1.099238e-001
    outer loop
      vertex -4.324916e-001  1.011478e-003  5.000000e-002
      vertex -4.318247e-001  4.552537e-004  5.667563e-002
      vertex -4.106608e-001  7.495010e-003  5.667563e-002
    endloop
  endfacet
  facet normal -3.143910e-001  9.425840e-001  1.126664e-001
    outer loop
      vertex -4.324916e-001  1.011478e-003  5.000000e-002
      vertex -4.106608e-001  7.495010e-003  5.667563e-002
      vertex -4.110434e-001  8.165331e-003  5.000000e-002
    endloop
  endfacet
  facet normal -2.612822e-001  9.588296e-001  1.112539e-001
    outer loop
      vertex -4.110434e-001  8.165331e-003  5.000000e-002
      vertex -4.106608e-001  7.495010e-003  5.667563e-002
      vertex -3.891024e-001  1.336970e-002  5.667563e-002
    endloop
  endfacet
  facet normal -2.619611e-001  9.583372e-001  1.138692e-001
    outer loop
      vertex -4.110434e-001  8.165331e-003  5.000000e-002
      vertex -3.891024e-001  1.336970e-002  5.667563e-002
      vertex -3.897895e-001  1.397510e-002  5.000000e-002
    endloop
  endfacet
  facet normal -2.142975e-001  9.705467e-001  1.100713e-001
    outer loop
      vertex -3.897895e-001  1.397510e-002  5.000000e-002
      vertex -3.891024e-001  1.336970e-002  5.667563e-002
      vertex -3.667903e-001  1.829623e-002  5.667563e-002
    endloop
  endfacet
  facet normal -2.151987e-001  9.699445e-001  1.135657e-001
    outer loop
      vertex -3.897895e-001  1.397510e-002  5.000000e-002
      vertex -3.667903e-001  1.829623e-002  5.667563e-002
      vertex -3.674023e-001  1.894207e-002  5.000000e-002
    endloop
  endfacet
  facet normal -1.708153e-001  9.791005e-001  1.103826e-001
    outer loop
      vertex -3.674023e-001  1.894207e-002  5.000000e-002
      vertex -3.667903e-001  1.829623e-002  5.667563e-002
      vertex -3.438841e-001  2.229248e-002  5.667563e-002
    endloop
  endfacet
  facet normal -1.712768e-001  9.788190e-001  1.121498e-001
    outer loop
      vertex -3.674023e-001  1.894207e-002  5.000000e-002
      vertex -3.438841e-001  2.229248e-002  5.667563e-002
      vertex -3.440636e-001  2.302596e-002  5.000000e-002
    endloop
  endfacet
  facet normal -1.265044e-001  9.856572e-001  1.116978e-001
    outer loop
      vertex -3.440636e-001  2.302596e-002  5.000000e-002
      vertex -3.438841e-001  2.229248e-002  5.667563e-002
      vertex -3.163673e-001  2.582414e-002  5.667563e-002
    endloop
  endfacet
  facet normal -1.267772e-001  9.854851e-001  1.129015e-001
    outer loop
      vertex -3.440636e-001  2.302596e-002  5.000000e-002
      vertex -3.163673e-001  2.582414e-002  5.667563e-002
      vertex -3.167258e-001  2.654281e-002  5.000000e-002
    endloop
  endfacet
  facet normal -8.107354e-002  9.905093e-001  1.109881e-001
    outer loop
      vertex -3.167258e-001  2.654281e-002  5.000000e-002
      vertex -3.163673e-001  2.582414e-002  5.667563e-002
      vertex -2.884265e-001  2.811110e-002  5.667563e-002
    endloop
  endfacet
  facet normal -8.145940e-002  9.902871e-001  1.126760e-001
    outer loop
      vertex -3.167258e-001  2.654281e-002  5.000000e-002
      vertex -2.884265e-001  2.811110e-002  5.667563e-002
      vertex -2.886946e-001  2.884861e-002  5.000000e-002
    endloop
  endfacet
  facet normal -3.722490e-002  9.930995e-001  1.112100e-001
    outer loop
      vertex -2.886946e-001  2.884861e-002  5.000000e-002
      vertex -2.884265e-001  2.811110e-002  5.667563e-002
      vertex -2.602473e-001  2.916736e-002  5.667563e-002
    endloop
  endfacet
  facet normal -3.739639e-002  9.930105e-001  1.119451e-001
    outer loop
      vertex -2.886946e-001  2.884861e-002  5.000000e-002
      vertex -2.602473e-001  2.916736e-002  5.667563e-002
      vertex -2.602614e-001  2.991939e-002  5.000000e-002
    endloop
  endfacet
  facet normal -3.730453e-001  9.211439e-001  1.110460e-001
    outer loop
      vertex -4.318247e-001  4.552537e-004  5.667563e-002
      vertex -4.522204e-001 -6.999853e-003  5.000000e-002
      vertex -4.517658e-001 -7.620491e-003  5.667563e-002
    endloop
  endfacet
  facet normal -4.384057e-001  8.916759e-001  1.127578e-001
    outer loop
      vertex -4.517658e-001 -7.620491e-003  5.667563e-002
      vertex -4.522204e-001 -6.999853e-003  5.000000e-002
      vertex -4.694543e-001 -1.547317e-002  5.000000e-002
    endloop
  endfacet
  facet normal -4.376008e-001  8.924509e-001  1.097133e-001
    outer loop
      vertex -4.517658e-001 -7.620491e-003  5.667563e-002
      vertex -4.694543e-001 -1.547317e-002  5.000000e-002
      vertex -4.687654e-001 -1.595604e-002  5.667563e-002
    endloop
  endfacet
  facet normal -4.905098e-001  8.640624e-001  1.131199e-001
    outer loop
      vertex -4.687654e-001 -1.595604e-002  5.667563e-002
      vertex -4.694543e-001 -1.547317e-002  5.000000e-002
      vertex -4.773580e-001 -1.995992e-002  5.000000e-002
    endloop
  endfacet
  facet normal -4.892878e-001  8.650343e-001  1.109640e-001
    outer loop
      vertex -4.687654e-001 -1.595604e-002  5.667563e-002
      vertex -4.773580e-001 -1.995992e-002  5.000000e-002
      vertex -4.767164e-001 -2.045332e-002  5.667563e-002
    endloop
  endfacet
  facet normal -5.276330e-001  8.419309e-001  1.129420e-001
    outer loop
      vertex -4.767164e-001 -2.045332e-002  5.667563e-002
      vertex -4.773580e-001 -1.995992e-002  5.000000e-002
      vertex -4.847627e-001 -2.460040e-002  5.000000e-002
    endloop
  endfacet
  facet normal -5.268295e-001  8.426199e-001  1.115455e-001
    outer loop
      vertex -4.767164e-001 -2.045332e-002  5.667563e-002
      vertex -4.847627e-001 -2.460040e-002  5.000000e-002
      vertex -4.842566e-001 -2.516768e-002  5.667563e-002
    endloop
  endfacet
  facet normal -5.844504e-001  8.035793e-001  1.125963e-001
    outer loop
      vertex -4.842566e-001 -2.516768e-002  5.667563e-002
      vertex -4.847627e-001 -2.460040e-002  5.000000e-002
      vertex -4.972402e-001 -3.367535e-002  5.000000e-002
    endloop
  endfacet
  facet normal -5.836632e-001  8.045307e-001  1.098527e-001
    outer loop
      vertex -4.842566e-001 -2.516768e-002  5.667563e-002
      vertex -4.972402e-001 -3.367535e-002  5.000000e-002
      vertex -4.965589e-001 -3.409262e-002  5.667563e-002
    endloop
  endfacet
  facet normal -6.438478e-001  7.567622e-001  1.130090e-001
    outer loop
      vertex -4.965589e-001 -3.409262e-002  5.667563e-002
      vertex -4.972402e-001 -3.367535e-002  5.000000e-002
      vertex -5.027700e-001 -3.838008e-002  5.000000e-002
    endloop
  endfacet
  facet normal -6.426358e-001  7.580838e-001  1.110324e-001
    outer loop
      vertex -4.965589e-001 -3.409262e-002  5.667563e-002
      vertex -5.027700e-001 -3.838008e-002  5.000000e-002
      vertex -5.021095e-001 -3.879797e-002  5.667563e-002
    endloop
  endfacet
  facet normal -6.853755e-001  7.193940e-001  1.128388e-001
    outer loop
      vertex -5.021095e-001 -3.879797e-002  5.667563e-002
      vertex -5.027700e-001 -3.838008e-002  5.000000e-002
      vertex -5.078126e-001 -4.318429e-002  5.000000e-002
    endloop
  endfacet
  facet normal -6.845913e-001  7.203417e-001  1.115462e-001
    outer loop
      vertex -5.021095e-001 -3.879797e-002  5.667563e-002
      vertex -5.078126e-001 -4.318429e-002  5.000000e-002
      vertex -5.072212e-001 -4.365597e-002  5.667563e-002
    endloop
  endfacet
  facet normal -7.381604e-001  6.651965e-001  1.123955e-001
    outer loop
      vertex -5.072212e-001 -4.365597e-002  5.667563e-002
      vertex -5.078126e-001 -4.318429e-002  5.000000e-002
      vertex -5.143108e-001 -5.039523e-002  5.000000e-002
    endloop
  endfacet
  facet normal -7.375211e-001  6.661863e-001  1.107174e-001
    outer loop
      vertex -5.072212e-001 -4.365597e-002  5.667563e-002
      vertex -5.143108e-001 -5.039523e-002  5.000000e-002
      vertex -5.136310e-001 -5.075216e-002  5.667563e-002
    endloop
  endfacet
  facet normal -8.016104e-001  5.870680e-001  1.130131e-001
    outer loop
      vertex -5.136310e-001 -5.075216e-002  5.667563e-002
      vertex -5.143108e-001 -5.039523e-002  5.000000e-002
      vertex -5.197122e-001 -5.777051e-002  5.000000e-002
    endloop
  endfacet
  facet normal -8.009261e-001  5.883831e-001  1.110070e-001
    outer loop
      vertex -5.136310e-001 -5.075216e-002  5.667563e-002
      vertex -5.197122e-001 -5.777051e-002  5.000000e-002
      vertex -5.190299e-001 -5.810118e-002  5.667563e-002
    endloop
  endfacet
  facet normal -8.641807e-001  4.904165e-001  1.126196e-001
    outer loop
      vertex -5.190299e-001 -5.810118e-002  5.667563e-002
      vertex -5.197122e-001 -5.777051e-002  5.000000e-002
      vertex -5.241234e-001 -6.554374e-002  5.000000e-002
    endloop
  endfacet
  facet normal -8.636756e-001  4.917246e-001  1.107759e-001
    outer loop
      vertex -5.190299e-001 -5.810118e-002  5.667563e-002
      vertex -5.241234e-001 -6.554374e-002  5.000000e-002
      vertex -5.234026e-001 -6.578156e-002  5.667563e-002
    endloop
  endfacet
  facet normal -3.665842e-001  3.858057e-001  8.466227e-001
    outer loop
      vertex -4.950723e-001 -4.664879e-002  7.345495e-002
      vertex -4.956869e-001 -5.507590e-002  7.702907e-002
      vertex -4.912756e-001 -5.088442e-002  7.702907e-002
    endloop
  endfacet
  facet normal -2.275964e-001  2.395303e-001  9.438353e-001
    outer loop
      vertex -4.912756e-001 -5.088442e-002  7.702907e-002
      vertex -4.956869e-001 -5.507590e-002  7.702907e-002
      vertex -4.911809e-001 -5.953718e-002  7.924785e-002
    endloop
  endfacet
  facet normal -2.275752e-001  2.395317e-001  9.438401e-001
    outer loop
      vertex -4.912756e-001 -5.088442e-002  7.702907e-002
      vertex -4.911809e-001 -5.953718e-002  7.924785e-002
      vertex -4.870433e-001 -5.560608e-002  7.924785e-002
    endloop
  endfacet
  facet normal -7.715447e-002  8.120808e-002  9.937064e-001
    outer loop
      vertex -4.870433e-001 -5.560608e-002  7.924785e-002
      vertex -4.911809e-001 -5.953718e-002  7.924785e-002
      vertex -4.864371e-001 -6.423397e-002  8.000001e-002
    endloop
  endfacet
  facet normal -7.301404e-002  8.152400e-002  9.939933e-001
    outer loop
      vertex -4.870433e-001 -5.560608e-002  7.924785e-002
      vertex -4.864371e-001 -6.423397e-002  8.000001e-002
      vertex -4.782442e-001 -5.689634e-002  8.000001e-002
    endloop
  endfacet
  facet normal -3.666089e-001  3.858033e-001  8.466130e-001
    outer loop
      vertex -4.956869e-001 -5.507590e-002  7.702907e-002
      vertex -4.950723e-001 -4.664879e-002  7.345495e-002
      vertex -4.997291e-001 -5.107385e-002  7.345495e-002
    endloop
  endfacet
  facet normal -4.871885e-001  5.126962e-001  7.069582e-001
    outer loop
      vertex -4.997291e-001 -5.107385e-002  7.345495e-002
      vertex -4.950723e-001 -4.664879e-002  7.345495e-002
      vertex -4.982430e-001 -4.311157e-002  6.870470e-002
    endloop
  endfacet
  facet normal -4.872169e-001  5.126917e-001  7.069418e-001
    outer loop
      vertex -4.997291e-001 -5.107385e-002  7.345495e-002
      vertex -4.982430e-001 -4.311157e-002  6.870470e-002
      vertex -5.031047e-001 -4.773170e-002  6.870470e-002
    endloop
  endfacet
  facet normal -5.833523e-001  6.138536e-001  5.318682e-001
    outer loop
      vertex -5.031047e-001 -4.773170e-002  6.870470e-002
      vertex -4.982430e-001 -4.311157e-002  6.870470e-002
      vertex -5.006286e-001 -4.045015e-002  6.301652e-002
    endloop
  endfacet
  facet normal -5.833684e-001  6.138493e-001  5.318555e-001
    outer loop
      vertex -5.031047e-001 -4.773170e-002  6.870470e-002
      vertex -5.006286e-001 -4.045015e-002  6.301652e-002
      vertex -5.056445e-001 -4.521704e-002  6.301652e-002
    endloop
  endfacet
  facet normal -6.502526e-001  6.842282e-001  3.301564e-001
    outer loop
      vertex -5.056445e-001 -4.521704e-002  6.301652e-002
      vertex -5.006286e-001 -4.045015e-002  6.301652e-002
      vertex -5.021095e-001 -3.879797e-002  5.667563e-002
    endloop
  endfacet
  facet normal -6.502649e-001  6.842227e-001  3.301440e-001
    outer loop
      vertex -5.056445e-001 -4.521704e-002  6.301652e-002
      vertex -5.021095e-001 -3.879797e-002  5.667563e-002
      vertex -5.072212e-001 -4.365597e-002  5.667563e-002
    endloop
  endfacet
  facet normal -2.820828e-001  4.512105e-001  8.466631e-001
    outer loop
      vertex -4.713304e-001 -2.951691e-002  7.345495e-002
      vertex -4.753303e-001 -3.872413e-002  7.702907e-002
      vertex -4.684245e-001 -3.440684e-002  7.702907e-002
    endloop
  endfacet
  facet normal -1.751250e-001  2.801242e-001  9.438546e-001
    outer loop
      vertex -4.684245e-001 -3.440684e-002  7.702907e-002
      vertex -4.753303e-001 -3.872413e-002  7.702907e-002
      vertex -4.718432e-001 -4.402006e-002  7.924785e-002
    endloop
  endfacet
  facet normal -1.751167e-001  2.801218e-001  9.438569e-001
    outer loop
      vertex -4.684245e-001 -3.440684e-002  7.702907e-002
      vertex -4.718432e-001 -4.402006e-002  7.924785e-002
      vertex -4.651853e-001 -3.985789e-002  7.924785e-002
    endloop
  endfacet
  facet normal -5.936700e-002  9.496517e-002  9.937088e-001
    outer loop
      vertex -4.651853e-001 -3.985789e-002  7.924785e-002
      vertex -4.718432e-001 -4.402006e-002  7.924785e-002
      vertex -4.681720e-001 -4.959556e-002  8.000001e-002
    endloop
  endfacet
  facet normal -5.579565e-002  9.389362e-002  9.940175e-001
    outer loop
      vertex -4.651853e-001 -3.985789e-002  7.924785e-002
      vertex -4.681720e-001 -4.959556e-002  8.000001e-002
      vertex -4.548936e-001 -4.170495e-002  8.000001e-002
    endloop
  endfacet
  facet normal -2.820950e-001  4.512136e-001  8.466574e-001
    outer loop
      vertex -4.753303e-001 -3.872413e-002  7.702907e-002
      vertex -4.713304e-001 -2.951691e-002  7.345495e-002
      vertex -4.784585e-001 -3.397334e-002  7.345495e-002
    endloop
  endfacet
  facet normal -3.748960e-001  5.996496e-001  7.070172e-001
    outer loop
      vertex -4.784585e-001 -3.397334e-002  7.345495e-002
      vertex -4.713304e-001 -2.951691e-002  7.345495e-002
      vertex -4.737571e-001 -2.543328e-002  6.870470e-002
    endloop
  endfacet
  facet normal -3.749076e-001  5.996515e-001  7.070093e-001
    outer loop
      vertex -4.784585e-001 -3.397334e-002  7.345495e-002
      vertex -4.737571e-001 -2.543328e-002  6.870470e-002
      vertex -4.810708e-001 -3.000592e-002  6.870470e-002
    endloop
  endfacet
  facet normal -4.489032e-001  7.180048e-001  5.319352e-001
    outer loop
      vertex -4.810708e-001 -3.000592e-002  6.870470e-002
      vertex -4.737571e-001 -2.543328e-002  6.870470e-002
      vertex -4.755829e-001 -2.236073e-002  6.301652e-002
    endloop
  endfacet
  facet normal -4.489137e-001  7.180054e-001  5.319256e-001
    outer loop
      vertex -4.810708e-001 -3.000592e-002  6.870470e-002
      vertex -4.755829e-001 -2.236073e-002  6.301652e-002
      vertex -4.830364e-001 -2.702080e-002  6.301652e-002
    endloop
  endfacet
  facet normal -5.003999e-001  8.003538e-001  3.302026e-001
    outer loop
      vertex -4.830364e-001 -2.702080e-002  6.301652e-002
      vertex -4.755829e-001 -2.236073e-002  6.301652e-002
      vertex -4.767164e-001 -2.045332e-002  5.667563e-002
    endloop
  endfacet
  facet normal -5.004032e-001  8.003533e-001  3.301987e-001
    outer loop
      vertex -4.830364e-001 -2.702080e-002  6.301652e-002
      vertex -4.767164e-001 -2.045332e-002  5.667563e-002
      vertex -4.842566e-001 -2.516768e-002  5.667563e-002
    endloop
  endfacet
  facet normal -4.178506e-003  5.320280e-001  8.467165e-001
    outer loop
      vertex -2.500000e-001  1.870470e-002  7.345495e-002
      vertex -2.599923e-001  1.293803e-002  7.702907e-002
      vertex -2.500000e-001  1.301651e-002  7.702907e-002
    endloop
  endfacet
  facet normal -2.593979e-003  3.302782e-001  9.438800e-001
    outer loop
      vertex -2.500000e-001  1.301651e-002  7.702907e-002
      vertex -2.599923e-001  1.293803e-002  7.702907e-002
      vertex -2.598927e-001  6.597932e-003  7.924785e-002
    endloop
  endfacet
  facet normal -2.593981e-003  3.302782e-001  9.438801e-001
    outer loop
      vertex -2.500000e-001  1.301651e-002  7.702907e-002
      vertex -2.598927e-001  6.597932e-003  7.924785e-002
      vertex -2.500000e-001  6.675628e-003  7.924785e-002
    endloop
  endfacet
  facet normal -8.793568e-004  1.119639e-001  9.937119e-001
    outer loop
      vertex -2.500000e-001  6.675628e-003  7.924785e-002
      vertex -2.598927e-001  6.597932e-003  7.924785e-002
      vertex -2.597878e-001 -7.687238e-005  8.000001e-002
    endloop
  endfacet
  facet normal -8.793768e-004  1.119639e-001  9.937118e-001
    outer loop
      vertex -2.500000e-001  6.675628e-003  7.924785e-002
      vertex -2.597878e-001 -7.687238e-005  8.000001e-002
      vertex -2.500000e-001  1.910502e-009  8.000001e-002
    endloop
  endfacet
  facet normal -4.178563e-003  5.320280e-001  8.467164e-001
    outer loop
      vertex -2.599923e-001  1.293803e-002  7.702907e-002
      vertex -2.500000e-001  1.870470e-002  7.345495e-002
      vertex -2.600817e-001  1.862551e-002  7.345495e-002
    endloop
  endfacet
  facet normal -5.553547e-003  7.070954e-001  7.070963e-001
    outer loop
      vertex -2.600817e-001  1.862551e-002  7.345495e-002
      vertex -2.500000e-001  1.870470e-002  7.345495e-002
      vertex -2.500000e-001  2.345495e-002  6.870470e-002
    endloop
  endfacet
  facet normal -5.553497e-003  7.070954e-001  7.070963e-001
    outer loop
      vertex -2.600817e-001  1.862551e-002  7.345495e-002
      vertex -2.500000e-001  2.345495e-002  6.870470e-002
      vertex -2.601563e-001  2.337518e-002  6.870470e-002
    endloop
  endfacet
  facet normal -6.649989e-003  8.467055e-001  5.320202e-001
    outer loop
      vertex -2.601563e-001  2.337518e-002  6.870470e-002
      vertex -2.500000e-001  2.345495e-002  6.870470e-002
      vertex -2.500000e-001  2.702907e-002  6.301652e-002
    endloop
  endfacet
  facet normal -6.649954e-003  8.467055e-001  5.320203e-001
    outer loop
      vertex -2.601563e-001  2.337518e-002  6.870470e-002
      vertex -2.500000e-001  2.702907e-002  6.301652e-002
      vertex -2.602125e-001  2.694886e-002  6.301652e-002
    endloop
  endfacet
  facet normal -7.412977e-003  9.438575e-001  3.302699e-001
    outer loop
      vertex -2.602125e-001  2.694886e-002  6.301652e-002
      vertex -2.500000e-001  2.702907e-002  6.301652e-002
      vertex -2.500000e-001  2.924784e-002  5.667563e-002
    endloop
  endfacet
  facet normal -7.413064e-003  9.438574e-001  3.302698e-001
    outer loop
      vertex -2.602125e-001  2.694886e-002  6.301652e-002
      vertex -2.500000e-001  2.924784e-002  5.667563e-002
      vertex -2.602473e-001  2.916736e-002  5.667563e-002
    endloop
  endfacet
  facet normal -7.804385e-003  9.936819e-001  1.119611e-001
    outer loop
      vertex -2.602473e-001  2.916736e-002  5.667563e-002
      vertex -2.500000e-001  2.924784e-002  5.667563e-002
      vertex -2.500000e-001  3.000000e-002  5.000000e-002
    endloop
  endfacet
  facet normal -7.806086e-003  9.936823e-001  1.119585e-001
    outer loop
      vertex -2.602473e-001  2.916736e-002  5.667563e-002
      vertex -2.500000e-001  3.000000e-002  5.000000e-002
      vertex -2.602614e-001  2.991939e-002  5.000000e-002
    endloop
  endfacet
  facet normal -9.759070e-001 -6.263921e-002  2.090023e-001
    outer loop
      vertex -5.294651e-001 -9.480935e-002  5.429177e-002
      vertex -5.286239e-001 -9.426472e-002  5.838308e-002
      vertex -5.292473e-001 -9.024916e-002  5.667563e-002
    endloop
  endfacet
  facet normal -9.396530e-001 -4.040477e-004  3.421288e-001
    outer loop
      vertex -5.292473e-001 -9.024916e-002  5.667563e-002
      vertex -5.286239e-001 -9.426472e-002  5.838308e-002
      vertex -5.269870e-001 -9.322891e-002  6.287988e-002
    endloop
  endfacet
  facet normal -9.434944e-001 -2.817979e-002  3.301882e-001
    outer loop
      vertex -5.292473e-001 -9.024916e-002  5.667563e-002
      vertex -5.269870e-001 -9.322891e-002  6.287988e-002
      vertex -5.270285e-001 -9.023825e-002  6.301652e-002
    endloop
  endfacet
  facet normal -8.700758e-001 -3.454060e-002  4.917063e-001
    outer loop
      vertex -5.270285e-001 -9.023825e-002  6.301652e-002
      vertex -5.269870e-001 -9.322891e-002  6.287988e-002
      vertex -5.248677e-001 -9.193628e-002  6.672093e-002
    endloop
  endfacet
  facet normal -8.439668e-001  8.231712e-002  5.300414e-001
    outer loop
      vertex -5.270285e-001 -9.023825e-002  6.301652e-002
      vertex -5.248677e-001 -9.193628e-002  6.672093e-002
      vertex -5.234544e-001 -9.022067e-002  6.870470e-002
    endloop
  endfacet
  facet normal -5.576682e-001  8.207005e-002  8.259968e-001
    outer loop
      vertex -5.147459e-001 -8.659678e-002  7.603528e-002
      vertex -5.178478e-001 -8.170465e-002  7.345495e-002
      vertex -5.185502e-001 -8.647702e-002  7.345495e-002
    endloop
  endfacet
  facet normal -7.001487e-001  1.030384e-001  7.065231e-001
    outer loop
      vertex -5.185502e-001 -8.647702e-002  7.345495e-002
      vertex -5.178478e-001 -8.170465e-002  7.345495e-002
      vertex -5.224999e-001 -8.074389e-002  6.870470e-002
    endloop
  endfacet
  facet normal -7.001764e-001  1.030011e-001  7.065011e-001
    outer loop
      vertex -5.185502e-001 -8.647702e-002  7.345495e-002
      vertex -5.224999e-001 -8.074389e-002  6.870470e-002
      vertex -5.232822e-001 -8.606169e-002  6.870470e-002
    endloop
  endfacet
  facet normal -8.381023e-001  1.232910e-001  5.313978e-001
    outer loop
      vertex -5.232822e-001 -8.606169e-002  6.870470e-002
      vertex -5.224999e-001 -8.074389e-002  6.870470e-002
      vertex -5.260001e-001 -8.002101e-002  6.301652e-002
    endloop
  endfacet
  facet normal -8.381186e-001  1.232652e-001  5.313783e-001
    outer loop
      vertex -5.232822e-001 -8.606169e-002  6.870470e-002
      vertex -5.260001e-001 -8.002101e-002  6.301652e-002
      vertex -5.268426e-001 -8.574921e-002  6.301652e-002
    endloop
  endfacet
  facet normal -9.340068e-001  1.373679e-001  3.297900e-001
    outer loop
      vertex -5.268426e-001 -8.574921e-002  6.301652e-002
      vertex -5.260001e-001 -8.002101e-002  6.301652e-002
      vertex -5.281731e-001 -7.957225e-002  5.667563e-002
    endloop
  endfacet
  facet normal -9.340145e-001  1.373509e-001  3.297750e-001
    outer loop
      vertex -5.268426e-001 -8.574921e-002  6.301652e-002
      vertex -5.281731e-001 -7.957225e-002  5.667563e-002
      vertex -5.290529e-001 -8.555522e-002  5.667563e-002
    endloop
  endfacet
  facet normal -9.831323e-001  1.445739e-001  1.120235e-001
    outer loop
      vertex -5.290529e-001 -8.555522e-002  5.667563e-002
      vertex -5.281731e-001 -7.957225e-002  5.667563e-002
      vertex -5.289155e-001 -7.944831e-002  5.000000e-002
    endloop
  endfacet
  facet normal -9.832200e-001  1.442253e-001  1.117028e-001
    outer loop
      vertex -5.290529e-001 -8.555522e-002  5.667563e-002
      vertex -5.289155e-001 -7.944831e-002  5.000000e-002
      vertex -5.298029e-001 -8.549787e-002  5.000000e-002
    endloop
  endfacet
  facet normal -4.628130e-001  2.638048e-001  8.462927e-001
    outer loop
      vertex -5.101995e-001 -6.386156e-002  7.345495e-002
      vertex -5.088134e-001 -7.289576e-002  7.702907e-002
      vertex -5.054353e-001 -6.696938e-002  7.702907e-002
    endloop
  endfacet
  facet normal -2.874690e-001  1.638582e-001  9.436694e-001
    outer loop
      vertex -5.054353e-001 -6.696938e-002  7.702907e-002
      vertex -5.088134e-001 -7.289576e-002  7.702907e-002
      vertex -5.031140e-001 -7.567496e-002  7.924785e-002
    endloop
  endfacet
  facet normal -2.873474e-001  1.638983e-001  9.436995e-001
    outer loop
      vertex -5.054353e-001 -6.696938e-002  7.702907e-002
      vertex -5.031140e-001 -7.567496e-002  7.924785e-002
      vertex -5.001246e-001 -7.043380e-002  7.924785e-002
    endloop
  endfacet
  facet normal -9.809117e-002  5.594962e-002  9.936035e-001
    outer loop
      vertex -5.001246e-001 -7.043380e-002  7.924785e-002
      vertex -5.031140e-001 -7.567496e-002  7.924785e-002
      vertex -4.967489e-001 -7.787307e-002  8.000001e-002
    endloop
  endfacet
  facet normal -9.678909e-002  5.654993e-002  9.936971e-001
    outer loop
      vertex -5.001246e-001 -7.043380e-002  7.924785e-002
      vertex -4.967489e-001 -7.787307e-002  8.000001e-002
      vertex -4.945334e-001 -7.408112e-002  8.000001e-002
    endloop
  endfacet
  facet normal -4.629546e-001  2.637582e-001  8.462297e-001
    outer loop
      vertex -5.088134e-001 -7.289576e-002  7.702907e-002
      vertex -5.101995e-001 -6.386156e-002  7.345495e-002
      vertex -5.139261e-001 -7.040262e-002  7.345495e-002
    endloop
  endfacet
  facet normal -6.149451e-001  3.503514e-001  7.064677e-001
    outer loop
      vertex -5.139261e-001 -7.040262e-002  7.345495e-002
      vertex -5.101995e-001 -6.386156e-002  7.345495e-002
      vertex -5.141780e-001 -6.126620e-002  6.870470e-002
    endloop
  endfacet
  facet normal -6.150715e-001  3.503031e-001  7.063814e-001
    outer loop
      vertex -5.139261e-001 -7.040262e-002  7.345495e-002
      vertex -5.141780e-001 -6.126620e-002  6.870470e-002
      vertex -5.181957e-001 -6.832059e-002  6.870470e-002
    endloop
  endfacet
  facet normal -7.361429e-001  4.192571e-001  5.313353e-001
    outer loop
      vertex -5.181957e-001 -6.832059e-002  6.870470e-002
      vertex -5.141780e-001 -6.126620e-002  6.870470e-002
      vertex -5.171716e-001 -5.931344e-002  6.301652e-002
    endloop
  endfacet
  facet normal -7.362265e-001  4.192146e-001  5.312529e-001
    outer loop
      vertex -5.181957e-001 -6.832059e-002  6.870470e-002
      vertex -5.171716e-001 -5.931344e-002  6.301652e-002
      vertex -5.214083e-001 -6.675404e-002  6.301652e-002
    endloop
  endfacet
  facet normal -8.203952e-001  4.671411e-001  3.297436e-001
    outer loop
      vertex -5.214083e-001 -6.675404e-002  6.301652e-002
      vertex -5.171716e-001 -5.931344e-002  6.301652e-002
      vertex -5.190299e-001 -5.810118e-002  5.667563e-002
    endloop
  endfacet
  facet normal -8.204387e-001  4.671081e-001  3.296823e-001
    outer loop
      vertex -5.214083e-001 -6.675404e-002  6.301652e-002
      vertex -5.190299e-001 -5.810118e-002  5.667563e-002
      vertex -5.234026e-001 -6.578156e-002  5.667563e-002
    endloop
  endfacet
  facet normal -4.290637e-001  3.154548e-001  8.463997e-001
    outer loop
      vertex -5.054727e-001 -5.743037e-002  7.345495e-002
      vertex -5.054353e-001 -6.696938e-002  7.702907e-002
      vertex -5.010711e-001 -6.103336e-002  7.702907e-002
    endloop
  endfacet
  facet normal -2.664714e-001  1.959142e-001  9.437217e-001
    outer loop
      vertex -5.010711e-001 -6.103336e-002  7.702907e-002
      vertex -5.054353e-001 -6.696938e-002  7.702907e-002
      vertex -5.001246e-001 -7.043380e-002  7.924785e-002
    endloop
  endfacet
  facet normal -2.663774e-001  1.959292e-001  9.437451e-001
    outer loop
      vertex -5.010711e-001 -6.103336e-002  7.702907e-002
      vertex -5.001246e-001 -7.043380e-002  7.924785e-002
      vertex -4.961644e-001 -6.504979e-002  7.924785e-002
    endloop
  endfacet
  facet normal -9.033433e-002  6.644382e-002  9.936925e-001
    outer loop
      vertex -4.961644e-001 -6.504979e-002  7.924785e-002
      vertex -5.001246e-001 -7.043380e-002  7.924785e-002
      vertex -4.945334e-001 -7.408112e-002  8.000001e-002
    endloop
  endfacet
  facet normal -9.029408e-002  6.645136e-002  9.936957e-001
    outer loop
      vertex -4.961644e-001 -6.504979e-002  7.924785e-002
      vertex -4.945334e-001 -7.408112e-002  8.000001e-002
      vertex -4.909988e-001 -6.927826e-002  8.000001e-002
    endloop
  endfacet
  facet normal -4.291754e-001  3.154358e-001  8.463502e-001
    outer loop
      vertex -5.054353e-001 -6.696938e-002  7.702907e-002
      vertex -5.054727e-001 -5.743037e-002  7.345495e-002
      vertex -5.101995e-001 -6.386156e-002  7.345495e-002
    endloop
  endfacet
  facet normal -5.701538e-001  4.190523e-001  7.066256e-001
    outer loop
      vertex -5.101995e-001 -6.386156e-002  7.345495e-002
      vertex -5.054727e-001 -5.743037e-002  7.345495e-002
      vertex -5.091485e-001 -5.442148e-002  6.870470e-002
    endloop
  endfacet
  facet normal -5.702528e-001  4.190299e-001  7.065591e-001
    outer loop
      vertex -5.101995e-001 -6.386156e-002  7.345495e-002
      vertex -5.091485e-001 -5.442148e-002  6.870470e-002
      vertex -5.141780e-001 -6.126620e-002  6.870470e-002
    endloop
  endfacet
  facet normal -6.825842e-001  5.015726e-001  5.315107e-001
    outer loop
      vertex -5.141780e-001 -6.126620e-002  6.870470e-002
      vertex -5.091485e-001 -5.442148e-002  6.870470e-002
      vertex -5.119141e-001 -5.215757e-002  6.301652e-002
    endloop
  endfacet
  facet normal -6.826593e-001  5.015465e-001  5.314391e-001
    outer loop
      vertex -5.141780e-001 -6.126620e-002  6.870470e-002
      vertex -5.119141e-001 -5.215757e-002  6.301652e-002
      vertex -5.171716e-001 -5.931344e-002  6.301652e-002
    endloop
  endfacet
  facet normal -7.607711e-001  5.589349e-001  3.298775e-001
    outer loop
      vertex -5.171716e-001 -5.931344e-002  6.301652e-002
      vertex -5.119141e-001 -5.215757e-002  6.301652e-002
      vertex -5.136310e-001 -5.075216e-002  5.667563e-002
    endloop
  endfacet
  facet normal -7.608099e-001  5.589126e-001  3.298258e-001
    outer loop
      vertex -5.171716e-001 -5.931344e-002  6.301652e-002
      vertex -5.136310e-001 -5.075216e-002  5.667563e-002
      vertex -5.190299e-001 -5.810118e-002  5.667563e-002
    endloop
  endfacet
  facet normal -3.950070e-001  3.569982e-001  8.464760e-001
    outer loop
      vertex -4.997291e-001 -5.107385e-002  7.345495e-002
      vertex -5.010711e-001 -6.103336e-002  7.702907e-002
      vertex -4.956869e-001 -5.507590e-002  7.702907e-002
    endloop
  endfacet
  facet normal -2.452953e-001  2.216922e-001  9.437599e-001
    outer loop
      vertex -4.956869e-001 -5.507590e-002  7.702907e-002
      vertex -5.010711e-001 -6.103336e-002  7.702907e-002
      vertex -4.961644e-001 -6.504979e-002  7.924785e-002
    endloop
  endfacet
  facet normal -2.452283e-001  2.216929e-001  9.437772e-001
    outer loop
      vertex -4.956869e-001 -5.507590e-002  7.702907e-002
      vertex -4.961644e-001 -6.504979e-002  7.924785e-002
      vertex -4.911809e-001 -5.953718e-002  7.924785e-002
    endloop
  endfacet
  facet normal -8.315439e-002  7.517379e-002  9.936973e-001
    outer loop
      vertex -4.911809e-001 -5.953718e-002  7.924785e-002
      vertex -4.961644e-001 -6.504979e-002  7.924785e-002
      vertex -4.909988e-001 -6.927826e-002  8.000001e-002
    endloop
  endfacet
  facet normal -8.312715e-002  7.517446e-002  9.936994e-001
    outer loop
      vertex -4.911809e-001 -5.953718e-002  7.924785e-002
      vertex -4.909988e-001 -6.927826e-002  8.000001e-002
      vertex -4.864371e-001 -6.423397e-002  8.000001e-002
    endloop
  endfacet
  facet normal -3.950907e-001  3.569958e-001  8.464381e-001
    outer loop
      vertex -5.010711e-001 -6.103336e-002  7.702907e-002
      vertex -4.997291e-001 -5.107385e-002  7.345495e-002
      vertex -5.054727e-001 -5.743037e-002  7.345495e-002
    endloop
  endfacet
  facet normal -5.249273e-001  4.743135e-001  7.067375e-001
    outer loop
      vertex -5.054727e-001 -5.743037e-002  7.345495e-002
      vertex -4.997291e-001 -5.107385e-002  7.345495e-002
      vertex -5.031047e-001 -4.773170e-002  6.870470e-002
    endloop
  endfacet
  facet normal -5.250025e-001  4.743068e-001  7.066863e-001
    outer loop
      vertex -5.054727e-001 -5.743037e-002  7.345495e-002
      vertex -5.031047e-001 -4.773170e-002  6.870470e-002
      vertex -5.091485e-001 -5.442148e-002  6.870470e-002
    endloop
  endfacet
  facet normal -6.284758e-001  5.677883e-001  5.316339e-001
    outer loop
      vertex -5.091485e-001 -5.442148e-002  6.870470e-002
      vertex -5.031047e-001 -4.773170e-002  6.870470e-002
      vertex -5.056445e-001 -4.521704e-002  6.301652e-002
    endloop
  endfacet
  facet normal -6.285328e-001  5.677763e-001  5.315793e-001
    outer loop
      vertex -5.091485e-001 -5.442148e-002  6.870470e-002
      vertex -5.056445e-001 -4.521704e-002  6.301652e-002
      vertex -5.119141e-001 -5.215757e-002  6.301652e-002
    endloop
  endfacet
  facet normal -7.004995e-001  6.327865e-001  3.299722e-001
    outer loop
      vertex -5.119141e-001 -5.215757e-002  6.301652e-002
      vertex -5.056445e-001 -4.521704e-002  6.301652e-002
      vertex -5.072212e-001 -4.365597e-002  5.667563e-002
    endloop
  endfacet
  facet normal -7.005304e-001  6.327734e-001  3.299319e-001
    outer loop
      vertex -5.119141e-001 -5.215757e-002  6.301652e-002
      vertex -5.072212e-001 -4.365597e-002  5.667563e-002
      vertex -5.136310e-001 -5.075216e-002  5.667563e-002
    endloop
  endfacet
  facet normal -7.241489e-002  8.544363e-002  9.937080e-001
    outer loop
      vertex -4.782442e-001 -5.689634e-002  8.000001e-002
      vertex -4.824244e-001 -5.169154e-002  7.924785e-002
      vertex -4.870433e-001 -5.560608e-002  7.924785e-002
    endloop
  endfacet
  facet normal -2.136077e-001  2.520396e-001  9.438474e-001
    outer loop
      vertex -4.870433e-001 -5.560608e-002  7.924785e-002
      vertex -4.824244e-001 -5.169154e-002  7.924785e-002
      vertex -4.863950e-001 -4.674773e-002  7.702907e-002
    endloop
  endfacet
  facet normal -2.136229e-001  2.520398e-001  9.438438e-001
    outer loop
      vertex -4.870433e-001 -5.560608e-002  7.924785e-002
      vertex -4.863950e-001 -4.674773e-002  7.702907e-002
      vertex -4.912756e-001 -5.088442e-002  7.702907e-002
    endloop
  endfacet
  facet normal -3.440842e-001  4.059627e-001  8.466406e-001
    outer loop
      vertex -4.912756e-001 -5.088442e-002  7.702907e-002
      vertex -4.863950e-001 -4.674773e-002  7.702907e-002
      vertex -4.899569e-001 -4.231281e-002  7.345495e-002
    endloop
  endfacet
  facet normal -3.441058e-001  4.059625e-001  8.466320e-001
    outer loop
      vertex -4.912756e-001 -5.088442e-002  7.702907e-002
      vertex -4.899569e-001 -4.231281e-002  7.345495e-002
      vertex -4.950723e-001 -4.664879e-002  7.345495e-002
    endloop
  endfacet
  facet normal -4.572937e-001  5.394971e-001  7.069833e-001
    outer loop
      vertex -4.950723e-001 -4.664879e-002  7.345495e-002
      vertex -4.899569e-001 -4.231281e-002  7.345495e-002
      vertex -4.929315e-001 -3.860917e-002  6.870470e-002
    endloop
  endfacet
  facet normal -4.573123e-001  5.394956e-001  7.069725e-001
    outer loop
      vertex -4.950723e-001 -4.664879e-002  7.345495e-002
      vertex -4.929315e-001 -3.860917e-002  6.870470e-002
      vertex -4.982430e-001 -4.311157e-002  6.870470e-002
    endloop
  endfacet
  facet normal -5.475585e-001  6.459599e-001  5.318980e-001
    outer loop
      vertex -4.982430e-001 -4.311157e-002  6.870470e-002
      vertex -4.929315e-001 -3.860917e-002  6.870470e-002
      vertex -4.951695e-001 -3.582253e-002  6.301652e-002
    endloop
  endfacet
  facet normal -5.475759e-001  6.459565e-001  5.318843e-001
    outer loop
      vertex -4.982430e-001 -4.311157e-002  6.870470e-002
      vertex -4.951695e-001 -3.582253e-002  6.301652e-002
      vertex -5.006286e-001 -4.045015e-002  6.301652e-002
    endloop
  endfacet
  facet normal -6.103650e-001  7.200267e-001  3.301759e-001
    outer loop
      vertex -5.006286e-001 -4.045015e-002  6.301652e-002
      vertex -4.951695e-001 -3.582253e-002  6.301652e-002
      vertex -4.965589e-001 -3.409262e-002  5.667563e-002
    endloop
  endfacet
  facet normal -6.103720e-001  7.200240e-001  3.301688e-001
    outer loop
      vertex -5.006286e-001 -4.045015e-002  6.301652e-002
      vertex -4.965589e-001 -3.409262e-002  5.667563e-002
      vertex -5.021095e-001 -3.879797e-002  5.667563e-002
    endloop
  endfacet
  facet normal -3.125570e-001  4.310222e-001  8.464798e-001
    outer loop
      vertex -4.784585e-001 -3.397334e-002  7.345495e-002
      vertex -4.863950e-001 -4.674773e-002  7.702907e-002
      vertex -4.753303e-001 -3.872413e-002  7.702907e-002
    endloop
  endfacet
  facet normal -1.940998e-001  2.676673e-001  9.437582e-001
    outer loop
      vertex -4.753303e-001 -3.872413e-002  7.702907e-002
      vertex -4.863950e-001 -4.674773e-002  7.702907e-002
      vertex -4.824244e-001 -5.169154e-002  7.924785e-002
    endloop
  endfacet
  facet normal -1.940397e-001  2.676380e-001  9.437788e-001
    outer loop
      vertex -4.753303e-001 -3.872413e-002  7.702907e-002
      vertex -4.824244e-001 -5.169154e-002  7.924785e-002
      vertex -4.718432e-001 -4.402006e-002  7.924785e-002
    endloop
  endfacet
  facet normal -6.579870e-002  9.075583e-002  9.936971e-001
    outer loop
      vertex -4.718432e-001 -4.402006e-002  7.924785e-002
      vertex -4.824244e-001 -5.169154e-002  7.924785e-002
      vertex -4.782442e-001 -5.689634e-002  8.000001e-002
    endloop
  endfacet
  facet normal -6.577535e-002  9.074436e-002  9.936997e-001
    outer loop
      vertex -4.718432e-001 -4.402006e-002  7.924785e-002
      vertex -4.782442e-001 -5.689634e-002  8.000001e-002
      vertex -4.681720e-001 -4.959556e-002  8.000001e-002
    endloop
  endfacet
  facet normal -3.126328e-001  4.310565e-001  8.464343e-001
    outer loop
      vertex -4.863950e-001 -4.674773e-002  7.702907e-002
      vertex -4.784585e-001 -3.397334e-002  7.345495e-002
      vertex -4.899569e-001 -4.231281e-002  7.345495e-002
    endloop
  endfacet
  facet normal -4.153620e-001  5.726991e-001  7.067462e-001
    outer loop
      vertex -4.899569e-001 -4.231281e-002  7.345495e-002
      vertex -4.784585e-001 -3.397334e-002  7.345495e-002
      vertex -4.810708e-001 -3.000592e-002  6.870470e-002
    endloop
  endfacet
  facet normal -4.154356e-001  5.727268e-001  7.066805e-001
    outer loop
      vertex -4.899569e-001 -4.231281e-002  7.345495e-002
      vertex -4.810708e-001 -3.000592e-002  6.870470e-002
      vertex -4.929315e-001 -3.860917e-002  6.870470e-002
    endloop
  endfacet
  facet normal -4.973077e-001  6.855971e-001  5.316405e-001
    outer loop
      vertex -4.929315e-001 -3.860917e-002  6.870470e-002
      vertex -4.810708e-001 -3.000592e-002  6.870470e-002
      vertex -4.830364e-001 -2.702080e-002  6.301652e-002
    endloop
  endfacet
  facet normal -4.973622e-001  6.856103e-001  5.315726e-001
    outer loop
      vertex -4.929315e-001 -3.860917e-002  6.870470e-002
      vertex -4.830364e-001 -2.702080e-002  6.301652e-002
      vertex -4.951695e-001 -3.582253e-002  6.301652e-002
    endloop
  endfacet
  facet normal -5.543059e-001  7.641068e-001  3.299785e-001
    outer loop
      vertex -4.951695e-001 -3.582253e-002  6.301652e-002
      vertex -4.830364e-001 -2.702080e-002  6.301652e-002
      vertex -4.842566e-001 -2.516768e-002  5.667563e-002
    endloop
  endfacet
  facet normal -5.543370e-001  7.641071e-001  3.299254e-001
    outer loop
      vertex -4.951695e-001 -3.582253e-002  6.301652e-002
      vertex -4.842566e-001 -2.516768e-002  5.667563e-002
      vertex -4.965589e-001 -3.409262e-002  5.667563e-002
    endloop
  endfacet
  facet normal -5.512996e-002  9.747745e-002  9.937097e-001
    outer loop
      vertex -4.548936e-001 -4.170495e-002  8.000001e-002
      vertex -4.580598e-001 -3.582793e-002  7.924785e-002
      vertex -4.651853e-001 -3.985789e-002  7.924785e-002
    endloop
  endfacet
  facet normal -1.626232e-001  2.875404e-001  9.438613e-001
    outer loop
      vertex -4.651853e-001 -3.985789e-002  7.924785e-002
      vertex -4.580598e-001 -3.582793e-002  7.924785e-002
      vertex -4.610671e-001 -3.024561e-002  7.702907e-002
    endloop
  endfacet
  facet normal -1.626301e-001  2.875430e-001  9.438594e-001
    outer loop
      vertex -4.651853e-001 -3.985789e-002  7.924785e-002
      vertex -4.610671e-001 -3.024561e-002  7.702907e-002
      vertex -4.684245e-001 -3.440684e-002  7.702907e-002
    endloop
  endfacet
  facet normal -2.619593e-001  4.631649e-001  8.466733e-001
    outer loop
      vertex -4.684245e-001 -3.440684e-002  7.702907e-002
      vertex -4.610671e-001 -3.024561e-002  7.702907e-002
      vertex -4.637650e-001 -2.523790e-002  7.345495e-002
    endloop
  endfacet
  facet normal -2.619684e-001  4.631678e-001  8.466690e-001
    outer loop
      vertex -4.684245e-001 -3.440684e-002  7.702907e-002
      vertex -4.637650e-001 -2.523790e-002  7.345495e-002
      vertex -4.713304e-001 -2.951691e-002  7.345495e-002
    endloop
  endfacet
  facet normal -3.481533e-001  6.155452e-001  7.070314e-001
    outer loop
      vertex -4.713304e-001 -2.951691e-002  7.345495e-002
      vertex -4.637650e-001 -2.523790e-002  7.345495e-002
      vertex -4.660179e-001 -2.105593e-002  6.870470e-002
    endloop
  endfacet
  facet normal -3.481611e-001  6.155471e-001  7.070261e-001
    outer loop
      vertex -4.713304e-001 -2.951691e-002  7.345495e-002
      vertex -4.660179e-001 -2.105593e-002  6.870470e-002
      vertex -4.737571e-001 -2.543328e-002  6.870470e-002
    endloop
  endfacet
  facet normal -4.168826e-001  7.370462e-001  5.319508e-001
    outer loop
      vertex -4.737571e-001 -2.543328e-002  6.870470e-002
      vertex -4.660179e-001 -2.105593e-002  6.870470e-002
      vertex -4.677131e-001 -1.790938e-002  6.301652e-002
    endloop
  endfacet
  facet normal -4.168892e-001  7.370470e-001  5.319447e-001
    outer loop
      vertex -4.737571e-001 -2.543328e-002  6.870470e-002
      vertex -4.677131e-001 -1.790938e-002  6.301652e-002
      vertex -4.755829e-001 -2.236073e-002  6.301652e-002
    endloop
  endfacet
  facet normal -4.647066e-001  8.215866e-001  3.302168e-001
    outer loop
      vertex -4.755829e-001 -2.236073e-002  6.301652e-002
      vertex -4.677131e-001 -1.790938e-002  6.301652e-002
      vertex -4.687654e-001 -1.595604e-002  5.667563e-002
    endloop
  endfacet
  facet normal -4.647122e-001  8.215861e-001  3.302101e-001
    outer loop
      vertex -4.755829e-001 -2.236073e-002  6.301652e-002
      vertex -4.687654e-001 -1.595604e-002  5.667563e-002
      vertex -4.767164e-001 -2.045332e-002  5.667563e-002
    endloop
  endfacet
  facet normal -2.342966e-001  4.779344e-001  8.465717e-001
    outer loop
      vertex -4.474647e-001 -1.724644e-002  7.345495e-002
      vertex -4.610671e-001 -3.024561e-002  7.702907e-002
      vertex -4.451443e-001 -2.243979e-002  7.702907e-002
    endloop
  endfacet
  facet normal -1.454778e-001  2.967557e-001  9.438074e-001
    outer loop
      vertex -4.451443e-001 -2.243979e-002  7.702907e-002
      vertex -4.610671e-001 -3.024561e-002  7.702907e-002
      vertex -4.580598e-001 -3.582793e-002  7.924785e-002
    endloop
  endfacet
  facet normal -1.454526e-001  2.967332e-001  9.438183e-001
    outer loop
      vertex -4.451443e-001 -2.243979e-002  7.702907e-002
      vertex -4.580598e-001 -3.582793e-002  7.924785e-002
      vertex -4.425575e-001 -2.822905e-002  7.924785e-002
    endloop
  endfacet
  facet normal -4.931631e-002  1.006086e-001  9.937030e-001
    outer loop
      vertex -4.425575e-001 -2.822905e-002  7.924785e-002
      vertex -4.580598e-001 -3.582793e-002  7.924785e-002
      vertex -4.548936e-001 -4.170495e-002  8.000001e-002
    endloop
  endfacet
  facet normal -4.930692e-002  1.006001e-001  9.937044e-001
    outer loop
      vertex -4.425575e-001 -2.822905e-002  7.924785e-002
      vertex -4.548936e-001 -4.170495e-002  8.000001e-002
      vertex -4.398342e-001 -3.432394e-002  8.000001e-002
    endloop
  endfacet
  facet normal -2.343284e-001  4.779612e-001  8.465479e-001
    outer loop
      vertex -4.610671e-001 -3.024561e-002  7.702907e-002
      vertex -4.474647e-001 -1.724644e-002  7.345495e-002
      vertex -4.637650e-001 -2.523790e-002  7.345495e-002
    endloop
  endfacet
  facet normal -3.113731e-001  6.351095e-001  7.068824e-001
    outer loop
      vertex -4.637650e-001 -2.523790e-002  7.345495e-002
      vertex -4.474647e-001 -1.724644e-002  7.345495e-002
      vertex -4.494026e-001 -1.290944e-002  6.870470e-002
    endloop
  endfacet
  facet normal -3.114050e-001  6.351331e-001  7.068470e-001
    outer loop
      vertex -4.637650e-001 -2.523790e-002  7.345495e-002
      vertex -4.494026e-001 -1.290944e-002  6.870470e-002
      vertex -4.660179e-001 -2.105593e-002  6.870470e-002
    endloop
  endfacet
  facet normal -3.728215e-001  7.603966e-001  5.317904e-001
    outer loop
      vertex -4.660179e-001 -2.105593e-002  6.870470e-002
      vertex -4.494026e-001 -1.290944e-002  6.870470e-002
      vertex -4.508606e-001 -9.646242e-003  6.301652e-002
    endloop
  endfacet
  facet normal -3.728467e-001  7.604110e-001  5.317523e-001
    outer loop
      vertex -4.660179e-001 -2.105593e-002  6.870470e-002
      vertex -4.508606e-001 -9.646242e-003  6.301652e-002
      vertex -4.677131e-001 -1.790938e-002  6.301652e-002
    endloop
  endfacet
  facet normal -4.155725e-001  8.475492e-001  3.300907e-001
    outer loop
      vertex -4.677131e-001 -1.790938e-002  6.301652e-002
      vertex -4.508606e-001 -9.646242e-003  6.301652e-002
      vertex -4.517658e-001 -7.620491e-003  5.667563e-002
    endloop
  endfacet
  facet normal -4.155858e-001  8.475532e-001  3.300638e-001
    outer loop
      vertex -4.677131e-001 -1.790938e-002  6.301652e-002
      vertex -4.517658e-001 -7.620491e-003  5.667563e-002
      vertex -4.687654e-001 -1.595604e-002  5.667563e-002
    endloop
  endfacet
  facet normal -1.997561e-001  4.933349e-001  8.465922e-001
    outer loop
      vertex -4.281934e-001 -9.442815e-003  7.345495e-002
      vertex -4.451443e-001 -2.243979e-002  7.702907e-002
      vertex -4.262343e-001 -1.478297e-002  7.702907e-002
    endloop
  endfacet
  facet normal -1.240266e-001  3.063069e-001  9.438186e-001
    outer loop
      vertex -4.262343e-001 -1.478297e-002  7.702907e-002
      vertex -4.451443e-001 -2.243979e-002  7.702907e-002
      vertex -4.425575e-001 -2.822905e-002  7.924785e-002
    endloop
  endfacet
  facet normal -1.240100e-001  3.062881e-001  9.438269e-001
    outer loop
      vertex -4.262343e-001 -1.478297e-002  7.702907e-002
      vertex -4.425575e-001 -2.822905e-002  7.924785e-002
      vertex -4.240504e-001 -2.073589e-002  7.924785e-002
    endloop
  endfacet
  facet normal -4.204476e-002  1.038450e-001  9.937044e-001
    outer loop
      vertex -4.240504e-001 -2.073589e-002  7.924785e-002
      vertex -4.425575e-001 -2.822905e-002  7.924785e-002
      vertex -4.398342e-001 -3.432394e-002  8.000001e-002
    endloop
  endfacet
  facet normal -4.203848e-002  1.038377e-001  9.937055e-001
    outer loop
      vertex -4.240504e-001 -2.073589e-002  7.924785e-002
      vertex -4.398342e-001 -3.432394e-002  8.000001e-002
      vertex -4.217512e-001 -2.700307e-002  8.000001e-002
    endloop
  endfacet
  facet normal -1.997783e-001  4.933587e-001  8.465731e-001
    outer loop
      vertex -4.451443e-001 -2.243979e-002  7.702907e-002
      vertex -4.281934e-001 -9.442815e-003  7.345495e-002
      vertex -4.474647e-001 -1.724644e-002  7.345495e-002
    endloop
  endfacet
  facet normal -2.654717e-001  6.555904e-001  7.069130e-001
    outer loop
      vertex -4.474647e-001 -1.724644e-002  7.345495e-002
      vertex -4.281934e-001 -9.442815e-003  7.345495e-002
      vertex -4.298295e-001 -4.983205e-003  6.870470e-002
    endloop
  endfacet
  facet normal -2.654940e-001  6.556116e-001  7.068849e-001
    outer loop
      vertex -4.474647e-001 -1.724644e-002  7.345495e-002
      vertex -4.298295e-001 -4.983205e-003  6.870470e-002
      vertex -4.494026e-001 -1.290944e-002  6.870470e-002
    endloop
  endfacet
  facet normal -3.178650e-001  7.849369e-001  5.318231e-001
    outer loop
      vertex -4.494026e-001 -1.290944e-002  6.870470e-002
      vertex -4.298295e-001 -4.983205e-003  6.870470e-002
      vertex -4.310605e-001 -1.627764e-003  6.301652e-002
    endloop
  endfacet
  facet normal -3.178823e-001  7.849500e-001  5.317934e-001
    outer loop
      vertex -4.494026e-001 -1.290944e-002  6.870470e-002
      vertex -4.310605e-001 -1.627764e-003  6.301652e-002
      vertex -4.508606e-001 -9.646242e-003  6.301652e-002
    endloop
  endfacet
  facet normal -3.543171e-001  8.749189e-001  3.301157e-001
    outer loop
      vertex -4.508606e-001 -9.646242e-003  6.301652e-002
      vertex -4.310605e-001 -1.627764e-003  6.301652e-002
      vertex -4.318247e-001  4.552537e-004  5.667563e-002
    endloop
  endfacet
  facet normal -3.543269e-001  8.749233e-001  3.300936e-001
    outer loop
      vertex -4.508606e-001 -9.646242e-003  6.301652e-002
      vertex -4.318247e-001  4.552537e-004  5.667563e-002
      vertex -4.517658e-001 -7.620491e-003  5.667563e-002
    endloop
  endfacet
  facet normal -1.679555e-001  5.049933e-001  8.466244e-001
    outer loop
      vertex -4.076234e-001 -2.601101e-003  7.345495e-002
      vertex -4.262343e-001 -1.478297e-002  7.702907e-002
      vertex -4.059846e-001 -8.048102e-003  7.702907e-002
    endloop
  endfacet
  facet normal -1.042770e-001  3.135305e-001  9.438351e-001
    outer loop
      vertex -4.059846e-001 -8.048102e-003  7.702907e-002
      vertex -4.262343e-001 -1.478297e-002  7.702907e-002
      vertex -4.240504e-001 -2.073589e-002  7.924785e-002
    endloop
  endfacet
  facet normal -1.042675e-001  3.135180e-001  9.438404e-001
    outer loop
      vertex -4.059846e-001 -8.048102e-003  7.702907e-002
      vertex -4.240504e-001 -2.073589e-002  7.924785e-002
      vertex -4.041577e-001 -1.412013e-002  7.924785e-002
    endloop
  endfacet
  facet normal -3.534972e-002  1.062917e-001  9.937065e-001
    outer loop
      vertex -4.041577e-001 -1.412013e-002  7.924785e-002
      vertex -4.240504e-001 -2.073589e-002  7.924785e-002
      vertex -4.217512e-001 -2.700307e-002  8.000001e-002
    endloop
  endfacet
  facet normal -3.534598e-002  1.062866e-001  9.937071e-001
    outer loop
      vertex -4.041577e-001 -1.412013e-002  7.924785e-002
      vertex -4.217512e-001 -2.700307e-002  8.000001e-002
      vertex -4.022345e-001 -2.051271e-002  8.000001e-002
    endloop
  endfacet
  facet normal -1.679686e-001  5.050097e-001  8.466119e-001
    outer loop
      vertex -4.262343e-001 -1.478297e-002  7.702907e-002
      vertex -4.076234e-001 -2.601101e-003  7.345495e-002
      vertex -4.281934e-001 -9.442815e-003  7.345495e-002
    endloop
  endfacet
  facet normal -2.232130e-001  6.711059e-001  7.069601e-001
    outer loop
      vertex -4.281934e-001 -9.442815e-003  7.345495e-002
      vertex -4.076234e-001 -2.601101e-003  7.345495e-002
      vertex -4.089919e-001  1.947738e-003  6.870470e-002
    endloop
  endfacet
  facet normal -2.232260e-001  6.711204e-001  7.069425e-001
    outer loop
      vertex -4.281934e-001 -9.442815e-003  7.345495e-002
      vertex -4.089919e-001  1.947738e-003  6.870470e-002
      vertex -4.298295e-001 -4.983205e-003  6.870470e-002
    endloop
  endfacet
  facet normal -2.672713e-001  8.035408e-001  5.318725e-001
    outer loop
      vertex -4.298295e-001 -4.983205e-003  6.870470e-002
      vertex -4.089919e-001  1.947738e-003  6.870470e-002
      vertex -4.100216e-001  5.370315e-003  6.301652e-002
    endloop
  endfacet
  facet normal -2.672806e-001  8.035492e-001  5.318551e-001
    outer loop
      vertex -4.298295e-001 -4.983205e-003  6.870470e-002
      vertex -4.100216e-001  5.370315e-003  6.301652e-002
      vertex -4.310605e-001 -1.627764e-003  6.301652e-002
    endloop
  endfacet
  facet normal -2.979246e-001  8.956770e-001  3.301572e-001
    outer loop
      vertex -4.310605e-001 -1.627764e-003  6.301652e-002
      vertex -4.100216e-001  5.370315e-003  6.301652e-002
      vertex -4.106608e-001  7.495010e-003  5.667563e-002
    endloop
  endfacet
  facet normal -2.979313e-001  8.956807e-001  3.301409e-001
    outer loop
      vertex -4.310605e-001 -1.627764e-003  6.301652e-002
      vertex -4.106608e-001  7.495010e-003  5.667563e-002
      vertex -4.318247e-001  4.552537e-004  5.667563e-002
    endloop
  endfacet
  facet normal -1.398998e-001  5.134344e-001  8.466482e-001
    outer loop
      vertex -3.865863e-001  3.131197e-003  7.345495e-002
      vertex -4.059846e-001 -8.048102e-003  7.702907e-002
      vertex -3.852289e-001 -2.392628e-003  7.702907e-002
    endloop
  endfacet
  facet normal -8.685506e-002  3.187594e-001  9.438478e-001
    outer loop
      vertex -3.852289e-001 -2.392628e-003  7.702907e-002
      vertex -4.059846e-001 -8.048102e-003  7.702907e-002
      vertex -4.041577e-001 -1.412013e-002  7.924785e-002
    endloop
  endfacet
  facet normal -8.684982e-002  3.187515e-001  9.438509e-001
    outer loop
      vertex -3.852289e-001 -2.392628e-003  7.702907e-002
      vertex -4.041577e-001 -1.412013e-002  7.924785e-002
      vertex -3.837156e-001 -8.550296e-003  7.924785e-002
    endloop
  endfacet
  facet normal -2.944366e-002  1.080625e-001  9.937080e-001
    outer loop
      vertex -3.837156e-001 -8.550296e-003  7.924785e-002
      vertex -4.041577e-001 -1.412013e-002  7.924785e-002
      vertex -4.022345e-001 -2.051271e-002  8.000001e-002
    endloop
  endfacet
  facet normal -2.944181e-002  1.080597e-001  9.937083e-001
    outer loop
      vertex -3.837156e-001 -8.550296e-003  7.924785e-002
      vertex -4.022345e-001 -2.051271e-002  8.000001e-002
      vertex -3.821225e-001 -1.503303e-002  8.000001e-002
    endloop
  endfacet
  facet normal -1.399063e-001  5.134436e-001  8.466417e-001
    outer loop
      vertex -4.059846e-001 -8.048102e-003  7.702907e-002
      vertex -3.865863e-001  3.131197e-003  7.345495e-002
      vertex -4.076234e-001 -2.601101e-003  7.345495e-002
    endloop
  endfacet
  facet normal -1.859282e-001  6.823396e-001  7.069960e-001
    outer loop
      vertex -4.076234e-001 -2.601101e-003  7.345495e-002
      vertex -3.865863e-001  3.131197e-003  7.345495e-002
      vertex -3.877200e-001  7.744192e-003  6.870470e-002
    endloop
  endfacet
  facet normal -1.859351e-001  6.823483e-001  7.069859e-001
    outer loop
      vertex -4.076234e-001 -2.601101e-003  7.345495e-002
      vertex -3.877200e-001  7.744192e-003  6.870470e-002
      vertex -4.089919e-001  1.947738e-003  6.870470e-002
    endloop
  endfacet
  facet normal -2.226294e-001  8.170100e-001  5.319122e-001
    outer loop
      vertex -4.089919e-001  1.947738e-003  6.870470e-002
      vertex -3.877200e-001  7.744192e-003  6.870470e-002
      vertex -3.885729e-001  1.121504e-002  6.301652e-002
    endloop
  endfacet
  facet normal -2.226355e-001  8.170161e-001  5.319005e-001
    outer loop
      vertex -4.089919e-001  1.947738e-003  6.870470e-002
      vertex -3.885729e-001  1.121504e-002  6.301652e-002
      vertex -4.100216e-001  5.370315e-003  6.301652e-002
    endloop
  endfacet
  facet normal -2.481665e-001  9.107087e-001  3.301866e-001
    outer loop
      vertex -4.100216e-001  5.370315e-003  6.301652e-002
      vertex -3.885729e-001  1.121504e-002  6.301652e-002
      vertex -3.891024e-001  1.336970e-002  5.667563e-002
    endloop
  endfacet
  facet normal -2.481697e-001  9.107107e-001  3.301786e-001
    outer loop
      vertex -4.100216e-001  5.370315e-003  6.301652e-002
      vertex -3.891024e-001  1.336970e-002  5.667563e-002
      vertex -4.106608e-001  7.495010e-003  5.667563e-002
    endloop
  endfacet
  facet normal -1.147244e-001  5.196183e-001  8.466611e-001
    outer loop
      vertex -3.647527e-001  7.951882e-003  7.345495e-002
      vertex -3.852289e-001 -2.392628e-003  7.702907e-002
      vertex -3.636533e-001  2.370951e-003  7.702907e-002
    endloop
  endfacet
  facet normal -7.122392e-002  3.225928e-001  9.438543e-001
    outer loop
      vertex -3.636533e-001  2.370951e-003  7.702907e-002
      vertex -3.852289e-001 -2.392628e-003  7.702907e-002
      vertex -3.837156e-001 -8.550296e-003  7.924785e-002
    endloop
  endfacet
  facet normal -7.122067e-002  3.225873e-001  9.438565e-001
    outer loop
      vertex -3.636533e-001  2.370951e-003  7.702907e-002
      vertex -3.837156e-001 -8.550296e-003  7.924785e-002
      vertex -3.624278e-001 -3.850375e-003  7.924785e-002
    endloop
  endfacet
  facet normal -2.414477e-002  1.093615e-001  9.937087e-001
    outer loop
      vertex -3.624278e-001 -3.850375e-003  7.924785e-002
      vertex -3.837156e-001 -8.550296e-003  7.924785e-002
      vertex -3.821225e-001 -1.503303e-002  8.000001e-002
    endloop
  endfacet
  facet normal -2.414358e-002  1.093594e-001  9.937090e-001
    outer loop
      vertex -3.624278e-001 -3.850375e-003  7.924785e-002
      vertex -3.821225e-001 -1.503303e-002  8.000001e-002
      vertex -3.611376e-001 -1.040013e-002  8.000001e-002
    endloop
  endfacet
  facet normal -1.147287e-001  5.196252e-001  8.466563e-001
    outer loop
      vertex -3.852289e-001 -2.392628e-003  7.702907e-002
      vertex -3.647527e-001  7.951882e-003  7.345495e-002
      vertex -3.865863e-001  3.131197e-003  7.345495e-002
    endloop
  endfacet
  facet normal -1.524710e-001  6.905665e-001  7.070152e-001
    outer loop
      vertex -3.865863e-001  3.131197e-003  7.345495e-002
      vertex -3.647527e-001  7.951882e-003  7.345495e-002
      vertex -3.656707e-001  1.261257e-002  6.870470e-002
    endloop
  endfacet
  facet normal -1.524755e-001  6.905729e-001  7.070079e-001
    outer loop
      vertex -3.865863e-001  3.131197e-003  7.345495e-002
      vertex -3.656707e-001  1.261257e-002  6.870470e-002
      vertex -3.877200e-001  7.744192e-003  6.870470e-002
    endloop
  endfacet
  facet normal -1.825697e-001  8.268714e-001  5.319325e-001
    outer loop
      vertex -3.877200e-001  7.744192e-003  6.870470e-002
      vertex -3.656707e-001  1.261257e-002  6.870470e-002
      vertex -3.663615e-001  1.611930e-002  6.301652e-002
    endloop
  endfacet
  facet normal -1.825731e-001  8.268752e-001  5.319252e-001
    outer loop
      vertex -3.877200e-001  7.744192e-003  6.870470e-002
      vertex -3.663615e-001  1.611930e-002  6.301652e-002
      vertex -3.885729e-001  1.121504e-002  6.301652e-002
    endloop
  endfacet
  facet normal -2.035125e-001  9.217098e-001  3.302024e-001
    outer loop
      vertex -3.885729e-001  1.121504e-002  6.301652e-002
      vertex -3.663615e-001  1.611930e-002  6.301652e-002
      vertex -3.667903e-001  1.829623e-002  5.667563e-002
    endloop
  endfacet
  facet normal -2.035147e-001  9.217114e-001  3.301966e-001
    outer loop
      vertex -3.885729e-001  1.121504e-002  6.301652e-002
      vertex -3.667903e-001  1.829623e-002  5.667563e-002
      vertex -3.891024e-001  1.336970e-002  5.667563e-002
    endloop
  endfacet
  facet normal -9.144732e-002  5.242010e-001  8.466703e-001
    outer loop
      vertex -3.422922e-001  1.187020e-002  7.345495e-002
      vertex -3.636533e-001  2.370951e-003  7.702907e-002
      vertex -3.414334e-001  6.247233e-003  7.702907e-002
    endloop
  endfacet
  facet normal -5.677228e-002  3.254342e-001  9.438589e-001
    outer loop
      vertex -3.414334e-001  6.247233e-003  7.702907e-002
      vertex -3.636533e-001  2.370951e-003  7.702907e-002
      vertex -3.624278e-001 -3.850375e-003  7.924785e-002
    endloop
  endfacet
  facet normal -5.677040e-002  3.254306e-001  9.438602e-001
    outer loop
      vertex -3.414334e-001  6.247233e-003  7.702907e-002
      vertex -3.624278e-001 -3.850375e-003  7.924785e-002
      vertex -3.404760e-001 -2.095774e-005  7.924785e-002
    endloop
  endfacet
  facet normal -1.924573e-002  1.103242e-001  9.937093e-001
    outer loop
      vertex -3.404760e-001 -2.095774e-005  7.924785e-002
      vertex -3.624278e-001 -3.850375e-003  7.924785e-002
      vertex -3.611376e-001 -1.040013e-002  8.000001e-002
    endloop
  endfacet
  facet normal -1.924495e-002  1.103227e-001  9.937095e-001
    outer loop
      vertex -3.404760e-001 -2.095774e-005  7.924785e-002
      vertex -3.611376e-001 -1.040013e-002  8.000001e-002
      vertex -3.394681e-001 -6.620055e-003  8.000001e-002
    endloop
  endfacet
  facet normal -9.145033e-002  5.242065e-001  8.466667e-001
    outer loop
      vertex -3.636533e-001  2.370951e-003  7.702907e-002
      vertex -3.422922e-001  1.187020e-002  7.345495e-002
      vertex -3.647527e-001  7.951882e-003  7.345495e-002
    endloop
  endfacet
  facet normal -1.215363e-001  6.966636e-001  7.070281e-001
    outer loop
      vertex -3.647527e-001  7.951882e-003  7.345495e-002
      vertex -3.422922e-001  1.187020e-002  7.345495e-002
      vertex -3.430095e-001  1.656600e-002  6.870470e-002
    endloop
  endfacet
  facet normal -1.215391e-001  6.966680e-001  7.070233e-001
    outer loop
      vertex -3.647527e-001  7.951882e-003  7.345495e-002
      vertex -3.430095e-001  1.656600e-002  6.870470e-002
      vertex -3.656707e-001  1.261257e-002  6.870470e-002
    endloop
  endfacet
  facet normal -1.455289e-001  8.341787e-001  5.319467e-001
    outer loop
      vertex -3.656707e-001  1.261257e-002  6.870470e-002
      vertex -3.430095e-001  1.656600e-002  6.870470e-002
      vertex -3.435491e-001  2.009914e-002  6.301652e-002
    endloop
  endfacet
  facet normal -1.455313e-001  8.341817e-001  5.319413e-001
    outer loop
      vertex -3.656707e-001  1.261257e-002  6.870470e-002
      vertex -3.435491e-001  2.009914e-002  6.301652e-002
      vertex -3.663615e-001  1.611930e-002  6.301652e-002
    endloop
  endfacet
  facet normal -1.622236e-001  9.298615e-001  3.302135e-001
    outer loop
      vertex -3.663615e-001  1.611930e-002  6.301652e-002
      vertex -3.435491e-001  2.009914e-002  6.301652e-002
      vertex -3.438841e-001  2.229248e-002  5.667563e-002
    endloop
  endfacet
  facet normal -1.622252e-001  9.298629e-001  3.302092e-001
    outer loop
      vertex -3.663615e-001  1.611930e-002  6.301652e-002
      vertex -3.438841e-001  2.229248e-002  5.667563e-002
      vertex -3.667903e-001  1.829623e-002  5.667563e-002
    endloop
  endfacet
  facet normal -6.773737e-002  5.278077e-001  8.466586e-001
    outer loop
      vertex -3.152695e-001  1.533831e-002  7.345495e-002
      vertex -3.414334e-001  6.247233e-003  7.702907e-002
      vertex -3.146772e-001  9.681045e-003  7.702907e-002
    endloop
  endfacet
  facet normal -4.205305e-002  3.276762e-001  9.438537e-001
    outer loop
      vertex -3.146772e-001  9.681045e-003  7.702907e-002
      vertex -3.414334e-001  6.247233e-003  7.702907e-002
      vertex -3.404760e-001 -2.095774e-005  7.924785e-002
    endloop
  endfacet
  facet normal -4.205139e-002  3.276721e-001  9.438552e-001
    outer loop
      vertex -3.146772e-001  9.681045e-003  7.702907e-002
      vertex -3.404760e-001 -2.095774e-005  7.924785e-002
      vertex -3.140170e-001  3.374631e-003  7.924785e-002
    endloop
  endfacet
  facet normal -1.425590e-002  1.110846e-001  9.937087e-001
    outer loop
      vertex -3.140170e-001  3.374631e-003  7.924785e-002
      vertex -3.404760e-001 -2.095774e-005  7.924785e-002
      vertex -3.394681e-001 -6.620055e-003  8.000001e-002
    endloop
  endfacet
  facet normal -1.425531e-002  1.110831e-001  9.937088e-001
    outer loop
      vertex -3.140170e-001  3.374631e-003  7.924785e-002
      vertex -3.394681e-001 -6.620055e-003  8.000001e-002
      vertex -3.133219e-001 -3.264708e-003  8.000001e-002
    endloop
  endfacet
  facet normal -6.773955e-002  5.278127e-001  8.466553e-001
    outer loop
      vertex -3.414334e-001  6.247233e-003  7.702907e-002
      vertex -3.152695e-001  1.533831e-002  7.345495e-002
      vertex -3.422922e-001  1.187020e-002  7.345495e-002
    endloop
  endfacet
  facet normal -9.002414e-002  7.014496e-001  7.070107e-001
    outer loop
      vertex -3.422922e-001  1.187020e-002  7.345495e-002
      vertex -3.152695e-001  1.533831e-002  7.345495e-002
      vertex -3.157641e-001  2.006273e-002  6.870470e-002
    endloop
  endfacet
  facet normal -9.002633e-002  7.014540e-001  7.070060e-001
    outer loop
      vertex -3.422922e-001  1.187020e-002  7.345495e-002
      vertex -3.157641e-001  2.006273e-002  6.870470e-002
      vertex -3.430095e-001  1.656600e-002  6.870470e-002
    endloop
  endfacet
  facet normal -1.077949e-001  8.399004e-001  5.319281e-001
    outer loop
      vertex -3.430095e-001  1.656600e-002  6.870470e-002
      vertex -3.157641e-001  2.006273e-002  6.870470e-002
      vertex -3.161363e-001  2.361743e-002  6.301652e-002
    endloop
  endfacet
  facet normal -1.077968e-001  8.399035e-001  5.319229e-001
    outer loop
      vertex -3.430095e-001  1.656600e-002  6.870470e-002
      vertex -3.161363e-001  2.361743e-002  6.301652e-002
      vertex -3.435491e-001  2.009914e-002  6.301652e-002
    endloop
  endfacet
  facet normal -1.201600e-001  9.362320e-001  3.301988e-001
    outer loop
      vertex -3.435491e-001  2.009914e-002  6.301652e-002
      vertex -3.161363e-001  2.361743e-002  6.301652e-002
      vertex -3.163673e-001  2.582414e-002  5.667563e-002
    endloop
  endfacet
  facet normal -1.201611e-001  9.362332e-001  3.301951e-001
    outer loop
      vertex -3.435491e-001  2.009914e-002  6.301652e-002
      vertex -3.163673e-001  2.582414e-002  5.667563e-002
      vertex -3.438841e-001  2.229248e-002  5.667563e-002
    endloop
  endfacet
  facet normal -4.340713e-002  5.303541e-001  8.466642e-001
    outer loop
      vertex -2.878008e-001  1.758654e-002  7.345495e-002
      vertex -3.146772e-001  9.681045e-003  7.702907e-002
      vertex -2.874633e-001  1.190839e-002  7.702907e-002
    endloop
  endfacet
  facet normal -2.694797e-002  3.292539e-001  9.438568e-001
    outer loop
      vertex -2.874633e-001  1.190839e-002  7.702907e-002
      vertex -3.146772e-001  9.681045e-003  7.702907e-002
      vertex -3.140170e-001  3.374631e-003  7.924785e-002
    endloop
  endfacet
  facet normal -2.694716e-002  3.292516e-001  9.438576e-001
    outer loop
      vertex -2.874633e-001  1.190839e-002  7.702907e-002
      vertex -3.140170e-001  3.374631e-003  7.924785e-002
      vertex -2.870870e-001  5.578681e-003  7.924785e-002
    endloop
  endfacet
  facet normal -9.135323e-003  1.116192e-001  9.937090e-001
    outer loop
      vertex -2.870870e-001  5.578681e-003  7.924785e-002
      vertex -3.140170e-001  3.374631e-003  7.924785e-002
      vertex -3.133219e-001 -3.264708e-003  8.000001e-002
    endloop
  endfacet
  facet normal -9.135020e-003  1.116183e-001  9.937092e-001
    outer loop
      vertex -2.870870e-001  5.578681e-003  7.924785e-002
      vertex -3.133219e-001 -3.264708e-003  8.000001e-002
      vertex -2.866908e-001 -1.085180e-003  8.000001e-002
    endloop
  endfacet
  facet normal -4.340827e-002  5.303571e-001  8.466623e-001
    outer loop
      vertex -3.146772e-001  9.681045e-003  7.702907e-002
      vertex -2.878008e-001  1.758654e-002  7.345495e-002
      vertex -3.152695e-001  1.533831e-002  7.345495e-002
    endloop
  endfacet
  facet normal -5.768901e-002  7.048375e-001  7.070191e-001
    outer loop
      vertex -3.152695e-001  1.533831e-002  7.345495e-002
      vertex -2.878008e-001  1.758654e-002  7.345495e-002
      vertex -2.880827e-001  2.232842e-002  6.870470e-002
    endloop
  endfacet
  facet normal -5.769021e-002  7.048402e-001  7.070163e-001
    outer loop
      vertex -3.152695e-001  1.533831e-002  7.345495e-002
      vertex -2.880827e-001  2.232842e-002  6.870470e-002
      vertex -3.157641e-001  2.006273e-002  6.870470e-002
    endloop
  endfacet
  facet normal -6.907708e-002  8.439615e-001  5.319374e-001
    outer loop
      vertex -3.157641e-001  2.006273e-002  6.870470e-002
      vertex -2.880827e-001  2.232842e-002  6.870470e-002
      vertex -2.882949e-001  2.589624e-002  6.301652e-002
    endloop
  endfacet
  facet normal -6.907821e-002  8.439634e-001  5.319340e-001
    outer loop
      vertex -3.157641e-001  2.006273e-002  6.870470e-002
      vertex -2.882949e-001  2.589624e-002  6.301652e-002
      vertex -3.161363e-001  2.361743e-002  6.301652e-002
    endloop
  endfacet
  facet normal -7.700122e-002  9.407630e-001  3.302057e-001
    outer loop
      vertex -3.161363e-001  2.361743e-002  6.301652e-002
      vertex -2.882949e-001  2.589624e-002  6.301652e-002
      vertex -2.884265e-001  2.811110e-002  5.667563e-002
    endloop
  endfacet
  facet normal -7.700186e-002  9.407638e-001  3.302035e-001
    outer loop
      vertex -3.161363e-001  2.361743e-002  6.301652e-002
      vertex -2.884265e-001  2.811110e-002  5.667563e-002
      vertex -3.163673e-001  2.582414e-002  5.667563e-002
    endloop
  endfacet
  facet normal -1.993067e-002  5.317495e-001  8.466671e-001
    outer loop
      vertex -2.600817e-001  1.862551e-002  7.345495e-002
      vertex -2.874633e-001  1.190839e-002  7.702907e-002
      vertex -2.599923e-001  1.293803e-002  7.702907e-002
    endloop
  endfacet
  facet normal -1.237326e-002  3.301183e-001  9.438585e-001
    outer loop
      vertex -2.599923e-001  1.293803e-002  7.702907e-002
      vertex -2.874633e-001  1.190839e-002  7.702907e-002
      vertex -2.870870e-001  5.578681e-003  7.924785e-002
    endloop
  endfacet
  facet normal -1.237290e-002  3.301171e-001  9.438589e-001
    outer loop
      vertex -2.599923e-001  1.293803e-002  7.702907e-002
      vertex -2.870870e-001  5.578681e-003  7.924785e-002
      vertex -2.598927e-001  6.597932e-003  7.924785e-002
    endloop
  endfacet
  facet normal -4.194498e-003  1.119120e-001  9.937093e-001
    outer loop
      vertex -2.598927e-001  6.597932e-003  7.924785e-002
      vertex -2.870870e-001  5.578681e-003  7.924785e-002
      vertex -2.866908e-001 -1.085180e-003  8.000001e-002
    endloop
  endfacet
  facet normal -4.194366e-003  1.119115e-001  9.937093e-001
    outer loop
      vertex -2.598927e-001  6.597932e-003  7.924785e-002
      vertex -2.866908e-001 -1.085180e-003  8.000001e-002
      vertex -2.597878e-001 -7.687238e-005  8.000001e-002
    endloop
  endfacet
  facet normal -1.993113e-002  5.317510e-001  8.466662e-001
    outer loop
      vertex -2.874633e-001  1.190839e-002  7.702907e-002
      vertex -2.600817e-001  1.862551e-002  7.345495e-002
      vertex -2.878008e-001  1.758654e-002  7.345495e-002
    endloop
  endfacet
  facet normal -2.648834e-002  7.066936e-001  7.070236e-001
    outer loop
      vertex -2.878008e-001  1.758654e-002  7.345495e-002
      vertex -2.600817e-001  1.862551e-002  7.345495e-002
      vertex -2.601563e-001  2.337518e-002  6.870470e-002
    endloop
  endfacet
  facet normal -2.648895e-002  7.066953e-001  7.070221e-001
    outer loop
      vertex -2.878008e-001  1.758654e-002  7.345495e-002
      vertex -2.601563e-001  2.337518e-002  6.870470e-002
      vertex -2.880827e-001  2.232842e-002  6.870470e-002
    endloop
  endfacet
  facet normal -3.171748e-002  8.461867e-001  5.319418e-001
    outer loop
      vertex -2.880827e-001  2.232842e-002  6.870470e-002
      vertex -2.601563e-001  2.337518e-002  6.870470e-002
      vertex -2.602125e-001  2.694886e-002  6.301652e-002
    endloop
  endfacet
  facet normal -3.171790e-002  8.461876e-001  5.319404e-001
    outer loop
      vertex -2.880827e-001  2.232842e-002  6.870470e-002
      vertex -2.602125e-001  2.694886e-002  6.301652e-002
      vertex -2.882949e-001  2.589624e-002  6.301652e-002
    endloop
  endfacet
  facet normal -3.535596e-002  9.432455e-001  3.302092e-001
    outer loop
      vertex -2.882949e-001  2.589624e-002  6.301652e-002
      vertex -2.602125e-001  2.694886e-002  6.301652e-002
      vertex -2.602473e-001  2.916736e-002  5.667563e-002
    endloop
  endfacet
  facet normal -3.535620e-002  9.432458e-001  3.302083e-001
    outer loop
      vertex -2.882949e-001  2.589624e-002  6.301652e-002
      vertex -2.602473e-001  2.916736e-002  5.667563e-002
      vertex -2.884265e-001  2.811110e-002  5.667563e-002
    endloop
  endfacet
  facet normal  0.000000e+000  0.000000e+000  1.000000e+000
    outer loop
      vertex  8.045854e-002  1.237839e-001  1.450004e+000
      vertex  3.103019e-002  1.237849e-001  1.450004e+000
      vertex  2.515588e-002  1.227732e-001  1.450004e+000
    endloop
  endfacet
  facet normal  0.000000e+000  0.000000e+000  1.000000e+000
    outer loop
      vertex  1.427532e-001  1.128940e-001  1.450004e+000
      vertex  1.194412e-001  1.178362e-001  1.450004e+000
      vertex  3.130050e-003  1.146758e-001  1.450004e+000
    endloop
  endfacet
  facet normal  0.000000e+000  0.000000e+000  1.000000e+000
    outer loop
      vertex  1.427532e-001  1.128940e-001  1.450004e+000
      vertex  3.130050e-003  1.146758e-001  1.450004e+000
      vertex  1.621243e-003  1.133030e-001  1.450004e+000
    endloop
  endfacet
  facet normal  0.000000e+000  0.000000e+000  1.000000e+000
    outer loop
      vertex  1.427532e-001  1.128940e-001  1.450004e+000
      vertex  1.621243e-003  1.133030e-001  1.450004e+000
      vertex  9.154941e-004  1.121806e-001  1.450004e+000
    endloop
  endfacet
  facet normal  -0.000000e+000  0.000000e+000  1.000000e+000
    outer loop
      vertex  1.427532e-001  1.128940e-001  1.450004e+000
      vertex  9.154941e-004  1.121806e-001  1.450004e+000
      vertex  6.750000e-004  1.110002e-001  1.450004e+000
    endloop
  endfacet
  facet normal  -0.000000e+000  0.000000e+000  1.000000e+000
    outer loop
      vertex  1.427532e-001  1.128940e-001  1.450004e+000
      vertex  6.750000e-004  1.110002e-001  1.450004e+000
      vertex  9.456956e-004  1.097585e-001  1.450004e+000
    endloop
  endfacet
  facet normal  -0.000000e+000  0.000000e+000  1.000000e+000
    outer loop
      vertex  1.427532e-001  1.128940e-001  1.450004e+000
      vertex  9.456956e-004  1.097585e-001  1.450004e+000
      vertex  1.699514e-003  1.085389e-001  1.450004e+000
    endloop
  endfacet
  facet normal  -0.000000e+000  0.000000e+000  9.999999e-001
    outer loop
      vertex  1.427532e-001  1.128940e-001  1.450004e+000
      vertex  1.699514e-003  1.085389e-001  1.450004e+000
      vertex  2.973129e-003  1.072798e-001  1.450004e+000
    endloop
  endfacet
  facet normal  -0.000000e+000  0.000000e+000  9.999999e-001
    outer loop
      vertex  1.427532e-001  1.128940e-001  1.450004e+000
      vertex  2.973129e-003  1.072798e-001  1.450004e+000
      vertex  6.190221e-003  1.052916e-001  1.450004e+000
    endloop
  endfacet
  facet normal  -0.000000e+000  0.000000e+000  1.000000e+000
    outer loop
      vertex  1.427532e-001  1.128940e-001  1.450004e+000
      vertex  6.190221e-003  1.052916e-001  1.450004e+000
      vertex  8.194642e-003  1.044743e-001  1.450004e+000
    endloop
  endfacet
  facet normal  -0.000000e+000  0.000000e+000  1.000000e+000
    outer loop
      vertex  1.427532e-001  1.128940e-001  1.450004e+000
      vertex  8.194642e-003  1.044743e-001  1.450004e+000
      vertex  1.196884e-002  1.033498e-001  1.450004e+000
    endloop
  endfacet
  facet normal  -0.000000e+000  0.000000e+000  1.000000e+000
    outer loop
      vertex  1.427532e-001  1.128940e-001  1.450004e+000
      vertex  1.196884e-002  1.033498e-001  1.450004e+000
      vertex  3.138931e-002  9.951901e-002  1.450004e+000
    endloop
  endfacet
  facet normal  0.000000e+000  0.000000e+000  1.000000e+000
    outer loop
      vertex  1.427532e-001  1.128940e-001  1.450004e+000
      vertex  3.138931e-002  9.951901e-002  1.450004e+000
      vertex  1.892620e-001  1.013616e-001  1.450004e+000
    endloop
  endfacet
  facet normal  0.000000e+000  -0.000000e+000  1.000000e+000
    outer loop
      vertex  1.647976e-001  8.982405e-002  1.450004e+000
      vertex  1.884060e-001  8.911949e-002  1.450004e+000
      vertex  2.357709e-001  8.982922e-002  1.450004e+000
    endloop
  endfacet
  facet normal  0.000000e+000  0.000000e+000  1.000000e+000
    outer loop
      vertex  2.357709e-001  8.982922e-002  1.450004e+000
      vertex  1.884060e-001  8.911949e-002  1.450004e+000
      vertex  2.120473e-001  8.888579e-002  1.450004e+000
    endloop
  endfacet
  facet normal  0.000000e+000  0.000000e+000  1.000000e+000
    outer loop
      vertex  2.357709e-001  8.982922e-002  1.450004e+000
      vertex  2.120473e-001  8.888579e-002  1.450004e+000
      vertex  2.238795e-001  8.893374e-002  1.450004e+000
    endloop
  endfacet
  facet normal  0.000000e+000  -0.000000e+000  1.000000e+000
    outer loop
      vertex  1.177126e-001  9.311655e-002  1.450004e+000
      vertex  1.412551e-001  9.147030e-002  1.450004e+000
      vertex  2.124918e-001  9.524227e-002  1.450004e+000
    endloop
  endfacet
  facet normal  0.000000e+000  0.000000e+000  1.000000e+000
    outer loop
      vertex  2.124918e-001  9.524227e-002  1.450004e+000
      vertex  1.412551e-001  9.147030e-002  1.450004e+000
      vertex  1.647976e-001  8.982405e-002  1.450004e+000
    endloop
  endfacet
  facet normal  0.000000e+000  0.000000e+000  1.000000e+000
    outer loop
      vertex  2.124918e-001  9.524227e-002  1.450004e+000
      vertex  1.647976e-001  8.982405e-002  1.450004e+000
      vertex  2.357709e-001  8.982922e-002  1.450004e+000
    endloop
  endfacet
  facet normal  0.000000e+000  0.000000e+000  1.000000e+000
    outer loop
      vertex  1.177126e-001  9.311655e-002  1.450004e+000
      vertex  2.124918e-001  9.524227e-002  1.450004e+000
      vertex  9.417009e-002  9.476281e-002  1.450004e+000
    endloop
  endfacet
  facet normal  0.000000e+000  0.000000e+000  1.000000e+000
    outer loop
      vertex  9.417009e-002  9.476281e-002  1.450004e+000
      vertex  2.124918e-001  9.524227e-002  1.450004e+000
      vertex  1.892620e-001  1.013616e-001  1.450004e+000
    endloop
  endfacet
  facet normal  0.000000e+000  0.000000e+000  1.000000e+000
    outer loop
      vertex  9.417009e-002  9.476281e-002  1.450004e+000
      vertex  1.892620e-001  1.013616e-001  1.450004e+000
      vertex  7.062758e-002  9.640906e-002  1.450004e+000
    endloop
  endfacet
  facet normal  0.000000e+000  -0.000000e+000  1.000000e+000
    outer loop
      vertex  7.062758e-002  9.640906e-002  1.450004e+000
      vertex  1.892620e-001  1.013616e-001  1.450004e+000
      vertex  3.138931e-002  9.951901e-002  1.450004e+000
    endloop
  endfacet
  facet normal  0.000000e+000  0.000000e+000  9.999999e-001
    outer loop
      vertex  7.062758e-002  9.640906e-002  1.450004e+000
      vertex  3.138931e-002  9.951901e-002  1.450004e+000
      vertex  4.708506e-002  9.805531e-002  1.450004e+000
    endloop
  endfacet
  facet normal  0.000000e+000  0.000000e+000  1.000000e+000
    outer loop
      vertex  3.130050e-003  1.146758e-001  1.450004e+000
      vertex  1.194412e-001  1.178362e-001  1.450004e+000
      vertex  7.005116e-003  1.169452e-001  1.450004e+000
    endloop
  endfacet
  facet normal  0.000000e+000  0.000000e+000  1.000000e+000
    outer loop
      vertex  7.005116e-003  1.169452e-001  1.450004e+000
      vertex  1.194412e-001  1.178362e-001  1.450004e+000
      vertex  9.605505e-002  1.217190e-001  1.450004e+000
    endloop
  endfacet
  facet normal  0.000000e+000  0.000000e+000  1.000000e+000
    outer loop
      vertex  7.005116e-003  1.169452e-001  1.450004e+000
      vertex  9.605505e-002  1.217190e-001  1.450004e+000
      vertex  1.310476e-002  1.195941e-001  1.450004e+000
    endloop
  endfacet
  facet normal  0.000000e+000  0.000000e+000  1.000000e+000
    outer loop
      vertex  1.310476e-002  1.195941e-001  1.450004e+000
      vertex  9.605505e-002  1.217190e-001  1.450004e+000
      vertex  1.913855e-002  1.213014e-001  1.450004e+000
    endloop
  endfacet
  facet normal  0.000000e+000  0.000000e+000  1.000000e+000
    outer loop
      vertex  1.913855e-002  1.213014e-001  1.450004e+000
      vertex  9.605505e-002  1.217190e-001  1.450004e+000
      vertex  8.045854e-002  1.237839e-001  1.450004e+000
    endloop
  endfacet
  facet normal  0.000000e+000  0.000000e+000  1.000000e+000
    outer loop
      vertex  1.913855e-002  1.213014e-001  1.450004e+000
      vertex  8.045854e-002  1.237839e-001  1.450004e+000
      vertex  2.515588e-002  1.227732e-001  1.450004e+000
    endloop
  endfacet
  facet normal  0.000000e+000  0.000000e+000  9.999999e-001
    outer loop
      vertex  4.894533e-002  1.246584e-001  1.450004e+000
      vertex  3.709176e-002  1.243043e-001  1.450004e+000
      vertex  6.466722e-002  1.247181e-001  1.450004e+000
    endloop
  endfacet
  facet normal  0.000000e+000  0.000000e+000  1.000000e+000
    outer loop
      vertex  6.466722e-002  1.247181e-001  1.450004e+000
      vertex  3.709176e-002  1.243043e-001  1.450004e+000
      vertex  3.103019e-002  1.237849e-001  1.450004e+000
    endloop
  endfacet
  facet normal  -0.000000e+000  0.000000e+000  1.000000e+000
    outer loop
      vertex  6.466722e-002  1.247181e-001  1.450004e+000
      vertex  3.103019e-002  1.237849e-001  1.450004e+000
      vertex  8.045854e-002  1.237839e-001  1.450004e+000
    endloop
  endfacet
  facet normal  9.227014e-002 -7.040874e-001 -7.040931e-001
    outer loop
      vertex  1.420243e+000  9.536580e-003  5.297198e-001
      vertex  1.416458e+000  1.008793e-002  5.286725e-001
      vertex  1.417066e+000  5.283162e-001  1.052799e-002
    endloop
  endfacet
  facet normal  8.708900e-002 -7.044142e-001 -7.044260e-001
    outer loop
      vertex  1.410762e+000  5.269291e-001  1.113578e-002
      vertex  1.417066e+000  5.283162e-001  1.052799e-002
      vertex  1.416458e+000  1.008793e-002  5.286725e-001
    endloop
  endfacet
  facet normal  8.424824e-002 -7.046028e-001 -7.045830e-001
    outer loop
      vertex  1.416458e+000  1.008793e-002  5.286725e-001
      vertex  1.408334e+000  1.093503e-002  5.268540e-001
      vertex  1.410762e+000  5.269291e-001  1.113578e-002
    endloop
  endfacet
  facet normal -3.101641e-003 -7.071468e-001 -7.070599e-001
    outer loop
      vertex  1.368353e+000  1.109754e-002  5.235935e-001
      vertex  1.354666e+000  1.020615e-002  5.245450e-001
      vertex  1.356552e+000  5.245971e-001  1.008261e-002
    endloop
  endfacet
  facet normal -4.244763e-001 -6.402035e-001 -6.402807e-001
    outer loop
      vertex  1.337263e+000  5.289646e-001  8.676190e-003
      vertex  1.335813e+000  9.369412e-003  5.291700e-001
      vertex  1.335583e+000  5.298898e-001  8.864421e-003
    endloop
  endfacet
  facet normal  7.438259e-001 -4.726114e-001 -4.726114e-001
    outer loop
      vertex  1.425000e+000  5.306459e-001  9.354143e-003
      vertex  1.425000e+000  8.682774e-003  5.313172e-001
      vertex  1.424914e+000  5.305555e-001  9.309185e-003
    endloop
  endfacet
  facet normal  7.441482e-001 -4.723576e-001 -4.723577e-001
    outer loop
      vertex  1.424914e+000  5.305555e-001  9.309185e-003
      vertex  1.425000e+000  8.682774e-003  5.313172e-001
      vertex  1.424914e+000  8.643866e-003  5.312210e-001
    endloop
  endfacet
  facet normal  3.246101e-001 -6.688155e-001 -6.688155e-001
    outer loop
      vertex  1.424914e+000  5.305555e-001  9.309185e-003
      vertex  1.424914e+000  8.643866e-003  5.312210e-001
      vertex  1.424756e+000  5.304756e-001  9.312372e-003
    endloop
  endfacet
  facet normal  3.172397e-001 -6.705827e-001 -6.705802e-001
    outer loop
      vertex  1.424756e+000  5.304756e-001  9.312372e-003
      vertex  1.424914e+000  8.643866e-003  5.312210e-001
      vertex  1.424749e+000  8.653545e-003  5.311329e-001
    endloop
  endfacet
  facet normal  1.055278e-002 -7.070665e-001 -7.070683e-001
    outer loop
      vertex  1.424756e+000  5.304756e-001  9.312372e-003
      vertex  1.424749e+000  8.653545e-003  5.311329e-001
      vertex  1.424470e+000  5.303984e-001  9.385246e-003
    endloop
  endfacet
  facet normal  1.106878e-002 -7.070625e-001 -7.070645e-001
    outer loop
      vertex  1.424470e+000  5.303984e-001  9.385246e-003
      vertex  1.424749e+000  8.653545e-003  5.311329e-001
      vertex  1.424484e+000  8.725344e-003  5.310571e-001
    endloop
  endfacet
  facet normal  1.790606e-002 -7.069923e-001 -7.069945e-001
    outer loop
      vertex  1.424470e+000  5.303984e-001  9.385246e-003
      vertex  1.424484e+000  8.725344e-003  5.310571e-001
      vertex  1.423520e+000  5.301452e-001  9.614434e-003
    endloop
  endfacet
  facet normal  2.646188e-002 -7.068502e-001 -7.068682e-001
    outer loop
      vertex  1.423520e+000  5.301452e-001  9.614434e-003
      vertex  1.424484e+000  8.725344e-003  5.310571e-001
      vertex  1.423474e+000  8.979919e-003  5.307647e-001
    endloop
  endfacet
  facet normal  1.910180e-001 -6.940849e-001 -6.940881e-001
    outer loop
      vertex  1.423520e+000  5.301452e-001  9.614434e-003
      vertex  1.423474e+000  8.979919e-003  5.307647e-001
      vertex  1.422425e+000  5.297323e-001  9.725802e-003
    endloop
  endfacet
  facet normal  1.953363e-001 -6.934792e-001 -6.934913e-001
    outer loop
      vertex  1.422425e+000  5.297323e-001  9.725802e-003
      vertex  1.423474e+000  8.979919e-003  5.307647e-001
      vertex  1.422472e+000  9.102755e-003  5.303595e-001
    endloop
  endfacet
  facet normal  4.923133e-002 -7.062500e-001 -7.062488e-001
    outer loop
      vertex  1.422425e+000  5.297323e-001  9.725802e-003
      vertex  1.422472e+000  9.102755e-003  5.303595e-001
      vertex  1.420641e+000  5.292684e-001  1.006540e-002
    endloop
  endfacet
  facet normal  6.519158e-002 -7.055750e-001 -7.056301e-001
    outer loop
      vertex  1.420641e+000  5.292684e-001  1.006540e-002
      vertex  1.422472e+000  9.102755e-003  5.303595e-001
      vertex  1.420243e+000  9.536580e-003  5.297198e-001
    endloop
  endfacet
  facet normal  9.636309e-002 -7.038006e-001 -7.038316e-001
    outer loop
      vertex  1.420641e+000  5.292684e-001  1.006540e-002
      vertex  1.420243e+000  9.536580e-003  5.297198e-001
      vertex  1.417066e+000  5.283162e-001  1.052799e-002
    endloop
  endfacet
  facet normal  7.510459e-002 -7.050979e-001 -7.051215e-001
    outer loop
      vertex  1.410762e+000  5.269291e-001  1.113578e-002
      vertex  1.408334e+000  1.093503e-002  5.268540e-001
      vertex  1.397692e+000  5.249258e-001  1.174686e-002
    endloop
  endfacet
  facet normal  7.205959e-002 -7.052884e-001 -7.052486e-001
    outer loop
      vertex  1.397692e+000  5.249258e-001  1.174686e-002
      vertex  1.408334e+000  1.093503e-002  5.268540e-001
      vertex  1.394148e+000  1.161540e-002  5.247241e-001
    endloop
  endfacet
  facet normal  5.931502e-002 -7.058375e-001 -7.058861e-001
    outer loop
      vertex  1.397692e+000  5.249258e-001  1.174686e-002
      vertex  1.394148e+000  1.161540e-002  5.247241e-001
      vertex  1.382807e+000  5.237710e-001  1.165086e-002
    endloop
  endfacet
  facet normal  5.431866e-002 -7.060940e-001 -7.060317e-001
    outer loop
      vertex  1.382807e+000  5.237710e-001  1.165086e-002
      vertex  1.394148e+000  1.161540e-002  5.247241e-001
      vertex  1.378966e+000  1.153258e-002  5.236389e-001
    endloop
  endfacet
  facet normal  3.746766e-002 -7.065781e-001 -7.066425e-001
    outer loop
      vertex  1.382807e+000  5.237710e-001  1.165086e-002
      vertex  1.378966e+000  1.153258e-002  5.236389e-001
      vertex  1.369951e+000  5.236780e-001  1.106213e-002
    endloop
  endfacet
  facet normal  3.199566e-002 -7.067608e-001 -7.067288e-001
    outer loop
      vertex  1.369951e+000  5.236780e-001  1.106213e-002
      vertex  1.378966e+000  1.153258e-002  5.236389e-001
      vertex  1.368353e+000  1.109754e-002  5.235935e-001
    endloop
  endfacet
  facet normal  3.192845e-003 -7.070743e-001 -7.071321e-001
    outer loop
      vertex  1.369951e+000  5.236780e-001  1.106213e-002
      vertex  1.368353e+000  1.109754e-002  5.235935e-001
      vertex  1.356552e+000  5.245971e-001  1.008261e-002
    endloop
  endfacet
  facet normal -5.066666e-002 -7.061548e-001 -7.062424e-001
    outer loop
      vertex  1.356552e+000  5.245971e-001  1.008261e-002
      vertex  1.354666e+000  1.020615e-002  5.245450e-001
      vertex  1.346814e+000  5.261361e-001  9.242423e-003
    endloop
  endfacet
  facet normal -5.583117e-002 -7.059996e-001 -7.060082e-001
    outer loop
      vertex  1.346814e+000  5.261361e-001  9.242423e-003
      vertex  1.354666e+000  1.020615e-002  5.245450e-001
      vertex  1.346962e+000  9.623177e-003  5.257373e-001
    endloop
  endfacet
  facet normal -1.269145e-001 -7.013949e-001 -7.013830e-001
    outer loop
      vertex  1.346814e+000  5.261361e-001  9.242423e-003
      vertex  1.346962e+000  9.623177e-003  5.257373e-001
      vertex  1.340487e+000  5.277621e-001  8.761219e-003
    endloop
  endfacet
  facet normal -1.211748e-001 -7.018657e-001 -7.019268e-001
    outer loop
      vertex  1.340487e+000  5.277621e-001  8.761219e-003
      vertex  1.346962e+000  9.623177e-003  5.257373e-001
      vertex  1.341063e+000  9.241566e-003  5.271372e-001
    endloop
  endfacet
  facet normal -2.380329e-001 -6.868189e-001 -6.867461e-001
    outer loop
      vertex  1.340487e+000  5.277621e-001  8.761219e-003
      vertex  1.341063e+000  9.241566e-003  5.271372e-001
      vertex  1.337263e+000  5.289646e-001  8.676190e-003
    endloop
  endfacet
  facet normal -2.233199e-001 -6.892285e-001 -6.892694e-001
    outer loop
      vertex  1.337263e+000  5.289646e-001  8.676190e-003
      vertex  1.341063e+000  9.241566e-003  5.271372e-001
      vertex  1.337486e+000  9.183687e-003  5.283540e-001
    endloop
  endfacet
  facet normal -3.898986e-001 -6.511638e-001 -6.511257e-001
    outer loop
      vertex  1.337263e+000  5.289646e-001  8.676190e-003
      vertex  1.337486e+000  9.183687e-003  5.283540e-001
      vertex  1.335813e+000  9.369412e-003  5.291700e-001
    endloop
  endfacet
  facet normal -7.036370e-001 -5.024929e-001 -5.023901e-001
    outer loop
      vertex  1.335583e+000  5.298898e-001  8.864421e-003
      vertex  1.335813e+000  9.369412e-003  5.291700e-001
      vertex  1.335144e+000  5.302975e-001  9.071887e-003
    endloop
  endfacet
  facet normal -6.431224e-001 -5.414580e-001 -5.414951e-001
    outer loop
      vertex  1.335144e+000  5.302975e-001  9.071887e-003
      vertex  1.335813e+000  9.369412e-003  5.291700e-001
      vertex  1.335188e+000  9.630639e-003  5.296507e-001
    endloop
  endfacet
  facet normal -9.515846e-001 -2.173773e-001 -2.173335e-001
    outer loop
      vertex  1.335144e+000  5.302975e-001  9.071887e-003
      vertex  1.335188e+000  9.630639e-003  5.296507e-001
      vertex  1.335000e+000  5.306459e-001  9.354143e-003
    endloop
  endfacet
  facet normal -8.777093e-001 -3.387655e-001 -3.389162e-001
    outer loop
      vertex  1.335000e+000  5.306459e-001  9.354143e-003
      vertex  1.335188e+000  9.630639e-003  5.296507e-001
      vertex  1.335040e+000  9.803483e-003  5.298613e-001
    endloop
  endfacet
  facet normal -9.860310e-001 -1.177769e-001 -1.177769e-001
    outer loop
      vertex  1.335000e+000  5.306459e-001  9.354143e-003
      vertex  1.335040e+000  9.803483e-003  5.298613e-001
      vertex  1.335000e+000  9.974019e-003  5.300260e-001
    endloop
  endfacet
  facet normal -2.262711e-001  6.888160e-001  6.887191e-001
    outer loop
      vertex  1.337456e+000  5.313278e-001  1.112101e-002
      vertex  1.339691e+000  1.262824e-002  5.306280e-001
      vertex  1.340913e+000  5.312136e-001  1.237114e-002
    endloop
  endfacet
  facet normal -1.443058e-001  6.996539e-001  6.997572e-001
    outer loop
      vertex  1.340913e+000  5.312136e-001  1.237114e-002
      vertex  1.339691e+000  1.262824e-002  5.306280e-001
      vertex  1.345388e+000  1.413641e-002  5.302948e-001
    endloop
  endfacet
  facet normal -1.244441e-001  7.016460e-001  7.015744e-001
    outer loop
      vertex  1.340913e+000  5.312136e-001  1.237114e-002
      vertex  1.345388e+000  1.413641e-002  5.302948e-001
      vertex  1.346626e+000  5.307737e-001  1.382445e-002
    endloop
  endfacet
  facet normal  3.519502e-002  7.066196e-001  7.067178e-001
    outer loop
      vertex  1.367604e+000  1.645819e-002  5.288705e-001
      vertex  1.383138e+000  1.616733e-002  5.283877e-001
      vertex  1.378422e+000  5.285038e-001  1.635729e-002
    endloop
  endfacet
  facet normal -9.860209e-001  1.178196e-001  1.178196e-001
    outer loop
      vertex  1.335000e+000  5.306459e-001  9.354143e-003
      vertex  1.335000e+000  9.974019e-003  5.300260e-001
      vertex  1.335040e+000  5.308042e-001  9.530892e-003
    endloop
  endfacet
  facet normal -9.468466e-001  2.274292e-001  2.275028e-001
    outer loop
      vertex  1.335040e+000  5.308042e-001  9.530892e-003
      vertex  1.335000e+000  9.974019e-003  5.300260e-001
      vertex  1.335159e+000  1.036251e-002  5.302997e-001
    endloop
  endfacet
  facet normal -8.779144e-001  3.385812e-001  3.385692e-001
    outer loop
      vertex  1.335040e+000  5.308042e-001  9.530892e-003
      vertex  1.335159e+000  1.036251e-002  5.302997e-001
      vertex  1.335188e+000  5.309618e-001  9.756259e-003
    endloop
  endfacet
  facet normal -6.435294e-001  5.412232e-001  5.412459e-001
    outer loop
      vertex  1.335188e+000  5.309618e-001  9.756259e-003
      vertex  1.335159e+000  1.036251e-002  5.302997e-001
      vertex  1.335811e+000  5.311909e-001  1.026827e-002
    endloop
  endfacet
  facet normal -6.899784e-001  5.118653e-001  5.117848e-001
    outer loop
      vertex  1.335811e+000  5.311909e-001  1.026827e-002
      vertex  1.335159e+000  1.036251e-002  5.302997e-001
      vertex  1.335619e+000  1.079159e-002  5.304900e-001
    endloop
  endfacet
  facet normal -3.915795e-001  6.506016e-001  6.506789e-001
    outer loop
      vertex  1.335811e+000  5.311909e-001  1.026827e-002
      vertex  1.335619e+000  1.079159e-002  5.304900e-001
      vertex  1.337456e+000  5.313278e-001  1.112101e-002
    endloop
  endfacet
  facet normal -4.597577e-001  6.280494e-001  6.278350e-001
    outer loop
      vertex  1.337456e+000  5.313278e-001  1.112101e-002
      vertex  1.335619e+000  1.079159e-002  5.304900e-001
      vertex  1.336670e+000  1.141896e-002  5.306321e-001
    endloop
  endfacet
  facet normal -2.714465e-001  6.805022e-001  6.806126e-001
    outer loop
      vertex  1.337456e+000  5.313278e-001  1.112101e-002
      vertex  1.336670e+000  1.141896e-002  5.306321e-001
      vertex  1.339691e+000  1.262824e-002  5.306280e-001
    endloop
  endfacet
  facet normal -5.900629e-002  7.058314e-001  7.059180e-001
    outer loop
      vertex  1.346626e+000  5.307737e-001  1.382445e-002
      vertex  1.345388e+000  1.413641e-002  5.302948e-001
      vertex  1.354088e+000  5.301257e-001  1.509612e-002
    endloop
  endfacet
  facet normal -6.104306e-002  7.057620e-001  7.058142e-001
    outer loop
      vertex  1.354088e+000  5.301257e-001  1.509612e-002
      vertex  1.345388e+000  1.413641e-002  5.302948e-001
      vertex  1.355016e+000  1.564861e-002  5.296155e-001
    endloop
  endfacet
  facet normal -1.422460e-002  7.070515e-001  7.070190e-001
    outer loop
      vertex  1.354088e+000  5.301257e-001  1.509612e-002
      vertex  1.355016e+000  1.564861e-002  5.296155e-001
      vertex  1.362914e+000  5.294147e-001  1.598480e-002
    endloop
  endfacet
  facet normal -3.622687e-003  7.070369e-001  7.071675e-001
    outer loop
      vertex  1.362914e+000  5.294147e-001  1.598480e-002
      vertex  1.355016e+000  1.564861e-002  5.296155e-001
      vertex  1.367604e+000  1.645819e-002  5.288705e-001
    endloop
  endfacet
  facet normal  2.454341e-002  7.069572e-001  7.068303e-001
    outer loop
      vertex  1.362914e+000  5.294147e-001  1.598480e-002
      vertex  1.367604e+000  1.645819e-002  5.288705e-001
      vertex  1.378422e+000  5.285038e-001  1.635729e-002
    endloop
  endfacet
  facet normal  5.361468e-002  7.061256e-001  7.060539e-001
    outer loop
      vertex  1.378422e+000  5.285038e-001  1.635729e-002
      vertex  1.383138e+000  1.616733e-002  5.283877e-001
      vertex  1.393712e+000  5.282071e-001  1.549304e-002
    endloop
  endfacet
  facet normal  5.658910e-002  7.059787e-001  7.059686e-001
    outer loop
      vertex  1.393712e+000  5.282071e-001  1.549304e-002
      vertex  1.383138e+000  1.616733e-002  5.283877e-001
      vertex  1.392941e+000  1.535597e-002  5.284134e-001
    endloop
  endfacet
  facet normal  7.167371e-002  7.052819e-001  7.052945e-001
    outer loop
      vertex  1.393712e+000  5.282071e-001  1.549304e-002
      vertex  1.392941e+000  1.535597e-002  5.284134e-001
      vertex  1.408044e+000  5.286700e-001  1.357378e-002
    endloop
  endfacet
  facet normal  6.973083e-002  7.054080e-001  7.053632e-001
    outer loop
      vertex  1.408044e+000  5.286700e-001  1.357378e-002
      vertex  1.392941e+000  1.535597e-002  5.284134e-001
      vertex  1.405256e+000  1.363905e-002  5.289129e-001
    endloop
  endfacet
  facet normal  8.432189e-002  7.045711e-001  7.046058e-001
    outer loop
      vertex  1.408044e+000  5.286700e-001  1.357378e-002
      vertex  1.405256e+000  1.363905e-002  5.289129e-001
      vertex  1.416592e+000  5.294193e-001  1.180150e-002
    endloop
  endfacet
  facet normal  8.272310e-002  7.046837e-001  7.046829e-001
    outer loop
      vertex  1.416592e+000  5.294193e-001  1.180150e-002
      vertex  1.405256e+000  1.363905e-002  5.289129e-001
      vertex  1.416569e+000  1.124107e-002  5.299828e-001
    endloop
  endfacet
  facet normal  9.254296e-002  7.040725e-001  7.040722e-001
    outer loop
      vertex  1.416592e+000  5.294193e-001  1.180150e-002
      vertex  1.416569e+000  1.124107e-002  5.299828e-001
      vertex  1.420281e+000  5.298931e-001  1.084277e-002
    endloop
  endfacet
  facet normal  8.909452e-002  7.043074e-001  7.042822e-001
    outer loop
      vertex  1.420281e+000  5.298931e-001  1.084277e-002
      vertex  1.416569e+000  1.124107e-002  5.299828e-001
      vertex  1.421799e+000  9.787087e-003  5.307754e-001
    endloop
  endfacet
  facet normal  6.525760e-002  7.055771e-001  7.056219e-001
    outer loop
      vertex  1.420281e+000  5.298931e-001  1.084277e-002
      vertex  1.421799e+000  9.787087e-003  5.307754e-001
      vertex  1.422274e+000  5.302438e-001  1.030786e-002
    endloop
  endfacet
  facet normal  1.714643e-001  6.965637e-001  6.967058e-001
    outer loop
      vertex  1.422274e+000  5.302438e-001  1.030786e-002
      vertex  1.421799e+000  9.787087e-003  5.307754e-001
      vertex  1.423466e+000  5.303811e-001  9.877059e-003
    endloop
  endfacet
  facet normal  1.058519e-001  7.031701e-001  7.030982e-001
    outer loop
      vertex  1.423466e+000  5.303811e-001  9.877059e-003
      vertex  1.421799e+000  9.787087e-003  5.307754e-001
      vertex  1.424254e+000  8.980270e-003  5.312126e-001
    endloop
  endfacet
  facet normal  2.699907e-002  7.068251e-001  7.068728e-001
    outer loop
      vertex  1.423466e+000  5.303811e-001  9.877059e-003
      vertex  1.424254e+000  8.980270e-003  5.312126e-001
      vertex  1.424497e+000  5.306232e-001  9.595622e-003
    endloop
  endfacet
  facet normal  4.173593e-003  7.070820e-001  7.071192e-001
    outer loop
      vertex  1.424497e+000  5.306232e-001  9.595622e-003
      vertex  1.424254e+000  8.980270e-003  5.312126e-001
      vertex  1.424725e+000  5.306823e-001  9.535193e-003
    endloop
  endfacet
  facet normal -3.930448e-002  7.065614e-001  7.065593e-001
    outer loop
      vertex  1.424725e+000  5.306823e-001  9.535193e-003
      vertex  1.424254e+000  8.980270e-003  5.312126e-001
      vertex  1.424717e+000  8.863835e-003  5.313548e-001
    endloop
  endfacet
  facet normal  2.197451e-001  6.898223e-001  6.898242e-001
    outer loop
      vertex  1.424725e+000  5.306823e-001  9.535193e-003
      vertex  1.424717e+000  8.863835e-003  5.313548e-001
      vertex  1.424860e+000  5.306963e-001  9.478271e-003
    endloop
  endfacet
  facet normal  2.138850e-001  6.907434e-001  6.907437e-001
    outer loop
      vertex  1.424860e+000  5.306963e-001  9.478271e-003
      vertex  1.424717e+000  8.863835e-003  5.313548e-001
      vertex  1.424861e+000  8.802687e-003  5.313713e-001
    endloop
  endfacet
  facet normal  6.611618e-001  5.305026e-001  5.305017e-001
    outer loop
      vertex  1.424860e+000  5.306963e-001  9.478271e-003
      vertex  1.424861e+000  8.802687e-003  5.313713e-001
      vertex  1.425000e+000  5.306459e-001  9.354143e-003
    endloop
  endfacet
  facet normal  6.629188e-001  5.294046e-001  5.294046e-001
    outer loop
      vertex  1.425000e+000  5.306459e-001  9.354143e-003
      vertex  1.424861e+000  8.802687e-003  5.313713e-001
      vertex  1.425000e+000  8.682774e-003  5.313172e-001
    endloop
  endfacet
endsolid CATIA STL
